gene,department
A0A0G2JRQ6,Immune
A0A2R8Y747,Signaling
A0A499FJF3,Signaling
A0AAG2SUK6,Translation
A0AAG2SWV4,Transport
A0AAG2SWV4,Ion channel
A0AAG2TTP8,Translation
A0AAQ5BHU3,Nuc acid bind
A0AAQ5BHU3,Structural
A0ABB0MV19,Transport
A0ABB0MV19,Ion channel
A0ABB0MV19,Translation
A0ABJ7H351,Ubiquitin
A1CF,RNA processing
A1CF,Nuc acid bind
A8MVJ9,DNA repair
AAK1,Kinase
AAR2,RNA processing
AARS1,Nuc acid bind
AARS1,Translation
AARS2,Nuc acid bind
AARS2,Translation
AARSD1,Nuc acid bind
AARSD1,Translation
AASS,Transcription
AATF,Nuc acid bind
AATK,Kinase
ABCA1,Transport
ABCA10,Transport
ABCA12,Transport
ABCA13,Transport
ABCA2,Transport
ABCA3,Transport
ABCA4,Transport
ABCA4,GTPase
ABCA5,Transport
ABCA6,Transport
ABCA7,Transport
ABCA8,Transport
ABCA9,Transport
ABCB1,Transport
ABCB10,Transport
ABCB11,Ubiquitin
ABCB11,Transport
ABCB4,Transport
ABCB5,Transport
ABCB6,Transport
ABCB7,Transport
ABCB8,Transport
ABCB8,Ion channel
ABCB9,Transport
ABCC1,Transport
ABCC10,Transport
ABCC10,Immune
ABCC11,Transport
ABCC12,Transport
ABCC2,Transport
ABCC3,Transport
ABCC4,Transport
ABCC5,Transport
ABCC6,Transport
ABCC8,Transport
ABCC9,Transport
ABCD1,Transport
ABCD2,Transport
ABCD3,Transport
ABCD4,Transport
ABCE1,Translation
ABCE1,GTPase
ABCF1,Nuc acid bind
ABCF1,Immune
ABCF1,Translation
ABCG1,Transport
ABCG2,Transport
ABCG4,Transcription
ABCG4,Transport
ABCG5,Transport
ABCG8,Transport
ABHD14B,Transcription
ABHD8,Immune
ABI2,Cytoskeleton
ABI3BP,Structural
ABL1,Transcription
ABL1,Kinase
ABL1,Signaling
ABL1,DNA repair
ABL1,Apoptosis
ABL1,Cell adhesion
ABL2,Kinase
ABL2,Signaling
ABL2,Cell adhesion
ABLIM1,Cytoskeleton
ABLIM2,Cytoskeleton
ABLIM3,Cytoskeleton
ABR,Signaling
ABR,GTPase
ABRA,Transcription
ABRAXAS1,Chromatin
ABRAXAS1,DNA repair
ABRAXAS2,Cell cycle
ABT1,Transcription
ABT1,Nuc acid bind
ABTB1,Translation
ACAA2,Nuc acid bind
ACAN,Proteolysis
ACAN,Structural
ACAN,Cell adhesion
ACE,Proteolysis
ACE2,Transcription
ACE2,Proteolysis
ACER2,DNA repair
ACER3,Immune
ACHE,Cell adhesion
ACIN1,RNA processing
ACIN1,Nuc acid bind
ACIN1,Apoptosis
ACKR1,Signaling
ACKR1,Immune
ACKR2,Signaling
ACKR2,Immune
ACKR3,Signaling
ACKR3,Immune
ACKR3,Cell adhesion
ACKR4,Signaling
ACKR4,Transport
ACKR4,Immune
ACO1,Nuc acid bind
ACOD1,Immune
ACOT11,Signaling
ACP1,Phosphatase
ACR,Proteolysis
ACTA1,Structural
ACTA2,Structural
ACTA2,Cytoskeleton
ACTB,Chromatin
ACTB,Transcription
ACTB,Structural
ACTB,Cytoskeleton
ACTC1,Structural
ACTG1,Structural
ACTG1,Cytoskeleton
ACTG2,Structural
ACTG2,Cytoskeleton
ACTL10,Structural
ACTL10,Cytoskeleton
ACTL6A,Chromatin
ACTL6A,Transcription
ACTL6A,Signaling
ACTL6A,DNA repair
ACTL6B,Chromatin
ACTL6B,Transcription
ACTL6B,Structural
ACTL6B,Cytoskeleton
ACTL7A,Structural
ACTL7A,Cytoskeleton
ACTL7B,Structural
ACTL7B,Cytoskeleton
ACTL9,Structural
ACTL9,Cytoskeleton
ACTMAP,Proteolysis
ACTN2,Cell adhesion
ACTN4,Transcription
ACTN4,Nuc acid bind
ACTR10,Structural
ACTR10,Cytoskeleton
ACTR1A,Transport
ACTR1A,Structural
ACTR1A,Cytoskeleton
ACTR1B,Structural
ACTR1B,Cytoskeleton
ACTR2,Transcription
ACTR2,Structural
ACTR3,Transcription
ACTR3,Structural
ACTR5,Chromatin
ACTR5,Transcription
ACTR5,DNA repair
ACTR6,Chromatin
ACTR6,Transcription
ACTR8,Chromatin
ACTR8,Transcription
ACTR8,Cell cycle
ACTR8,DNA repair
ACTRT1,Transcription
ACTRT1,Structural
ACTRT1,Cytoskeleton
ACTRT2,Structural
ACTRT2,Cytoskeleton
ACTRT3,Structural
ACTRT3,Cytoskeleton
ACVR1,Transcription
ACVR1,Kinase
ACVR1B,Transcription
ACVR1B,Kinase
ACVR1B,Signaling
ACVR1C,Kinase
ACVR1C,Apoptosis
ACVR2A,Transcription
ACVR2A,Kinase
ACVR2B,Transcription
ACVR2B,Kinase
ACVR2B,Signaling
ACVRL1,Transcription
ACVRL1,Kinase
ACVRL1,Signaling
ADA,Cell adhesion
ADA2,Signaling
ADAD1,RNA processing
ADAD1,Nuc acid bind
ADAD2,RNA processing
ADAD2,Nuc acid bind
ADAM10,Proteolysis
ADAM11,Proteolysis
ADAM12,Proteolysis
ADAM12,Cell adhesion
ADAM15,Proteolysis
ADAM15,Immune
ADAM15,Apoptosis
ADAM15,Cell adhesion
ADAM17,Proteolysis
ADAM17,Cell adhesion
ADAM18,Proteolysis
ADAM18,Cell adhesion
ADAM19,Proteolysis
ADAM2,Proteolysis
ADAM2,Cell adhesion
ADAM20,Proteolysis
ADAM21,Proteolysis
ADAM22,Proteolysis
ADAM22,Cell adhesion
ADAM23,Proteolysis
ADAM23,Cell adhesion
ADAM28,Proteolysis
ADAM29,Proteolysis
ADAM30,Proteolysis
ADAM32,Proteolysis
ADAM32,Cell adhesion
ADAM33,Proteolysis
ADAM7,Proteolysis
ADAM8,Proteolysis
ADAM8,Immune
ADAM9,Proteolysis
ADAM9,Cell adhesion
ADAMDEC1,Proteolysis
ADAMDEC1,Immune
ADAMTS1,Proteolysis
ADAMTS10,Proteolysis
ADAMTS12,Proteolysis
ADAMTS13,Proteolysis
ADAMTS14,Proteolysis
ADAMTS15,Proteolysis
ADAMTS16,Proteolysis
ADAMTS17,Proteolysis
ADAMTS18,Proteolysis
ADAMTS19,Proteolysis
ADAMTS2,Proteolysis
ADAMTS20,Proteolysis
ADAMTS3,Proteolysis
ADAMTS4,Proteolysis
ADAMTS5,Proteolysis
ADAMTS6,Proteolysis
ADAMTS7,Proteolysis
ADAMTS8,Transport
ADAMTS8,Proteolysis
ADAMTS9,Transport
ADAMTS9,Proteolysis
ADAMTSL4,Apoptosis
ADAP1,Signaling
ADAR,RNA processing
ADAR,Nuc acid bind
ADAR,Immune
ADARB1,RNA processing
ADARB1,Nuc acid bind
ADARB1,Immune
ADARB2,RNA processing
ADARB2,Nuc acid bind
ADAT1,RNA processing
ADAT1,Nuc acid bind
ADCY1,Signaling
ADCY10,Signaling
ADCY10,Apoptosis
ADCY2,Signaling
ADCY3,Signaling
ADCY4,Signaling
ADCY5,Signaling
ADCY6,Signaling
ADCY7,Signaling
ADCY8,Signaling
ADCY9,Signaling
ADCYAP1,Transcription
ADCYAP1R1,Signaling
ADD1,Nuc acid bind
ADD1,Cytoskeleton
ADD2,Structural
ADD3,Structural
ADD3,Cytoskeleton
ADGB,Proteolysis
ADGRA1,Signaling
ADGRA2,Signaling
ADGRA3,Signaling
ADGRB1,Signaling
ADGRB1,Immune
ADGRB1,Cell adhesion
ADGRB2,Signaling
ADGRB3,Signaling
ADGRD1,Signaling
ADGRD2,Signaling
ADGRE1,Signaling
ADGRE1,Cell adhesion
ADGRE2,Signaling
ADGRE2,Immune
ADGRE2,Cell adhesion
ADGRE3,Signaling
ADGRE4P,Signaling
ADGRE5,Signaling
ADGRE5,Immune
ADGRE5,Cell adhesion
ADGRF1,Signaling
ADGRF2P,Signaling
ADGRF3,Signaling
ADGRF4,Signaling
ADGRF5,Signaling
ADGRG1,Signaling
ADGRG1,Cell adhesion
ADGRG2,Signaling
ADGRG3,Signaling
ADGRG4,Signaling
ADGRG5,Signaling
ADGRG6,Signaling
ADGRG6,Proteolysis
ADGRG7,Signaling
ADGRL1,Signaling
ADGRL2,Signaling
ADGRL3,Signaling
ADGRL4,Signaling
ADGRV1,Signaling
ADIPOQ,Structural
ADIRF,Transcription
ADK,Nuc acid bind
ADM,Signaling
ADM,Immune
ADM2,Kinase
ADNP,Transcription
ADNP2,Transcription
ADORA1,Signaling
ADORA1,Immune
ADORA2A,Transcription
ADORA2A,Signaling
ADORA2A,Immune
ADORA2A,Apoptosis
ADORA2B,Signaling
ADORA3,Signaling
ADORA3,Immune
ADPRS,DNA repair
ADRA1A,Signaling
ADRA1A,Apoptosis
ADRA1B,Signaling
ADRA1D,Signaling
ADRA2A,Signaling
ADRA2B,Signaling
ADRA2C,Signaling
ADRB1,Signaling
ADRB2,Signaling
ADRB3,Signaling
AEBP1,Transcription
AEBP1,Proteolysis
AEBP1,Structural
AEBP2,Chromatin
AEBP2,Transcription
AEN,RNA processing
AEN,DNA repair
AEN,Nuc acid bind
AEN,Apoptosis
AFAP1L2,Immune
AFDN,Signaling
AFDN,Cell adhesion
AFF1,Transcription
AFF2,Transcription
AFF2,RNA processing
AFF2,Nuc acid bind
AFF3,Transcription
AFF4,Transcription
AFG3L2,Proteolysis
AFG3L2,Protein folding
AGA,Proteolysis
AGAP1,GTPase
AGAP11,GTPase
AGAP2,GTPase
AGAP3,GTPase
AGAP4,GTPase
AGAP5,GTPase
AGAP6,GTPase
AGAP7P,GTPase
AGAP9,GTPase
AGBL1,Proteolysis
AGBL2,Proteolysis
AGBL3,Proteolysis
AGBL4,Proteolysis
AGBL5,Proteolysis
AGER,Signaling
AGER,DNA repair
AGER,Nuc acid bind
AGER,Immune
AGFG1,Nuc acid bind
AGGF1,Nuc acid bind
AGGF1,Cell adhesion
AGO1,Transcription
AGO1,Nuc acid bind
AGO2,Transcription
AGO2,Nuc acid bind
AGO2,Translation
AGO3,Nuc acid bind
AGO4,Nuc acid bind
AGR2,Immune
AGRN,Transcription
AGRN,Signaling
AGRN,Structural
AGRN,Cytoskeleton
AGTPBP1,Proteolysis
AGTR1,Signaling
AGTR1,Immune
AGTR2,Signaling
AGTR2,Immune
AHCTF1,Cell cycle
AHCYL1,Nuc acid bind
AHCYL1,Apoptosis
AHDC1,Transcription
AHI1,Transcription
AHI1,Transport
AHNAK,Nuc acid bind
AHR,Transcription
AHR,Apoptosis
AHRR,Transcription
AHSA1,Protein folding
AHSA2P,Protein folding
AHSP,Protein folding
AICDA,RNA processing
AICDA,Nuc acid bind
AIF1,Immune
AIFM1,Apoptosis
AIFM2,Apoptosis
AIFM3,Apoptosis
AIM2,DNA repair
AIM2,Immune
AIMP1,Signaling
AIMP1,Nuc acid bind
AIMP1,Immune
AIMP1,Apoptosis
AIMP1,Translation
AIMP2,Apoptosis
AIMP2,Translation
AIP,Protein folding
AIPL1,Protein folding
AIRE,Transcription
AIRE,Immune
AJAP1,Cell adhesion
AJUBA,Transcription
AJUBA,Cell adhesion
AJUBA,Cytoskeleton
AKAP1,Nuc acid bind
AKAP1,Apoptosis
AKAP10,Signaling
AKAP11,Signaling
AKAP12,Signaling
AKAP13,GTPase
AKAP17A,Transcription
AKAP17A,Signaling
AKAP17A,RNA processing
AKAP17A,Nuc acid bind
AKAP4,Signaling
AKAP5,Signaling
AKAP8,Signaling
AKAP8,Nuc acid bind
AKAP8,Immune
AKAP8L,Transcription
AKAP8L,RNA processing
AKAP8L,Nuc acid bind
AKAP9,Signaling
AKIRIN1,Transcription
AKIRIN2,Transcription
AKIRIN2,Immune
AKNA,Transcription
AKT1,Transcription
AKT1,Kinase
AKT1,Signaling
AKT1,Apoptosis
AKT2,Kinase
AKT2,Signaling
AKT2,Apoptosis
AKT3,Kinase
AKT3,Signaling
AKTIP,Apoptosis
ALCAM,Signaling
ALCAM,Cell adhesion
ALDH18A1,Nuc acid bind
ALDH6A1,Nuc acid bind
ALDOA,Nuc acid bind
ALG12,Protein folding
ALG13,Proteolysis
ALK,Kinase
ALK,Signaling
ALKBH1,DNA repair
ALKBH2,DNA repair
ALKBH3,DNA repair
ALKBH4,Chromatin
ALKBH5,RNA processing
ALKBH5,Nuc acid bind
ALKBH7,DNA repair
ALKBH8,DNA repair
ALKBH8,Nuc acid bind
ALKBH8,Methylation
ALOX15,Immune
ALOX15B,Apoptosis
ALPK1,Immune
ALX1,Transcription
ALX3,Transcription
ALX4,Transcription
ALYREF,RNA processing
ALYREF,Nuc acid bind
AMBN,Signaling
AMBN,Cell adhesion
AMBP,Cell adhesion
AMBRA1,Transcription
AMBRA1,Ubiquitin
AMELX,Signaling
AMELX,Cell adhesion
AMFR,Ubiquitin
AMFR,Signaling
AMHR2,Kinase
AMIGO1,Cell adhesion
AMIGO2,Cell adhesion
AMIGO3,Cell adhesion
AMOT,Transcription
AMOTL2,Transcription
AMTN,Cell adhesion
AMZ1,Proteolysis
AMZ2,Proteolysis
ANAPC1,Cell cycle
ANAPC1,Ubiquitin
ANAPC10,Cell cycle
ANAPC10,Ubiquitin
ANAPC11,Cell cycle
ANAPC11,Ubiquitin
ANAPC13,Cell cycle
ANAPC13,Ubiquitin
ANAPC15,Cell cycle
ANAPC16,Cell cycle
ANAPC16,Ubiquitin
ANAPC2,Cell cycle
ANAPC2,Ubiquitin
ANAPC4,Cell cycle
ANAPC4,Ubiquitin
ANAPC5,Cell cycle
ANAPC5,Ubiquitin
ANAPC7,Cell cycle
ANAPC7,Ubiquitin
ANG,Signaling
ANG,Nuc acid bind
ANG,Immune
ANGEL2,RNA processing
ANGPT2,Signaling
ANGPT4,Signaling
ANGPTL3,Signaling
ANGPTL3,Cell adhesion
ANGPTL8,Signaling
ANHX,Transcription
ANK1,Signaling
ANK1,Structural
ANK1,Cytoskeleton
ANK2,Signaling
ANK2,Structural
ANK2,Cytoskeleton
ANK3,Signaling
ANK3,Structural
ANK3,Cytoskeleton
ANKDD1A,Signaling
ANKDD1B,Signaling
ANKH,Transport
ANKHD1,Nuc acid bind
ANKHD1,Immune
ANKIB1,Ubiquitin
ANKK1,Kinase
ANKLE1,Cell cycle
ANKLE1,DNA repair
ANKLE2,Cell cycle
ANKRD1,Transcription
ANKRD1,Apoptosis
ANKRD17,Nuc acid bind
ANKRD17,Immune
ANKRD2,Transcription
ANKRD23,Transcription
ANKRD53,Cell cycle
ANKRD9,Ubiquitin
ANLN,Cell cycle
ANO1,Ion channel
ANO2,Ion channel
ANO6,Apoptosis
ANO6,Ion channel
ANOS1,Structural
ANOS1,Cell adhesion
ANP32A,Signaling
ANP32A,Nuc acid bind
ANP32E,Chromatin
ANP32E,Protein folding
ANPEP,Proteolysis
ANTKMT,Methylation
ANXA1,Signaling
ANXA1,Immune
ANXA11,Cell cycle
ANXA11,Nuc acid bind
ANXA2,Transcription
ANXA2,Nuc acid bind
ANXA2,Cell adhesion
ANXA2P2,Cell adhesion
ANXA4,Transcription
ANXA4,Signaling
ANXA5,Signaling
ANXA6,Ion channel
ANXA7,Nuc acid bind
ANXA9,Cell adhesion
AOC3,Immune
AOC3,Cell adhesion
AOPEP,Proteolysis
AP1B1,Transport
AP1G1,Transport
AP1G2,Transport
AP1M1,Transport
AP1M2,Transport
AP1S1,Transport
AP1S2,Transport
AP1S3,Transport
AP2A1,Transport
AP2A2,Transport
AP2B1,Transport
AP2M1,Transport
AP2S1,Transport
AP3B1,Transport
AP3B2,Transport
AP3D1,Transport
AP3M1,Transport
AP3M2,Transport
AP3S1,Transport
AP3S2,Transport
AP4B1,Transport
AP4E1,Transport
AP4M1,Transport
AP4S1,Transport
AP5B1,Transport
AP5M1,Transport
AP5S1,DNA repair
AP5S1,Transport
AP5Z1,DNA repair
AP5Z1,Transport
APAF1,Apoptosis
APBA1,Cell adhesion
APBB1,Chromatin
APBB1,Transcription
APBB1,Signaling
APBB1,DNA repair
APBB1,Apoptosis
APBB1IP,Signaling
APBB2,Transcription
APBB2,Signaling
APBB3,Transcription
APC,DNA repair
APC,Apoptosis
APC,Cell adhesion
APC2,Cytoskeleton
APCS,Immune
APCS,Protein folding
APEH,Nuc acid bind
APEH,Proteolysis
APEX1,Transcription
APEX1,DNA repair
APEX1,Nuc acid bind
APEX2,DNA repair
APH1A,Proteolysis
APH1B,Proteolysis
API5,Nuc acid bind
API5,Apoptosis
APIP,Apoptosis
APLF,DNA repair
APLF,Protein folding
APLN,Signaling
APLN,Immune
APLNR,Signaling
APLP1,Apoptosis
APLP1,Cell adhesion
APOA2,Signaling
APOB,Signaling
APOBEC1,RNA processing
APOBEC1,Nuc acid bind
APOBEC2,RNA processing
APOBEC2,Nuc acid bind
APOBEC3A,Nuc acid bind
APOBEC3A,Immune
APOBEC3B,Nuc acid bind
APOBEC3B,Immune
APOBEC3C,Nuc acid bind
APOBEC3C,Immune
APOBEC3D,Nuc acid bind
APOBEC3D,Immune
APOBEC3F,Nuc acid bind
APOBEC3F,Immune
APOBEC3G,Nuc acid bind
APOBEC3G,Immune
APOBEC3H,Nuc acid bind
APOBEC3H,Immune
APOBEC4,RNA processing
APOBR,Transport
APOE,Structural
APOE,Cytoskeleton
APOL1,Immune
APOL3,Immune
APP,Transcription
APP,Apoptosis
APP,Ion channel
APP,Cell adhesion
APPBP2,Ubiquitin
APPL1,Signaling
APPL2,Signaling
APTX,DNA repair
AQP1,Transport
AQP10,Transport
AQP11,Transport
AQP11,Ion channel
AQP12A,Transport
AQP12B,Transport
AQP2,Transport
AQP3,Transport
AQP4,Transport
AQP5,Transport
AQP6,Transport
AQP7,Transport
AQP7B,Transport
AQP8,Transport
AQP9,Transport
AQR,RNA processing
AQR,Nuc acid bind
AR,Transcription
AR,Signaling
ARAF,Kinase
ARAF,Signaling
ARAP1,Signaling
ARAP2,Signaling
ARAP3,Signaling
ARAP3,Transport
ARAP3,Cytoskeleton
ARB2A,RNA processing
ARC,Nuc acid bind
ARC,Structural
ARCN1,Nuc acid bind
ARCN1,Transport
AREL1,Ubiquitin
AREL1,Apoptosis
ARF1,Nuc acid bind
ARF1,Transport
ARF1,GTPase
ARF3,Transport
ARF3,GTPase
ARF4,Transcription
ARF4,Transport
ARF4,GTPase
ARF5,Transport
ARF5,GTPase
ARF6,Cell cycle
ARF6,Transport
ARF6,Cell adhesion
ARF6,GTPase
ARFGAP1,Transport
ARFGAP2,Transport
ARFGAP3,Transport
ARFGEF1,Transport
ARFGEF2,Signaling
ARFGEF3,Transport
ARFIP2,GTPase
ARFRP1,Signaling
ARFRP1,GTPase
ARG1,Immune
ARG2,Immune
ARGFX,Transcription
ARGLU1,RNA processing
ARGLU1,Nuc acid bind
ARHGAP1,Signaling
ARHGAP1,GTPase
ARHGAP10,Signaling
ARHGAP10,Cytoskeleton
ARHGAP11A,Signaling
ARHGAP11B,Signaling
ARHGAP12,Signaling
ARHGAP12,GTPase
ARHGAP15,Signaling
ARHGAP15,GTPase
ARHGAP17,Signaling
ARHGAP18,Signaling
ARHGAP18,GTPase
ARHGAP19,Signaling
ARHGAP20,Signaling
ARHGAP21,Signaling
ARHGAP22,Signaling
ARHGAP23,Signaling
ARHGAP24,Signaling
ARHGAP25,Signaling
ARHGAP26,Signaling
ARHGAP27,Signaling
ARHGAP27,GTPase
ARHGAP28,Signaling
ARHGAP29,Signaling
ARHGAP30,Signaling
ARHGAP30,GTPase
ARHGAP31,Signaling
ARHGAP31,GTPase
ARHGAP32,Signaling
ARHGAP32,GTPase
ARHGAP33,Signaling
ARHGAP33,GTPase
ARHGAP35,Signaling
ARHGAP35,GTPase
ARHGAP36,Signaling
ARHGAP39,Signaling
ARHGAP4,Signaling
ARHGAP4,Cytoskeleton
ARHGAP40,Signaling
ARHGAP42,Signaling
ARHGAP44,Signaling
ARHGAP45,Signaling
ARHGAP5,Signaling
ARHGAP5,Cell adhesion
ARHGAP5,GTPase
ARHGAP6,Signaling
ARHGAP8,Signaling
ARHGAP8,GTPase
ARHGAP9,Signaling
ARHGAP9,GTPase
ARHGDIB,GTPase
ARHGEF1,Nuc acid bind
ARHGEF12,Signaling
ARHGEF18,GTPase
ARHGEF2,Transcription
ARHGEF2,Cell cycle
ARHGEF2,Immune
ARHGEF2,GTPase
ARHGEF28,Nuc acid bind
ARHGEF28,GTPase
ARHGEF3,Signaling
ARHGEF4,Signaling
ARHGEF5,Signaling
ARHGEF6,Apoptosis
ARHGEF7,Signaling
ARHGEF7,Apoptosis
ARID1A,Chromatin
ARID1A,Transcription
ARID1B,Chromatin
ARID1B,Transcription
ARID2,Chromatin
ARID2,Transcription
ARID3A,Transcription
ARID3B,Transcription
ARID3C,Transcription
ARID4A,Chromatin
ARID4A,Transcription
ARID4B,Chromatin
ARID4B,Transcription
ARID5A,Transcription
ARID5A,Nuc acid bind
ARID5A,Immune
ARID5B,Transcription
ARIH1,Ubiquitin
ARIH2,Ubiquitin
ARL1,Transport
ARL1,GTPase
ARL10,GTPase
ARL11,Transport
ARL11,GTPase
ARL13A,GTPase
ARL13B,GTPase
ARL14,Transport
ARL14,GTPase
ARL15,GTPase
ARL16,GTPase
ARL17A,Transport
ARL17A,GTPase
ARL2,Protein folding
ARL2,GTPase
ARL2BP,Signaling
ARL3,Cell cycle
ARL3,GTPase
ARL4A,Transport
ARL4A,GTPase
ARL4C,GTPase
ARL4D,Transport
ARL4D,GTPase
ARL5A,Transport
ARL5A,GTPase
ARL5B,Transport
ARL5B,GTPase
ARL5C,Transport
ARL5C,GTPase
ARL6,Transport
ARL6,GTPase
ARL6IP1,Apoptosis
ARL6IP4,RNA processing
ARL6IP4,Nuc acid bind
ARL6IP5,Apoptosis
ARL8A,Cell cycle
ARL8A,GTPase
ARL8B,Cell cycle
ARL8B,GTPase
ARL9,GTPase
ARMC7,RNA processing
ARNT,Transcription
ARNT2,Transcription
ARPC1B,Structural
ARPC2,Structural
ARPC3,Structural
ARPC4,Structural
ARPC5,Structural
ARPP19,Cell cycle
ARPP21,Nuc acid bind
ARR3,Signaling
ARRB1,Transcription
ARRB1,Ubiquitin
ARRB1,Signaling
ARRB2,Ubiquitin
ARRB2,Signaling
ARRDC1,Ubiquitin
ARRDC4,Ubiquitin
ARTN,Signaling
ARVCF,RNA processing
ARVCF,Cell adhesion
ARX,Transcription
AS3MT,Methylation
ASAH2,Apoptosis
ASB1,Ubiquitin
ASB1,Signaling
ASB10,Ubiquitin
ASB10,Signaling
ASB11,Ubiquitin
ASB11,Signaling
ASB12,Ubiquitin
ASB13,Ubiquitin
ASB13,Signaling
ASB14,Ubiquitin
ASB14,Signaling
ASB15,Ubiquitin
ASB15,Signaling
ASB16,Ubiquitin
ASB16,Signaling
ASB17,Ubiquitin
ASB17,Signaling
ASB18,Ubiquitin
ASB18,Signaling
ASB2,Ubiquitin
ASB2,Signaling
ASB3,Ubiquitin
ASB3,Signaling
ASB4,Ubiquitin
ASB4,Signaling
ASB5,Ubiquitin
ASB5,Signaling
ASB6,Ubiquitin
ASB6,Signaling
ASB7,Ubiquitin
ASB7,Signaling
ASB8,Ubiquitin
ASB8,Signaling
ASB9,Ubiquitin
ASB9,Signaling
ASCC1,Transcription
ASCC1,DNA repair
ASCC1,Nuc acid bind
ASCC2,Transcription
ASCC2,DNA repair
ASCC3,DNA repair
ASCC3,Nuc acid bind
ASCL1,Transcription
ASCL1,Nuc acid bind
ASCL2,Transcription
ASCL3,Transcription
ASCL4,Transcription
ASCL5,Transcription
ASF1A,Chromatin
ASF1A,DNA repair
ASF1B,Chromatin
ASGR1,Immune
ASGR2,Signaling
ASGR2,Immune
ASH1L,Chromatin
ASH1L,Transcription
ASH1L,Methylation
ASH2L,Chromatin
ASH2L,DNA repair
ASIC1,Ion channel
ASIC2,Ion channel
ASIC3,Ion channel
ASIC4,Ion channel
ASIC5,Ion channel
ASIP,Signaling
ASMT,Translation
ASMT,Methylation
ASMTL,Methylation
ASPH,Structural
ASPM,Cell cycle
ASPRV1,Proteolysis
ASRGL1,Proteolysis
ASS1,Nuc acid bind
ASTL,Proteolysis
ASTL,Cell adhesion
ASTN1,Cell adhesion
ASXL1,Chromatin
ASXL1,Transcription
ASXL2,Transcription
ASXL3,Transcription
ATAD3A,DNA repair
ATAD5,DNA repair
ATAT1,Cytoskeleton
ATCAY,Apoptosis
ATF1,Transcription
ATF2,Transcription
ATF2,DNA repair
ATF2,Apoptosis
ATF3,Transcription
ATF4,Transcription
ATF4,Apoptosis
ATF5,Transcription
ATF6,Transcription
ATF6,Signaling
ATF6,Apoptosis
ATF6,Protein folding
ATF6B,Transcription
ATF6B,Signaling
ATF7,Transcription
ATF7IP,Transcription
ATF7IP2,Transcription
ATG3,Ubiquitin
ATG4A,Proteolysis
ATG4B,Proteolysis
ATG4C,Proteolysis
ATG4D,Proteolysis
ATG4D,Apoptosis
ATG5,Apoptosis
ATG7,Apoptosis
ATL1,GTPase
ATL2,GTPase
ATL3,GTPase
ATM,Chromatin
ATM,Transcription
ATM,Kinase
ATM,Signaling
ATM,DNA repair
ATM,Apoptosis
ATMIN,Transcription
ATMIN,DNA repair
ATN1,Transcription
ATOH1,Transcription
ATOH7,Transcription
ATOH8,Transcription
ATOX1,Ion channel
ATP11B,Ion channel
ATP12A,Ion channel
ATP13A1,Transport
ATP13A3,Transport
ATP1A1,Ion channel
ATP1A2,Ion channel
ATP1A3,Ion channel
ATP1A4,Ion channel
ATP1B1,Immune
ATP1B1,Ion channel
ATP1B1,Cell adhesion
ATP1B2,Ion channel
ATP1B2,Cell adhesion
ATP1B3,Ion channel
ATP1B4,Transcription
ATP1B4,Transport
ATP23,Proteolysis
ATP2A1,Ion channel
ATP2A2,Ion channel
ATP2A2,Cell adhesion
ATP2A3,Ion channel
ATP2B1,Ion channel
ATP2B2,Ion channel
ATP2B3,Ion channel
ATP2B4,Transcription
ATP2B4,Ion channel
ATP2C1,Ion channel
ATP2C2,Ion channel
ATP4A,Ion channel
ATP4B,Ion channel
ATP4B,Cell adhesion
ATP5F1A,Nuc acid bind
ATP5F1A,Ion channel
ATP5F1B,Ion channel
ATP5F1C,Nuc acid bind
ATP5F1C,Ion channel
ATP5F1D,Structural
ATP5F1D,Ion channel
ATP5F1E,Ion channel
ATP5F1EP2,Ion channel
ATP5MC1,Ion channel
ATP5MC2,Ion channel
ATP5MC3,Ion channel
ATP5ME,Ion channel
ATP5MF,Ion channel
ATP5MG,Ion channel
ATP5MGL,Ion channel
ATP5PB,Ion channel
ATP5PD,Ion channel
ATP5PF,Ion channel
ATP5PO,Ion channel
ATP6AP1,Ion channel
ATP6V0A1,Ion channel
ATP6V0A2,Immune
ATP6V0A2,Ion channel
ATP6V0A4,Ion channel
ATP6V0B,Ion channel
ATP6V0C,Ion channel
ATP6V0D1,Ion channel
ATP6V0D2,Ion channel
ATP6V0E1,Ion channel
ATP6V0E2,Ion channel
ATP6V1A,Ion channel
ATP6V1B1,Ion channel
ATP6V1B2,Ion channel
ATP6V1C1,Ion channel
ATP6V1C2,Ion channel
ATP6V1D,Ion channel
ATP6V1E1,Ion channel
ATP6V1E2,Ion channel
ATP6V1F,Ion channel
ATP6V1G1,Ion channel
ATP6V1G2,Ion channel
ATP6V1G3,Ion channel
ATP6V1H,Ion channel
ATP7A,Ion channel
ATP7B,Ion channel
ATPAF2,Protein folding
ATPSCKMT,Methylation
ATR,Chromatin
ATR,Kinase
ATR,DNA repair
ATRIP,DNA repair
ATRN,Immune
ATRX,Chromatin
ATRX,Transcription
ATRX,DNA repair
ATXN1,Transcription
ATXN1,RNA processing
ATXN1,Nuc acid bind
ATXN10,Cell cycle
ATXN1L,Transcription
ATXN1L,Nuc acid bind
ATXN2,Nuc acid bind
ATXN2L,Nuc acid bind
ATXN3,Proteolysis
ATXN3,Cytoskeleton
ATXN3L,Proteolysis
ATXN7,Transcription
ATXN7,Cytoskeleton
ATXN7L3,Chromatin
ATXN7L3,Transcription
AUH,Nuc acid bind
AUNIP,DNA repair
AURKA,Chromatin
AURKA,Cell cycle
AURKA,Kinase
AURKA,Cytoskeleton
AURKB,Chromatin
AURKB,Transcription
AURKB,Cell cycle
AURKB,Kinase
AURKC,Cell cycle
AURKC,Kinase
AUTS2,Transcription
AVEN,Apoptosis
AVIL,Cytoskeleton
AVP,Kinase
AVP,Signaling
AVPR1A,Signaling
AVPR1B,Signaling
AVPR2,Signaling
AXIN1,Apoptosis
AXL,Kinase
AXL,Signaling
AXL,Immune
AZGP1,Immune
AZGP1,Cell adhesion
AZU1,Signaling
AZU1,Proteolysis
AZU1,Immune
B2M,Immune
B2M,Structural
BABAM1,Chromatin
BABAM1,Cell cycle
BABAM1,DNA repair
BABAM2,Chromatin
BABAM2,Cell cycle
BABAM2,Signaling
BABAM2,DNA repair
BABAM2,Apoptosis
BACC1,Chromatin
BACE1,Proteolysis
BACE2,Proteolysis
BACH1,Transcription
BACH1,DNA repair
BACH2,Transcription
BAD,Apoptosis
BAG1,Signaling
BAG1,Apoptosis
BAG1,Protein folding
BAG2,Protein folding
BAG3,Apoptosis
BAG3,Protein folding
BAG4,Nuc acid bind
BAG4,Protein folding
BAG5,Protein folding
BAG6,Chromatin
BAG6,Apoptosis
BAHD1,Chromatin
BAK1,Apoptosis
BANF1,Chromatin
BANK1,Signaling
BANP,Chromatin
BANP,Nuc acid bind
BAP1,Chromatin
BAP1,Proteolysis
BARD1,Chromatin
BARD1,Transcription
BARD1,Ubiquitin
BARD1,DNA repair
BARD1,Nuc acid bind
BARD1,Apoptosis
BARGIN,Signaling
BARHL1,Transcription
BARHL2,Transcription
BARX1,Transcription
BARX2,Transcription
BATF,Transcription
BATF,DNA repair
BATF2,Transcription
BATF3,Transcription
BAX,Apoptosis
BAZ1A,Chromatin
BAZ1A,Transcription
BAZ1B,Chromatin
BAZ1B,Transcription
BAZ1B,DNA repair
BAZ2A,Chromatin
BAZ2A,Transcription
BAZ2A,Nuc acid bind
BAZ2B,Chromatin
BAZ2B,Transcription
BBC3,Apoptosis
BBS4,Cytoskeleton
BBS7,Transcription
BBX,Transcription
BCAM,Signaling
BCAM,Cell adhesion
BCAN,Cell adhesion
BCAP29,Transport
BCAP29,Apoptosis
BCAP31,Transport
BCAP31,Apoptosis
BCAR1,Cell cycle
BCAR1,Cell adhesion
BCAR3,Signaling
BCAR3,GTPase
BCAS2,RNA processing
BCAS3,Transcription
BCCIP,DNA repair
BCCIP,Nuc acid bind
BCCIP,Cytoskeleton
BCDIN3D,Methylation
BCKDK,Kinase
BCL10,Immune
BCL10,Apoptosis
BCL11A,Transcription
BCL11B,Transcription
BCL2,Ubiquitin
BCL2,DNA repair
BCL2,Transport
BCL2,Apoptosis
BCL2A1,Transport
BCL2A1,Apoptosis
BCL2L1,Transport
BCL2L1,Apoptosis
BCL2L10,Transport
BCL2L10,Apoptosis
BCL2L11,Apoptosis
BCL2L12,Transcription
BCL2L12,Apoptosis
BCL2L13,Apoptosis
BCL2L14,Apoptosis
BCL2L15,Apoptosis
BCL2L2,Transport
BCL2L2,Apoptosis
BCL3,DNA repair
BCL3,Apoptosis
BCL6,Transcription
BCL6,DNA repair
BCL6,Immune
BCL6,Apoptosis
BCL6B,Transcription
BCL7A,Chromatin
BCL7A,Transcription
BCL7B,Chromatin
BCL7B,Transcription
BCL7B,Apoptosis
BCL7C,Chromatin
BCL7C,Transcription
BCL7C,Apoptosis
BCL9,Transcription
BCL9L,Transcription
BCLAF1,Transcription
BCLAF1,DNA repair
BCLAF1,Nuc acid bind
BCLAF1,Apoptosis
BCLAF3,Transcription
BCOR,Chromatin
BCOR,Transcription
BCORL1,Chromatin
BCORL1,Transcription
BCR,Kinase
BCR,Signaling
BCR,GTPase
BDKRB1,Signaling
BDKRB1,Immune
BDKRB2,Signaling
BDKRB2,Immune
BECN1,Cell cycle
BECN1,Apoptosis
BEND3,Chromatin
BEND3,Transcription
BEST1,Ion channel
BEST2,Ion channel
BEST3,Ion channel
BEST4,Ion channel
BET1,Transport
BEX1,Transcription
BEX1,Signaling
BEX2,Signaling
BEX2,Apoptosis
BEX3,Signaling
BEX3,Apoptosis
BEX5,Signaling
BFAR,Ubiquitin
BFAR,Apoptosis
BFSP1,Structural
BFSP1,Cytoskeleton
BFSP2,Structural
BGLAP,Signaling
BGLAP,Structural
BGLAP,Cell adhesion
BGN,Structural
BHLHA15,Transcription
BHLHA9,Transcription
BHLHE22,Transcription
BHLHE23,Transcription
BHLHE40,Transcription
BHLHE41,Transcription
BHMT,Methylation
BHMT2,Methylation
BICC1,Nuc acid bind
BICD1,RNA processing
BICD1,Structural
BICRA,Chromatin
BICRA,Transcription
BICRAL,Chromatin
BICRAL,Transcription
BID,Signaling
BID,Apoptosis
BIK,Apoptosis
BIN1,Transcription
BIN1,Apoptosis
BIN1,Cytoskeleton
BIN3,Cell cycle
BIRC2,Ubiquitin
BIRC2,Signaling
BIRC2,Immune
BIRC2,Apoptosis
BIRC3,Signaling
BIRC3,Immune
BIRC3,Apoptosis
BIRC5,Cell cycle
BIRC5,Apoptosis
BIRC6,Cell cycle
BIRC6,Ubiquitin
BIRC6,Kinase
BIRC6,Apoptosis
BIRC7,Ubiquitin
BIRC7,Apoptosis
BIRC8,Apoptosis
BKGD,DNA repair
BLCAP,Apoptosis
BLID,Apoptosis
BLK,Kinase
BLK,Signaling
BLM,DNA repair
BLM,Nuc acid bind
BLMH,Ubiquitin
BLMH,Proteolysis
BLNK,Signaling
BLNK,Immune
BLZF1,Transport
BMAL1,Transcription
BMAL2,Transcription
BMF,Apoptosis
BMI1,Chromatin
BMI1,Transcription
BMP1,Signaling
BMP1,Proteolysis
BMP10,Cell adhesion
BMP2,Transcription
BMP2,Immune
BMP2,Apoptosis
BMP2K,Kinase
BMP4,Transcription
BMP4,Apoptosis
BMP5,Transcription
BMP6,Transcription
BMP6,Immune
BMPER,Structural
BMPR1A,Transcription
BMPR1A,Kinase
BMPR1A,Immune
BMPR1B,Transcription
BMPR1B,Kinase
BMPR1B,Immune
BMPR2,Transcription
BMPR2,Kinase
BMS1,Nuc acid bind
BMS1,GTPase
BMX,Kinase
BMX,Signaling
BMX,Apoptosis
BMX,Cell adhesion
BNC2,Transcription
BNIP1,Transport
BNIP1,Apoptosis
BNIP2,Apoptosis
BNIP3,Apoptosis
BNIP3L,Apoptosis
BNIPL,Apoptosis
BOC,Cell adhesion
BOD1,Cell cycle
BOD1L1,DNA repair
BOD1L2,Cell cycle
BOK,Transport
BOK,Apoptosis
BOLL,Nuc acid bind
BOP1,Nuc acid bind
BORA,Cell cycle
BPI,Immune
BPIFA1,Immune
BPIFB1,Immune
BPIFB3,Immune
BPIFC,Immune
BPTF,Chromatin
BPTF,Transcription
BRAF,Kinase
BRAF,Signaling
BRAP,Ubiquitin
BRAP,Nuc acid bind
BRAT1,DNA repair
BRAT1,Apoptosis
BRCA1,Chromatin
BRCA1,Transcription
BRCA1,Ubiquitin
BRCA1,DNA repair
BRCA1,Nuc acid bind
BRCA2,Chromatin
BRCA2,Transcription
BRCA2,DNA repair
BRCC3,Chromatin
BRCC3,Cell cycle
BRCC3,DNA repair
BRCC3,Proteolysis
BRD1,Chromatin
BRD1,Transcription
BRD2,Chromatin
BRD2,Transcription
BRD3,Chromatin
BRD3,Transcription
BRD4,Chromatin
BRD4,Transcription
BRD4,DNA repair
BRD7,Chromatin
BRD7,Transcription
BRD8,Chromatin
BRD8,Transcription
BRD8,Signaling
BRD9,Chromatin
BRD9,Transcription
BRD9,Nuc acid bind
BRDT,Chromatin
BRDT,Transcription
BRDT,RNA processing
BRIP1,Transcription
BRIP1,DNA repair
BRIP1,Nuc acid bind
BRIX1,Nuc acid bind
BRMS1,Transcription
BRMS1,Apoptosis
BRMS1L,Transcription
BRPF1,Chromatin
BRPF1,Transcription
BRPF3,Chromatin
BRPF3,Transcription
BRS3,Signaling
BRSK1,Kinase
BRSK1,DNA repair
BRSK2,Cell cycle
BRSK2,Kinase
BRSK2,Apoptosis
BRWD1,Transcription
BRWD1,Cytoskeleton
BRWD3,Transcription
BRWD3,Cytoskeleton
BSG,Signaling
BSPRY,Immune
BSPRY,Ion channel
BST1,Signaling
BST2,Nuc acid bind
BST2,Immune
BSX,Transcription
BTBD1,Ubiquitin
BTF3,Nuc acid bind
BTG1,Transcription
BTG2,DNA repair
BTK,Kinase
BTK,Signaling
BTK,Immune
BTK,Apoptosis
BTRC,Transcription
BTRC,Ubiquitin
BTRC,Signaling
BTRC,Phosphatase
BUB1,Chromatin
BUB1,Cell cycle
BUB1,Kinase
BUB1,Signaling
BUB1,Apoptosis
BUB1B,Cell cycle
BUB1B,Kinase
BUB1B,Apoptosis
BUB3,Cell cycle
BUD13,RNA processing
BUD13,Nuc acid bind
BUD23,Chromatin
BUD23,Nuc acid bind
BUD23,Methylation
BUD31,RNA processing
BYSL,Nuc acid bind
BZW1,Nuc acid bind
C10orf90,Ubiquitin
C11orf68,Nuc acid bind
C14orf93,Nuc acid bind
C15orf39,Immune
C17orf99,Signaling
C17orf99,Immune
C19orf12,Apoptosis
C1D,Nuc acid bind
C1D,Apoptosis
C1QA,Immune
C1QB,Immune
C1QBP,Transcription
C1QBP,RNA processing
C1QBP,DNA repair
C1QBP,Immune
C1QBP,Apoptosis
C1QC,Immune
C1QTNF12,Signaling
C1QTNF4,Signaling
C1QTNF9,Signaling
C1R,Proteolysis
C1R,Immune
C1RL,Proteolysis
C1RL,Immune
C1S,Proteolysis
C1S,Immune
C1orf52,Nuc acid bind
C2,Proteolysis
C2,Immune
C2orf15,Nuc acid bind
C3,Signaling
C3,Immune
C3AR1,Signaling
C3AR1,Immune
C3orf38,Apoptosis
C4A,Immune
C4B,Immune
C4BPA,Nuc acid bind
C4BPA,Immune
C4BPB,Immune
C5,Signaling
C5,Immune
C5AR1,Signaling
C5AR1,Immune
C5AR2,Signaling
C5AR2,Immune
C6,Transport
C6,Immune
C6orf120,Apoptosis
C6orf89,Chromatin
C7,Transport
C7,Immune
C8A,Transport
C8A,Immune
C8B,Transport
C8B,Immune
C8G,Transport
C8G,Immune
C9,Transport
C9,Immune
C9orf78,RNA processing
C9orf78,Nuc acid bind
CAAP1,Apoptosis
CAB39,Signaling
CAB39L,Signaling
CABIN1,Chromatin
CABIN1,Transcription
CABIN1,Signaling
CABLES1,Cell cycle
CABLES2,Cell cycle
CABP2,Signaling
CABP4,Signaling
CABP5,Signaling
CACFD1,Transport
CACHD1,Ion channel
CACNA1A,Transport
CACNA1A,Ion channel
CACNA1B,Transport
CACNA1B,Ion channel
CACNA1C,Transport
CACNA1C,Ion channel
CACNA1D,Transport
CACNA1D,Ion channel
CACNA1E,Transport
CACNA1E,Ion channel
CACNA1F,Transport
CACNA1F,Ion channel
CACNA1G,Transport
CACNA1G,Ion channel
CACNA1H,Transport
CACNA1H,Ion channel
CACNA1I,Signaling
CACNA1I,Transport
CACNA1I,Ion channel
CACNA1S,Transport
CACNA1S,Ion channel
CACNA2D1,Ion channel
CACNA2D2,Ion channel
CACNA2D3,Ion channel
CACNA2D4,Ion channel
CACNB1,Ion channel
CACNB2,Ion channel
CACNB3,Ion channel
CACNB4,Ion channel
CACNG1,Ion channel
CACNG2,Ion channel
CACNG3,Ion channel
CACNG4,Ion channel
CACNG5,Ion channel
CACNG6,Ion channel
CACNG7,Ion channel
CACNG8,Ion channel
CACTIN,RNA processing
CACTIN,Nuc acid bind
CACTIN,Immune
CAD,Kinase
CADM1,Apoptosis
CADM1,Cell adhesion
CADM2,Cell adhesion
CADM3,Cell adhesion
CADM4,Cell adhesion
CALCB,Signaling
CALCOCO1,Transcription
CALCOCO1,Signaling
CALCR,Signaling
CALCRL,Signaling
CALCRL,Ion channel
CALHM1,Ion channel
CALHM2,Apoptosis
CALHM2,Ion channel
CALHM3,Ion channel
CALHM4,Ion channel
CALHM5,Ion channel
CALHM6,Ion channel
CALML4,Cytoskeleton
CALML5,Signaling
CALML5,Cytoskeleton
CALML6,Cytoskeleton
CALR,Transcription
CALR,Nuc acid bind
CALR,Protein folding
CALR3,Protein folding
CAMK1,Transcription
CAMK1,Kinase
CAMK1,Signaling
CAMK1D,Kinase
CAMK1D,Signaling
CAMK1D,Immune
CAMK1G,Kinase
CAMK1G,Signaling
CAMK2A,Kinase
CAMK2A,Ion channel
CAMK2B,Kinase
CAMK2B,Signaling
CAMK2D,Transcription
CAMK2D,Kinase
CAMK2G,Kinase
CAMK4,Kinase
CAMK4,Signaling
CAMK4,Immune
CAMKK1,Kinase
CAMKK1,Signaling
CAMKK2,Kinase
CAMKMT,Methylation
CAMKV,Kinase
CAMKV,Signaling
CAMLG,Signaling
CAMLG,Transport
CAMP,Immune
CAMSAP1,Cytoskeleton
CAMSAP2,Cytoskeleton
CAMSAP3,Cytoskeleton
CAMTA1,Transcription
CAMTA2,Transcription
CAND1,Ubiquitin
CAND2,Ubiquitin
CANX,Nuc acid bind
CANX,Protein folding
CAP1,Signaling
CAP1,Cytoskeleton
CAP2,Signaling
CAP2,Cytoskeleton
CAPN1,Proteolysis
CAPN10,Proteolysis
CAPN11,Proteolysis
CAPN12,Proteolysis
CAPN13,Proteolysis
CAPN14,Proteolysis
CAPN15,Proteolysis
CAPN2,Proteolysis
CAPN3,Proteolysis
CAPN3,Apoptosis
CAPN5,Signaling
CAPN5,Proteolysis
CAPN6,Proteolysis
CAPN7,Proteolysis
CAPN8,Proteolysis
CAPN9,Proteolysis
CAPNS1,Proteolysis
CAPRIN1,Nuc acid bind
CAPRIN2,Transcription
CAPRIN2,Nuc acid bind
CAPS,Signaling
CARD10,Signaling
CARD11,Signaling
CARD14,Signaling
CARD14,Apoptosis
CARD16,Proteolysis
CARD17P,Proteolysis
CARD18,Proteolysis
CARD18,Immune
CARD6,Apoptosis
CARD8,Proteolysis
CARD8,Immune
CARD9,Signaling
CARD9,Immune
CARF,Transcription
CARHSP1,Signaling
CARHSP1,Nuc acid bind
CARM1,Chromatin
CARM1,Transcription
CARM1,Methylation
CARNMT1,Methylation
CARS1,Translation
CARS2,Translation
CARTPT,Signaling
CASC3,RNA processing
CASC3,Nuc acid bind
CASK,Kinase
CASK,Cell adhesion
CASKIN1,Signaling
CASKIN2,Signaling
CASP1,Signaling
CASP1,Proteolysis
CASP1,Immune
CASP1,Apoptosis
CASP10,Proteolysis
CASP10,Apoptosis
CASP12,Proteolysis
CASP12,Apoptosis
CASP14,Proteolysis
CASP2,DNA repair
CASP2,Proteolysis
CASP2,Apoptosis
CASP3,Signaling
CASP3,Proteolysis
CASP3,Apoptosis
CASP4,Proteolysis
CASP4,Immune
CASP4,Apoptosis
CASP5,Proteolysis
CASP5,Apoptosis
CASP6,Proteolysis
CASP6,Apoptosis
CASP7,Nuc acid bind
CASP7,Proteolysis
CASP7,Apoptosis
CASP8,Proteolysis
CASP8,Apoptosis
CASP8AP2,Signaling
CASP8AP2,Apoptosis
CASP9,DNA repair
CASP9,Proteolysis
CASP9,Apoptosis
CASR,Signaling
CASS4,Cell adhesion
CAST,Nuc acid bind
CASZ1,Transcription
CATSPER1,Transport
CATSPER1,Ion channel
CATSPER2,Transport
CATSPER2,Ion channel
CATSPER3,Transport
CATSPER3,Ion channel
CATSPER4,Transport
CATSPER4,Ion channel
CAV1,Transcription
CAV1,Ion channel
CAVIN1,Nuc acid bind
CBFA2T3,Transcription
CBFB,Transcription
CBFB,Ubiquitin
CBL,Ubiquitin
CBL,Signaling
CBL,DNA repair
CBLB,Ubiquitin
CBLB,Signaling
CBLC,Ubiquitin
CBLC,Signaling
CBLIF,Ion channel
CBLL1,Ubiquitin
CBLL1,RNA processing
CBLL2,Ubiquitin
CBX1,DNA repair
CBX2,Chromatin
CBX2,Transcription
CBX3,Chromatin
CBX3,DNA repair
CBX4,Chromatin
CBX4,Transcription
CBX5,Transcription
CBX5,DNA repair
CBX6,Chromatin
CBX6,Transcription
CBX7,Chromatin
CBX7,Transcription
CBX8,Chromatin
CBX8,Transcription
CC2D1A,Transcription
CC2D1B,Transcription
CCAR1,Transcription
CCAR1,Nuc acid bind
CCAR1,Apoptosis
CCAR2,Transcription
CCAR2,RNA processing
CCAR2,DNA repair
CCAR2,Nuc acid bind
CCAR2,Apoptosis
CCAR2,Protein folding
CCDC124,Cell cycle
CCDC124,Nuc acid bind
CCDC13,DNA repair
CCDC137,Nuc acid bind
CCDC170,Cytoskeleton
CCDC3,Signaling
CCDC38,Chromatin
CCDC47,Nuc acid bind
CCDC47,Protein folding
CCDC51,Ion channel
CCDC59,Nuc acid bind
CCDC6,Structural
CCDC6,Cytoskeleton
CCDC62,Transcription
CCDC66,Cell cycle
CCDC8,Cytoskeleton
CCDC86,Nuc acid bind
CCDC88A,Signaling
CCDC88A,GTPase
CCDC88C,Signaling
CCDC88C,GTPase
CCDC9,Nuc acid bind
CCDC92,Immune
CCDC9B,Nuc acid bind
CCK,Signaling
CCKAR,Signaling
CCKBR,Signaling
CCL1,Signaling
CCL1,Immune
CCL11,Kinase
CCL11,Signaling
CCL11,Immune
CCL11,Cell adhesion
CCL11,Cytoskeleton
CCL13,Signaling
CCL13,Immune
CCL13,Cytoskeleton
CCL14,Immune
CCL15,Signaling
CCL15,Immune
CCL16,Immune
CCL17,Signaling
CCL17,Immune
CCL18,Signaling
CCL18,Immune
CCL19,Immune
CCL2,Kinase
CCL2,Signaling
CCL2,Immune
CCL2,Cell adhesion
CCL2,Cytoskeleton
CCL20,Signaling
CCL20,Immune
CCL21,Immune
CCL22,Signaling
CCL22,Immune
CCL23,Signaling
CCL23,Immune
CCL24,Signaling
CCL24,Immune
CCL24,Cytoskeleton
CCL25,Signaling
CCL25,Immune
CCL26,Signaling
CCL26,Immune
CCL27,Signaling
CCL27,Immune
CCL28,Signaling
CCL28,Immune
CCL3,Kinase
CCL3,Immune
CCL3,Ion channel
CCL3,Cytoskeleton
CCL3L1,Immune
CCL4,Signaling
CCL4,Immune
CCL4,Cell adhesion
CCL4L1,Immune
CCL5,Kinase
CCL5,Immune
CCL5,Ion channel
CCL7,Signaling
CCL7,Immune
CCL7,Cytoskeleton
CCL8,Kinase
CCL8,Signaling
CCL8,Immune
CCL8,Ion channel
CCN1,Transcription
CCN1,Signaling
CCN1,Structural
CCN1,Cell adhesion
CCN2,Signaling
CCN2,Cell adhesion
CCN3,Signaling
CCN3,Cell adhesion
CCN4,Signaling
CCN4,Cell adhesion
CCN5,Signaling
CCN5,Cell adhesion
CCN6,Signaling
CCN6,Cell adhesion
CCNA1,Cell cycle
CCNA2,Cell cycle
CCNB1,Cell cycle
CCNB1IP1,Ubiquitin
CCNB2,Cell cycle
CCNB3,Cell cycle
CCNC,Transcription
CCND1,Transcription
CCND1,Cell cycle
CCND1,Kinase
CCND1,DNA repair
CCND2,Cell cycle
CCND3,Cell cycle
CCNE1,Cell cycle
CCNE1,Kinase
CCNE2,Cell cycle
CCNF,Cell cycle
CCNF,Ubiquitin
CCNG1,Cell cycle
CCNG2,Cell cycle
CCNH,Transcription
CCNK,Transcription
CCNK,Cell cycle
CCNK,DNA repair
CCNL1,Transcription
CCNL1,RNA processing
CCNL2,Transcription
CCNL2,RNA processing
CCNO,Cell cycle
CCNQ,Transcription
CCNT1,Transcription
CCNT1,Cell cycle
CCNT2,Transcription
CCNT2,Cell cycle
CCNY,Cell cycle
CCR1,Signaling
CCR1,Immune
CCR1,Ion channel
CCR1,Cell adhesion
CCR10,Signaling
CCR10,Immune
CCR2,Signaling
CCR2,Immune
CCR3,Signaling
CCR3,Immune
CCR3,Cell adhesion
CCR4,Signaling
CCR4,Immune
CCR5,Signaling
CCR5,Immune
CCR5,Ion channel
CCR6,Signaling
CCR6,Immune
CCR7,Signaling
CCR7,Immune
CCR8,Signaling
CCR8,Immune
CCR8,Cell adhesion
CCR9,Signaling
CCR9,Immune
CCRL2,Signaling
CCRL2,Immune
CCSAP,Cell cycle
CCT2,Protein folding
CCT3,Nuc acid bind
CCT3,Protein folding
CCT4,Nuc acid bind
CCT4,Protein folding
CCT5,Protein folding
CCT6A,Nuc acid bind
CCT6A,Protein folding
CCT6B,Protein folding
CCT7,Protein folding
CCT8,Protein folding
CCT8L1P,Protein folding
CCT8L2,Protein folding
CCZ1,Transport
CCZ1B,Transport
CD101,Signaling
CD14,Signaling
CD14,Immune
CD14,Apoptosis
CD151,Cell adhesion
CD160,Immune
CD163,Transport
CD163,Immune
CD163L1,Transport
CD164,Signaling
CD164,Immune
CD164,Cell adhesion
CD177,Immune
CD177,Cell adhesion
CD180,Immune
CD1A,Immune
CD1B,Immune
CD1C,Immune
CD1D,Immune
CD1E,Immune
CD2,Signaling
CD2,Immune
CD2,Apoptosis
CD2,Cell adhesion
CD200,Transcription
CD200R1,Signaling
CD207,Immune
CD209,Signaling
CD209,Immune
CD209,Cell adhesion
CD22,Cell adhesion
CD226,Signaling
CD226,Cell adhesion
CD24,Cell adhesion
CD244,Signaling
CD244,Immune
CD247,Signaling
CD27,Signaling
CD27,Apoptosis
CD274,Signaling
CD274,Immune
CD28,Signaling
CD28,Immune
CD2AP,Cell cycle
CD2AP,Signaling
CD2AP,Structural
CD2BP2,RNA processing
CD300A,Signaling
CD300A,Cell adhesion
CD300C,Signaling
CD300E,Signaling
CD300H,Signaling
CD300LG,Signaling
CD320,Signaling
CD320,Transport
CD33,Signaling
CD33,Cell adhesion
CD34,Signaling
CD34,Cell adhesion
CD36,Transcription
CD36,Signaling
CD36,Immune
CD36,Cell adhesion
CD38,Signaling
CD3D,Signaling
CD3E,Signaling
CD3G,Signaling
CD4,Signaling
CD4,Immune
CD4,Structural
CD4,Cell adhesion
CD40,Transcription
CD40,Immune
CD40LG,Signaling
CD40LG,Immune
CD44,Immune
CD44,Cell adhesion
CD46,Immune
CD47,Immune
CD47,Apoptosis
CD47,Cell adhesion
CD48,Signaling
CD48,Immune
CD53,Signaling
CD55,Immune
CD58,Immune
CD59,Signaling
CD5L,Immune
CD5L,Apoptosis
CD6,Transport
CD6,Immune
CD6,Cell adhesion
CD7,Immune
CD70,Immune
CD72,Signaling
CD72,Cell adhesion
CD74,Immune
CD74,Protein folding
CD79A,Signaling
CD79B,Signaling
CD79B,Immune
CD80,Signaling
CD80,Immune
CD81,Transcription
CD83,Signaling
CD84,Immune
CD84,Cell adhesion
CD86,Signaling
CD86,Immune
CD8A,Signaling
CD8A,Immune
CD8B,Immune
CD9,Cell adhesion
CD93,Cell adhesion
CD96,Immune
CD96,Cell adhesion
CD99,Cell adhesion
CD99L2,Cell adhesion
CDAN1,Chromatin
CDC123,Protein folding
CDC14A,Cell cycle
CDC14A,Cytoskeleton
CDC14A,Phosphatase
CDC14B,DNA repair
CDC14B,Cytoskeleton
CDC14B,Phosphatase
CDC14C,Cytoskeleton
CDC14C,Phosphatase
CDC16,Cell cycle
CDC16,Ubiquitin
CDC20,Cell cycle
CDC20,Ubiquitin
CDC23,Cell cycle
CDC23,Ubiquitin
CDC25A,Cell cycle
CDC25A,Phosphatase
CDC25B,Cell cycle
CDC25B,Kinase
CDC25B,Phosphatase
CDC25C,Cell cycle
CDC25C,Phosphatase
CDC26,Cell cycle
CDC26,Ubiquitin
CDC27,Cell cycle
CDC27,Ubiquitin
CDC34,Ubiquitin
CDC37,Protein folding
CDC37L1,Protein folding
CDC40,RNA processing
CDC40,Nuc acid bind
CDC42,Signaling
CDC42,GTPase
CDC42BPA,Kinase
CDC42BPA,Cytoskeleton
CDC42BPB,Kinase
CDC42BPB,Signaling
CDC42BPB,Cytoskeleton
CDC42BPG,Kinase
CDC42EP3,Signaling
CDC42EP4,Nuc acid bind
CDC42SE1,Signaling
CDC5L,Transcription
CDC5L,RNA processing
CDC5L,DNA repair
CDC5L,Nuc acid bind
CDC6,Cell cycle
CDC7,Cell cycle
CDC7,Kinase
CDC7,Signaling
CDC73,Transcription
CDCA2,Cell cycle
CDCA3,Cell cycle
CDCA3,Ubiquitin
CDCA5,Cell cycle
CDCA7,Transcription
CDCA7,Apoptosis
CDCA7L,Transcription
CDCA8,Cell cycle
CDH1,Cell adhesion
CDH10,Cell adhesion
CDH11,Cell adhesion
CDH12,Cell adhesion
CDH13,Transcription
CDH13,Cell adhesion
CDH15,Cell adhesion
CDH16,Cell adhesion
CDH17,Transport
CDH17,Cell adhesion
CDH18,Cell adhesion
CDH19,Cell adhesion
CDH2,Nuc acid bind
CDH2,Cell adhesion
CDH20,Cell adhesion
CDH22,Cell adhesion
CDH23,Ion channel
CDH23,Cell adhesion
CDH24,Cell adhesion
CDH26,Cell adhesion
CDH3,Cell adhesion
CDH4,Cell adhesion
CDH5,Signaling
CDH5,Cell adhesion
CDH6,Cell adhesion
CDH7,Cell adhesion
CDH8,Cell adhesion
CDH9,Cell adhesion
CDHR1,Cell adhesion
CDHR2,Cell adhesion
CDHR3,Cell adhesion
CDHR4,Cell adhesion
CDHR5,Cell adhesion
CDIP1,Apoptosis
CDK1,Chromatin
CDK1,Transcription
CDK1,Cell cycle
CDK1,Kinase
CDK1,DNA repair
CDK1,Apoptosis
CDK1,Cytoskeleton
CDK10,Kinase
CDK11A,Transcription
CDK11A,Kinase
CDK11A,RNA processing
CDK11A,Apoptosis
CDK11B,Transcription
CDK11B,Kinase
CDK11B,RNA processing
CDK11B,Nuc acid bind
CDK11B,Apoptosis
CDK12,Transcription
CDK12,Kinase
CDK12,RNA processing
CDK13,Transcription
CDK13,Kinase
CDK13,RNA processing
CDK13,Nuc acid bind
CDK14,Cell cycle
CDK14,Kinase
CDK15,Kinase
CDK16,Kinase
CDK17,Kinase
CDK18,Kinase
CDK19,Kinase
CDK19,Apoptosis
CDK2,Chromatin
CDK2,Cell cycle
CDK2,Kinase
CDK2,Signaling
CDK2,DNA repair
CDK20,Cell cycle
CDK20,Kinase
CDK2AP1,Transcription
CDK3,Cell cycle
CDK3,Kinase
CDK3,Signaling
CDK3,DNA repair
CDK4,Cell cycle
CDK4,Kinase
CDK4,Signaling
CDK5,Cell cycle
CDK5,Kinase
CDK5,Apoptosis
CDK5,Cytoskeleton
CDK5R1,Kinase
CDK5R1,Cytoskeleton
CDK5RAP2,Cytoskeleton
CDK6,Cell cycle
CDK6,Kinase
CDK6,Signaling
CDK6,DNA repair
CDK7,Transcription
CDK7,Cell cycle
CDK7,Kinase
CDK7,DNA repair
CDK8,Transcription
CDK8,Kinase
CDK9,Transcription
CDK9,Kinase
CDK9,DNA repair
CDKL1,Kinase
CDKL2,Kinase
CDKL2,Signaling
CDKL3,Kinase
CDKL4,Kinase
CDKL5,Kinase
CDKN1A,DNA repair
CDKN1B,Signaling
CDKN2A,Transcription
CDKN2A,Nuc acid bind
CDKN2AIP,DNA repair
CDKN2AIP,Nuc acid bind
CDKN3,Phosphatase
CDNF,Signaling
CDO1,Immune
CDON,Cell adhesion
CDS1,Signaling
CDSN,Cell adhesion
CDT1,Cell cycle
CDX1,Transcription
CDX2,Transcription
CDX4,Transcription
CDY1,Chromatin
CDY2A,Chromatin
CDYL2,Chromatin
CEACAM1,Signaling
CEACAM1,Cell adhesion
CEACAM20,Signaling
CEACAM21,Immune
CEACAM3,Signaling
CEACAM4,Signaling
CEACAM5,Apoptosis
CEACAM5,Cell adhesion
CEACAM6,Apoptosis
CEACAM6,Cell adhesion
CEACAM7,Signaling
CEACAM8,Immune
CEACAM8,Cell adhesion
CEBPA,Transcription
CEBPB,Transcription
CEBPB,Immune
CEBPD,Transcription
CEBPE,Transcription
CEBPG,Transcription
CEBPG,Immune
CEBPZ,Transcription
CEBPZ,Nuc acid bind
CECR2,Chromatin
CECR2,Transport
CECR2,Cytoskeleton
CELA1,Proteolysis
CELA1,Immune
CELA2A,Proteolysis
CELA2B,Proteolysis
CELA3A,Proteolysis
CELA3B,Proteolysis
CELF1,RNA processing
CELF1,Nuc acid bind
CELF2,RNA processing
CELF2,Nuc acid bind
CELF3,RNA processing
CELF3,Nuc acid bind
CELF4,RNA processing
CELF4,Nuc acid bind
CELF5,RNA processing
CELF5,Nuc acid bind
CELF6,RNA processing
CELF6,Nuc acid bind
CELSR1,Signaling
CELSR1,Cell adhesion
CELSR2,Transcription
CELSR2,Signaling
CELSR2,Cell adhesion
CELSR3,Signaling
CELSR3,Cell adhesion
CENATAC,RNA processing
CENPA,Cell cycle
CENPB,Nuc acid bind
CENPC,Cell cycle
CENPE,Cell cycle
CENPF,Cell cycle
CENPS,Cell cycle
CENPS,DNA repair
CENPT,Cell cycle
CENPV,Cell cycle
CENPW,Cell cycle
CENPX,Cell cycle
CENPX,DNA repair
CEP164,Cell cycle
CEP164,DNA repair
CEP55,Cell cycle
CEP63,Cell cycle
CEP63,DNA repair
CERCAM,Cell adhesion
CERS6,Immune
CERT1,Immune
CETN1,Cell cycle
CETN1,Cytoskeleton
CETN2,Transcription
CETN2,Cell cycle
CETN2,DNA repair
CETN2,Cytoskeleton
CETN3,Transcription
CETN3,Cell cycle
CETN3,Cytoskeleton
CFAP20,Nuc acid bind
CFAP410,DNA repair
CFAP410,Cytoskeleton
CFAP44,Cytoskeleton
CFAP65,Nuc acid bind
CFB,Proteolysis
CFB,Immune
CFC1,Signaling
CFC1B,Signaling
CFD,Proteolysis
CFD,Immune
CFDP1,Chromatin
CFH,Proteolysis
CFH,Immune
CFI,Proteolysis
CFI,Immune
CFLAR,Proteolysis
CFLAR,Apoptosis
CFP,Immune
CFTR,Transport
CFTR,Ion channel
CGA,Transcription
CGAS,DNA repair
CGAS,Immune
CGB1,Signaling
CGB2,Signaling
CGB3,Signaling
CGB3,Apoptosis
CGB7,Signaling
CGB7,Apoptosis
CGGBP1,Transcription
CGN,Cytoskeleton
CGREF1,Cell adhesion
CHAC1,Apoptosis
CHAF1A,Chromatin
CHAF1A,DNA repair
CHAF1A,Protein folding
CHAF1B,Chromatin
CHAF1B,DNA repair
CHAF1B,Protein folding
CHCHD1,Nuc acid bind
CHCHD2,Transcription
CHCHD2P9,Transcription
CHCHD6,DNA repair
CHD1,Chromatin
CHD1L,Chromatin
CHD1L,DNA repair
CHD2,Chromatin
CHD2,Nuc acid bind
CHD3,Chromatin
CHD3,Transcription
CHD3,Nuc acid bind
CHD4,Chromatin
CHD4,Transcription
CHD5,Chromatin
CHD5,Transcription
CHD6,Chromatin
CHD6,Transcription
CHD7,Chromatin
CHD7,Transcription
CHD8,Chromatin
CHD8,Transcription
CHD8,RNA processing
CHD9,Chromatin
CHEK1,Chromatin
CHEK1,Kinase
CHEK1,DNA repair
CHEK1,Apoptosis
CHEK2,Transcription
CHEK2,Cell cycle
CHEK2,Kinase
CHEK2,DNA repair
CHEK2,Apoptosis
CHERP,RNA processing
CHERP,Nuc acid bind
CHFR,Cell cycle
CHFR,Ubiquitin
CHGA,Immune
CHGB,Signaling
CHI3L1,Immune
CHI3L1,Structural
CHI3L1,Apoptosis
CHIA,Immune
CHIA,Apoptosis
CHID1,Immune
CHIT1,Immune
CHL1,Signaling
CHL1,Cell adhesion
CHLSN,Signaling
CHLSN,Nuc acid bind
CHM,Transport
CHM,GTPase
CHML,Transport
CHML,GTPase
CHMP1A,Cell cycle
CHMP1A,Transport
CHMP1B,Cell cycle
CHMP3,Cell cycle
CHMP3,Apoptosis
CHN1,Signaling
CHN2,Signaling
CHORDC1,Protein folding
CHP1,GTPase
CHP2,Transcription
CHRAC1,Chromatin
CHRFAM7A,Ion channel
CHRM1,Signaling
CHRM2,Signaling
CHRM3,Signaling
CHRM4,Signaling
CHRM5,Signaling
CHRNA1,Ion channel
CHRNA10,Ion channel
CHRNA2,Signaling
CHRNA2,Ion channel
CHRNA3,Signaling
CHRNA3,Ion channel
CHRNA4,Chromatin
CHRNA4,Signaling
CHRNA4,DNA repair
CHRNA4,Ion channel
CHRNA5,Signaling
CHRNA5,Ion channel
CHRNA6,Signaling
CHRNA6,Ion channel
CHRNA7,Signaling
CHRNA7,Ion channel
CHRNA9,Ion channel
CHRNB1,Signaling
CHRNB1,Ion channel
CHRNB2,Signaling
CHRNB2,Ion channel
CHRNB3,Signaling
CHRNB3,Ion channel
CHRNB4,Signaling
CHRNB4,Ion channel
CHRND,Signaling
CHRND,Ion channel
CHRNE,Signaling
CHRNE,Ion channel
CHRNG,Signaling
CHRNG,Ion channel
CHST1,Immune
CHST10,Cell adhesion
CHST2,Immune
CHST4,Immune
CHST4,Cell adhesion
CHTOP,Chromatin
CHTOP,Nuc acid bind
CHUK,Transcription
CHUK,Kinase
CHUK,Immune
CIAO1,Transcription
CIAPIN1,Apoptosis
CIB1,Cell cycle
CIB1,DNA repair
CIB1,Apoptosis
CIB1,Cell adhesion
CIC,Transcription
CIDEA,Apoptosis
CIDEB,Apoptosis
CIDEC,Apoptosis
CIITA,Transcription
CIITA,Immune
CILK1,Kinase
CILK1,Signaling
CILP,Structural
CINP,Cell cycle
CINP,DNA repair
CIP2A,DNA repair
CIRBP,Nuc acid bind
CIROP,Proteolysis
CIROP,Cell adhesion
CIRSR,Transcription
CIRSR,RNA processing
CISD2,Nuc acid bind
CISH,Ubiquitin
CISH,Signaling
CIT,Cell cycle
CIT,Kinase
CITED1,Transcription
CITED1,Apoptosis
CITED2,Transcription
CITED4,Transcription
CIZ1,Nuc acid bind
CKAP2,Transcription
CKAP2,Apoptosis
CKAP4,Nuc acid bind
CKAP5,Cell cycle
CKLF,Signaling
CKS1B,Cell cycle
CKS2,Cell cycle
CLASP1,Cell cycle
CLASP1,Cytoskeleton
CLASP2,Cell cycle
CLASP2,Cytoskeleton
CLASRP,RNA processing
CLCA1,Proteolysis
CLCA1,Ion channel
CLCA2,Proteolysis
CLCA2,Ion channel
CLCA2,Cell adhesion
CLCA4,Proteolysis
CLCC1,Ion channel
CLCF1,Signaling
CLCN1,Transport
CLCN1,Ion channel
CLCN2,Transport
CLCN2,Ion channel
CLCN3,Transport
CLCN3,Ion channel
CLCN4,Transport
CLCN4,Ion channel
CLCN5,Transport
CLCN5,Ion channel
CLCN6,Signaling
CLCN6,Transport
CLCN6,Ion channel
CLCN7,Transport
CLCN7,Ion channel
CLCNKA,Transport
CLCNKA,Ion channel
CLCNKB,Transport
CLCNKB,Ion channel
CLDN1,Structural
CLDN10,Structural
CLDN10,Ion channel
CLDN10,Cell adhesion
CLDN11,Structural
CLDN11,Cell adhesion
CLDN14,Structural
CLDN15,Structural
CLDN15,Ion channel
CLDN16,Structural
CLDN16,Ion channel
CLDN17,Structural
CLDN17,Ion channel
CLDN18,Structural
CLDN19,Structural
CLDN2,Structural
CLDN20,Structural
CLDN22,Structural
CLDN23,Structural
CLDN24,Structural
CLDN25,Structural
CLDN3,Structural
CLDN3,Cell adhesion
CLDN34,Structural
CLDN4,Structural
CLDN4,Ion channel
CLDN5,Structural
CLDN6,Structural
CLDN6,Cell adhesion
CLDN7,Structural
CLDN8,Structural
CLDN9,Structural
CLDN9,Cell adhesion
CLEC10A,Immune
CLEC11A,Signaling
CLEC12A,Signaling
CLEC17A,Immune
CLEC1A,Signaling
CLEC1B,Signaling
CLEC2D,Signaling
CLEC4A,Signaling
CLEC4A,Immune
CLEC4A,Cell adhesion
CLEC4C,Immune
CLEC4D,Immune
CLEC4E,Immune
CLEC4F,Immune
CLEC4G,Immune
CLEC4M,Signaling
CLEC4M,Immune
CLEC5A,Signaling
CLEC5A,Immune
CLEC6A,Immune
CLEC7A,Immune
CLGN,Protein folding
CLIC1,Signaling
CLIC1,Ion channel
CLIC2,Signaling
CLIC2,Ion channel
CLIC3,Signaling
CLIC3,Ion channel
CLIC4,Ion channel
CLIC5,Ion channel
CLIC6,Ion channel
CLIP3,Apoptosis
CLK1,Kinase
CLK2,Kinase
CLK3,Kinase
CLK3,Nuc acid bind
CLK4,Kinase
CLNK,Signaling
CLNS1A,RNA processing
CLNS1A,Nuc acid bind
CLOCK,Chromatin
CLOCK,Transcription
CLOCK,Signaling
CLOCK,DNA repair
CLP1,RNA processing
CLPP,Proteolysis
CLPTM1L,Apoptosis
CLPX,Proteolysis
CLPX,Protein folding
CLSPN,DNA repair
CLSTN1,Cell adhesion
CLSTN2,Cell adhesion
CLSTN3,Cell adhesion
CLTA,Cell cycle
CLTA,Transport
CLTA,Structural
CLTB,Transport
CLTB,Structural
CLTC,Cell cycle
CLTC,Nuc acid bind
CLTC,Transport
CLTC,Structural
CLTCL1,Transport
CLTCL1,Structural
CLU,Immune
CLU,Apoptosis
CLU,Protein folding
CLUH,Nuc acid bind
CMA1,Proteolysis
CMC1,Protein folding
CMKLR1,Signaling
CMKLR1,Immune
CMKLR2,Signaling
CMSS1,Nuc acid bind
CMTM1,Signaling
CMTM2,Signaling
CMTM3,Signaling
CMTM5,Signaling
CMTM7,Signaling
CMTM8,Signaling
CMTR1,RNA processing
CMTR1,Nuc acid bind
CMTR1,Methylation
CMTR2,RNA processing
CMTR2,Methylation
CNBP,Transcription
CNBP,Nuc acid bind
CNDP1,Proteolysis
CNDP2,Proteolysis
CNGA1,Transport
CNGA1,Ion channel
CNGA2,Transport
CNGA2,Ion channel
CNGA3,Signaling
CNGA3,Transport
CNGA3,Ion channel
CNGA4,Transport
CNGA4,Ion channel
CNGB1,Transport
CNGB1,Ion channel
CNGB3,Signaling
CNGB3,Transport
CNGB3,Ion channel
CNIH1,Signaling
CNIH1,Transport
CNIH1,Immune
CNIH2,Transport
CNIH3,Transport
CNIH4,Transport
CNKSR2,Signaling
CNN2,Cytoskeleton
CNNM1,Transport
CNNM1,Ion channel
CNNM2,Ion channel
CNNM3,Transport
CNNM3,Ion channel
CNNM4,Ion channel
CNOT1,Transcription
CNOT1,Nuc acid bind
CNOT2,Transcription
CNOT3,Transcription
CNOT4,Ubiquitin
CNOT4,Nuc acid bind
CNOT6,Nuc acid bind
CNOT6L,RNA processing
CNOT7,Nuc acid bind
CNOT8,Nuc acid bind
CNP,Nuc acid bind
CNPY3,Immune
CNR1,Signaling
CNR2,Signaling
CNR2,Immune
CNTF,Signaling
CNTFR,Signaling
CNTN1,Cell adhesion
CNTN2,Cell adhesion
CNTN3,Cell adhesion
CNTN4,Cell adhesion
CNTN5,Cell adhesion
CNTN6,Cell adhesion
CNTNAP1,Signaling
CNTNAP1,Cell adhesion
CNTNAP1,Cytoskeleton
CNTNAP2,Signaling
CNTNAP2,Cell adhesion
CNTNAP3,Signaling
CNTNAP3,Cell adhesion
CNTNAP3B,Signaling
CNTNAP3B,Cell adhesion
CNTNAP3C,Cell adhesion
CNTNAP4,Signaling
CNTNAP4,Cell adhesion
CNTNAP5,Signaling
CNTNAP5,Cell adhesion
CNTRL,Cell cycle
CNTROB,Cell cycle
COA3,Protein folding
COA6,Nuc acid bind
COA8,Apoptosis
COL11A1,Structural
COL11A2,Structural
COL12A1,Cell adhesion
COL13A1,Cell adhesion
COL14A1,Nuc acid bind
COL14A1,Structural
COL14A1,Cell adhesion
COL15A1,Signaling
COL15A1,Cell adhesion
COL16A1,Cell adhesion
COL18A1,Cell adhesion
COL19A1,Structural
COL19A1,Cell adhesion
COL1A1,Structural
COL1A2,Structural
COL24A1,Structural
COL25A1-DT,Nuc acid bind
COL27A1,Structural
COL28A1,Cell adhesion
COL2A1,Structural
COL3A1,Structural
COL4A1,Structural
COL4A2,Structural
COL4A3,Signaling
COL4A3,Structural
COL4A3,Cell adhesion
COL4A4,Structural
COL4A5,Structural
COL4A6,Structural
COL4A6,Cell adhesion
COL5A1,Structural
COL5A1,Cell adhesion
COL5A2,Structural
COL5A3,Structural
COL6A1,Cell adhesion
COL6A2,Cell adhesion
COL6A3,Cell adhesion
COL6A5,Cell adhesion
COL6A6,Cell adhesion
COL7A1,Cell adhesion
COL8A1,Cell adhesion
COL8A2,Structural
COL8A2,Cell adhesion
COLEC10,Proteolysis
COLEC11,Proteolysis
COLEC11,Immune
COLEC12,Immune
COLQ,Structural
COMMD1,Transcription
COMMD3,Ion channel
COMMD4,Signaling
COMMD6,Transcription
COMMD6,Signaling
COMMD8,Signaling
COMMD9,Ion channel
COMP,Structural
COMP,Apoptosis
COMP,Cell adhesion
COMT,Methylation
COMTD1,Methylation
COP1,Ubiquitin
COPA,Signaling
COPA,Transport
COPA,Structural
COPB1,Transport
COPB1,Structural
COPB2,Transport
COPB2,Structural
COPE,Transport
COPE,Structural
COPG1,Transport
COPG1,Structural
COPG2,Transport
COPG2,Structural
COPRS,Chromatin
COPS2,Transcription
COPS2,Kinase
COPS2,Signaling
COPS3,Signaling
COPS5,Transcription
COPS5,Proteolysis
COPS5,Translation
COPS8,Kinase
COPZ1,Transport
COPZ2,Transport
COQ3,Methylation
COQ5,Methylation
COQ8A,Kinase
COQ8B,Kinase
CORIN,Proteolysis
CORO1A,Nuc acid bind
CORO1A,Immune
CORO1C,Signaling
CORO2A,Signaling
COX14,Protein folding
COX19,Protein folding
CPA1,Proteolysis
CPA2,Proteolysis
CPA3,Proteolysis
CPA4,Proteolysis
CPA5,Proteolysis
CPA6,Proteolysis
CPAP,Cell cycle
CPB1,Proteolysis
CPB2,Proteolysis
CPD,Proteolysis
CPE,Proteolysis
CPEB1,RNA processing
CPEB1,Nuc acid bind
CPEB1,Translation
CPEB2,Nuc acid bind
CPEB2,Translation
CPEB3,Transcription
CPEB3,Nuc acid bind
CPEB3,Translation
CPEB4,Nuc acid bind
CPEB4,Translation
CPHXL,Transcription
CPHXL2,Transcription
CPLANE2,GTPase
CPM,Proteolysis
CPN1,Proteolysis
CPNE1,Transport
CPNE1,Proteolysis
CPNE3,Nuc acid bind
CPO,Proteolysis
CPQ,Proteolysis
CPS1,Proteolysis
CPSF1,RNA processing
CPSF1,Nuc acid bind
CPSF2,RNA processing
CPSF2,Nuc acid bind
CPSF3,RNA processing
CPSF3,Nuc acid bind
CPSF4,RNA processing
CPSF4,Nuc acid bind
CPSF4L,Nuc acid bind
CPSF6,RNA processing
CPSF6,Nuc acid bind
CPSF7,RNA processing
CPSF7,Nuc acid bind
CPVL,Proteolysis
CPXM1,Proteolysis
CPXM2,Proteolysis
CPZ,Proteolysis
CR1,Immune
CR2,Immune
CRABP1,Signaling
CRABP2,Transcription
CRABP2,Signaling
CRACR2A,Transport
CRACR2A,Ion channel
CRACR2A,GTPase
CRADD,Signaling
CRADD,DNA repair
CRADD,Apoptosis
CRBN,Ubiquitin
CRCP,Immune
CREB1,Transcription
CREB1,Kinase
CREB1,Signaling
CREB1,Apoptosis
CREB3,Transcription
CREB3L1,Transcription
CREB3L2,Transcription
CREB3L3,Transcription
CREB3L4,Transcription
CREB5,Transcription
CREBBP,Chromatin
CREBBP,Transcription
CREBL2,Transcription
CREBL2,Signaling
CREBRF,Transcription
CREBZF,Transcription
CREG1,Transcription
CRELD1,Structural
CREM,Transcription
CREM,Signaling
CRH,Signaling
CRH,Immune
CRHBP,Signaling
CRHBP,Immune
CRHR1,Signaling
CRHR1,Immune
CRHR2,Signaling
CRIP1,Immune
CRIPT,RNA processing
CRIPTO,Signaling
CRIPTO3,Signaling
CRISP3,Immune
CRK,Transcription
CRKL,Signaling
CRKL,Nuc acid bind
CRLF2,Signaling
CRLF3,Transcription
CRNKL1,RNA processing
CRNKL1,Nuc acid bind
CROCC,Structural
CRP,Immune
CRTAM,Cell adhesion
CRTAP,Protein folding
CRTC1,Transcription
CRTC2,Transcription
CRTC3,Transcription
CRX,Transcription
CRY1,Transcription
CRY2,Transcription
CRYAA,Structural
CRYAA,Protein folding
CRYAB,Structural
CRYAB,Protein folding
CRYBB2,Structural
CRYM,Transcription
CRYZ,Nuc acid bind
CS,Nuc acid bind
CSDC2,RNA processing
CSDC2,Nuc acid bind
CSDE1,Nuc acid bind
CSF1,Immune
CSF1R,Kinase
CSF1R,Signaling
CSF1R,Immune
CSF2,Signaling
CSF2,Immune
CSF2RA,Signaling
CSF2RB,Signaling
CSF3,Transcription
CSF3,Immune
CSF3R,Signaling
CSF3R,Cell adhesion
CSK,Kinase
CSK,Signaling
CSKMT,Methylation
CSN2,Ion channel
CSNK1A1,Cell cycle
CSNK1A1,Kinase
CSNK1A1,Signaling
CSNK1A1L,Kinase
CSNK1A1L,Signaling
CSNK1D,Kinase
CSNK1D,Signaling
CSNK1E,Kinase
CSNK1E,Signaling
CSNK1E,DNA repair
CSNK1E,Nuc acid bind
CSNK1G1,Kinase
CSNK1G1,Signaling
CSNK1G2,Kinase
CSNK1G2,Signaling
CSNK1G3,Kinase
CSNK1G3,Signaling
CSNK2A1,Kinase
CSNK2A1,Signaling
CSNK2A1,DNA repair
CSNK2A1,Apoptosis
CSNK2A1,Protein folding
CSNK2A2,Kinase
CSNK2A2,DNA repair
CSNK2A2,Apoptosis
CSNK2A3,Kinase
CSNK2B,Signaling
CSPG4,Signaling
CSPG5,Signaling
CSPG5,Cytoskeleton
CSRNP1,Transcription
CSRNP1,Apoptosis
CSRNP2,Transcription
CSRNP2,Apoptosis
CSRNP3,Transcription
CSRNP3,Apoptosis
CSRP1,Nuc acid bind
CSRP3,Transcription
CST3,Immune
CST7,Immune
CSTA,Cell adhesion
CSTB,Nuc acid bind
CSTF1,RNA processing
CSTF1,Nuc acid bind
CSTF2,RNA processing
CSTF2,Nuc acid bind
CSTF2T,RNA processing
CSTF2T,Nuc acid bind
CSTF3,RNA processing
CSTF3,Nuc acid bind
CTBP1,Transcription
CTBP1,Kinase
CTBP1-DT,DNA repair
CTBP2,Transcription
CTCF,Chromatin
CTCF,Transcription
CTCFL,Chromatin
CTCFL,Transcription
CTDNEP1,Phosphatase
CTDP1,Transcription
CTDP1,Cell cycle
CTDP1,Phosphatase
CTDSP1,Transcription
CTDSP1,Phosphatase
CTDSP2,Transcription
CTDSP2,Phosphatase
CTDSPL,Transcription
CTDSPL,Phosphatase
CTDSPL2,Transcription
CTDSPL2,Phosphatase
CTHRC1,Structural
CTIF,Nuc acid bind
CTLA4,DNA repair
CTLA4,Immune
CTLA4,Apoptosis
CTNNA1,Nuc acid bind
CTNNA1,Structural
CTNNA1,Cell adhesion
CTNNA2,Structural
CTNNA2,Cell adhesion
CTNNA2,Cytoskeleton
CTNNA3,Cell adhesion
CTNNAL1,Cell adhesion
CTNNB1,Transcription
CTNNB1,Ubiquitin
CTNNB1,Apoptosis
CTNNB1,Cell adhesion
CTNNBIP1,Transcription
CTNNBL1,RNA processing
CTNNBL1,Apoptosis
CTNND1,Transcription
CTNND1,Cell adhesion
CTNND2,Signaling
CTNND2,Cell adhesion
CTNS,Transport
CTPS1,Chromatin
CTPS1,DNA repair
CTR9,Chromatin
CTR9,Transcription
CTRB1,Proteolysis
CTRB2,Proteolysis
CTRC,Proteolysis
CTRL,Proteolysis
CTSA,Proteolysis
CTSB,Proteolysis
CTSC,Proteolysis
CTSC,Immune
CTSC,Apoptosis
CTSD,Proteolysis
CTSD,Apoptosis
CTSE,Proteolysis
CTSF,Proteolysis
CTSG,Proteolysis
CTSG,Immune
CTSH,Proteolysis
CTSH,Immune
CTSH,Apoptosis
CTSK,Proteolysis
CTSL,Proteolysis
CTSO,Proteolysis
CTSS,Proteolysis
CTSS,Immune
CTSV,Proteolysis
CTSW,Proteolysis
CTSW,Immune
CTSZ,Proteolysis
CTTN,Signaling
CTTNBP2NL,Phosphatase
CTU1,Nuc acid bind
CUL1,Transcription
CUL1,Ubiquitin
CUL2,Transcription
CUL2,Ubiquitin
CUL3,Cell cycle
CUL3,Ubiquitin
CUL3,Signaling
CUL3,Transport
CUL3,Immune
CUL3,Apoptosis
CUL4A,Ubiquitin
CUL4A,DNA repair
CUL4B,Ubiquitin
CUL4B,DNA repair
CUL5,Ubiquitin
CUL5,Signaling
CUL7,Ubiquitin
CUL7,Proteolysis
CUL7,Cytoskeleton
CUL9,Ubiquitin
CUL9,Cytoskeleton
CUX1,Transcription
CUX2,Transcription
CUZD1,Cell cycle
CUZD1,Cell adhesion
CWC15,RNA processing
CWC15,Nuc acid bind
CWC22,RNA processing
CWC22,Nuc acid bind
CWC25,RNA processing
CWC27,Protein folding
CX3CL1,Transcription
CX3CL1,Immune
CX3CL1,Cell adhesion
CX3CR1,Signaling
CX3CR1,Immune
CX3CR1,Cell adhesion
CXADR,Cell adhesion
CXCL1,Signaling
CXCL1,Immune
CXCL10,Transcription
CXCL10,Signaling
CXCL10,Immune
CXCL11,Signaling
CXCL11,Immune
CXCL12,Signaling
CXCL12,Immune
CXCL12,Cell adhesion
CXCL13,Signaling
CXCL13,Immune
CXCL14,Signaling
CXCL14,Immune
CXCL16,Signaling
CXCL2,Signaling
CXCL2,Immune
CXCL3,Signaling
CXCL3,Immune
CXCL5,Signaling
CXCL5,Immune
CXCL6,Signaling
CXCL6,Immune
CXCL8,Signaling
CXCL8,Immune
CXCL9,Signaling
CXCL9,Immune
CXCR1,Signaling
CXCR1,Immune
CXCR2,Signaling
CXCR2,Immune
CXCR3,Signaling
CXCR3,Immune
CXCR3,Apoptosis
CXCR3,Cell adhesion
CXCR4,Signaling
CXCR4,Immune
CXCR4,Apoptosis
CXCR5,Signaling
CXCR5,Immune
CXCR6,Signaling
CXCR6,Immune
CXXC1,Chromatin
CXXC1,Transcription
CXXC5,Transcription
CYB561,Transport
CYB561A3,Transport
CYB561D1,Transport
CYB561D2,Transport
CYBA,Immune
CYBB,Immune
CYBB,Ion channel
CYBC1,Immune
CYBRD1,Transport
CYCS,Apoptosis
CYFIP2,Apoptosis
CYFIP2,Cell adhesion
CYLC1,Structural
CYLC1,Cytoskeleton
CYLC2,Structural
CYLC2,Cytoskeleton
CYLD,Proteolysis
CYLD,Immune
CYP11B1,Immune
CYP1A2,Methylation
CYP1B1,Apoptosis
CYP1B1,Cell adhesion
CYP27B1,Ion channel
CYREN,DNA repair
CYSLTR1,Signaling
CYSLTR2,Signaling
CYSLTR2,Immune
CYTH1,Transport
CYTH2,Transport
CYTH3,Transport
CYTH4,Transport
CYTL1,Transcription
CYTL1,Signaling
DAB2,Transcription
DAB2,Apoptosis
DAB2IP,Transcription
DAB2IP,Signaling
DAB2IP,Immune
DAB2IP,Apoptosis
DACH1,Transcription
DACH2,Transcription
DACT1,Transcription
DAD1,Apoptosis
DAP,Apoptosis
DAP3,Nuc acid bind
DAP3,Apoptosis
DAP3,Translation
DAP3,GTPase
DAPK1,Kinase
DAPK1,Signaling
DAPK1,Apoptosis
DAPK2,Kinase
DAPK2,Signaling
DAPK2,Apoptosis
DAPK3,Chromatin
DAPK3,Transcription
DAPK3,Kinase
DAPK3,Signaling
DAPK3,Apoptosis
DAPL1,Apoptosis
DAPP1,Signaling
DAPP1,Phosphatase
DARS1,Nuc acid bind
DARS1,Translation
DARS2,Nuc acid bind
DARS2,Translation
DAW1,Ubiquitin
DAXX,Chromatin
DAXX,Transcription
DAXX,Apoptosis
DAZ1,Nuc acid bind
DAZ2,Nuc acid bind
DAZ3,Nuc acid bind
DAZ4,Nuc acid bind
DAZAP1,Nuc acid bind
DAZL,Nuc acid bind
DBF4,Nuc acid bind
DBF4B,Nuc acid bind
DBP,Transcription
DBR1,RNA processing
DBR1,Nuc acid bind
DBX1,Transcription
DBX2,Transcription
DCAF1,Chromatin
DCAF1,Transcription
DCAF1,Ubiquitin
DCAF10,Ubiquitin
DCAF11,Ubiquitin
DCAF12,Ubiquitin
DCAF13,Ubiquitin
DCAF13,Nuc acid bind
DCAF15,Ubiquitin
DCAF16,Ubiquitin
DCAF17,Ubiquitin
DCAF4,Ubiquitin
DCAF5,Ubiquitin
DCAF6,Transcription
DCAF6,Ubiquitin
DCAF7,Ubiquitin
DCAF8,Ubiquitin
DCC,Apoptosis
DCD,Nuc acid bind
DCD,Proteolysis
DCD,Ion channel
DCDC1,Cell cycle
DCDC1,Signaling
DCDC2,Signaling
DCDC2B,Signaling
DCDC2C,Signaling
DCHS1,Cell adhesion
DCHS2,Cell adhesion
DCLK1,Kinase
DCLK1,Signaling
DCLK2,Kinase
DCLK2,Signaling
DCLK2,Cytoskeleton
DCLK3,Kinase
DCLRE1A,Cell cycle
DCLRE1A,DNA repair
DCLRE1B,DNA repair
DCLRE1C,DNA repair
DCN,Transcription
DCN,Nuc acid bind
DCP2,Nuc acid bind
DCPH1,DNA repair
DCPH1,Methylation
DCPS,RNA processing
DCST1,Ubiquitin
DCST1,Immune
DCTN1,Cell cycle
DCTN3,Cell cycle
DCTN3,Structural
DCUN1D3,Apoptosis
DCUN1D5,DNA repair
DCX,Signaling
DDA1,Ubiquitin
DDB1,Ubiquitin
DDB1,DNA repair
DDB1,Nuc acid bind
DDB2,Ubiquitin
DDB2,DNA repair
DDI1,Proteolysis
DDI2,Proteolysis
DDIAS,Apoptosis
DDIT3,Transcription
DDIT3,Signaling
DDIT3,DNA repair
DDIT3,Apoptosis
DDIT4,Signaling
DDIT4,Apoptosis
DDN,Transcription
DDR1,Kinase
DDR1,Cell adhesion
DDR2,Kinase
DDR2,Signaling
DDR2,Cell adhesion
DDRGK1,Transcription
DDX1,RNA processing
DDX1,Nuc acid bind
DDX1,Immune
DDX10,Nuc acid bind
DDX11,DNA repair
DDX11,Nuc acid bind
DDX11L8,Nuc acid bind
DDX12P,Nuc acid bind
DDX17,Transcription
DDX17,RNA processing
DDX17,Nuc acid bind
DDX18,Nuc acid bind
DDX19A,Nuc acid bind
DDX19A,Apoptosis
DDX19B,Nuc acid bind
DDX20,Transcription
DDX20,RNA processing
DDX20,Nuc acid bind
DDX20,Apoptosis
DDX21,Chromatin
DDX21,Transcription
DDX21,Nuc acid bind
DDX21,Immune
DDX23,RNA processing
DDX23,Nuc acid bind
DDX24,Nuc acid bind
DDX25,Nuc acid bind
DDX27,Nuc acid bind
DDX28,Nuc acid bind
DDX31,Nuc acid bind
DDX39A,RNA processing
DDX39A,Nuc acid bind
DDX39B,RNA processing
DDX39B,Nuc acid bind
DDX3X,Transcription
DDX3X,Signaling
DDX3X,Nuc acid bind
DDX3X,Immune
DDX3X,Apoptosis
DDX3X,GTPase
DDX3Y,Nuc acid bind
DDX4,Nuc acid bind
DDX41,RNA processing
DDX41,Nuc acid bind
DDX41,Apoptosis
DDX42,Nuc acid bind
DDX43,Nuc acid bind
DDX46,RNA processing
DDX46,Nuc acid bind
DDX47,RNA processing
DDX47,Nuc acid bind
DDX47,Apoptosis
DDX49,Nuc acid bind
DDX5,Transcription
DDX5,RNA processing
DDX5,Nuc acid bind
DDX50,Nuc acid bind
DDX51,Nuc acid bind
DDX52,Nuc acid bind
DDX53,Nuc acid bind
DDX54,RNA processing
DDX54,Nuc acid bind
DDX55,Nuc acid bind
DDX56,Nuc acid bind
DDX59,Nuc acid bind
DDX6,Nuc acid bind
DDX60,Nuc acid bind
DDX60,Immune
DDX60L,Nuc acid bind
DEAF1,Transcription
DEDD,Apoptosis
DEDD2,Signaling
DEDD2,RNA processing
DEDD2,Apoptosis
DEFA1,Immune
DEFA3,Immune
DEFA4,Immune
DEFA5,Immune
DEFA6,Immune
DEFB1,Immune
DEFB104A,Immune
DEFB105A,Immune
DEFB106A,Immune
DEFB107A,Immune
DEFB108A,Immune
DEFB108B,Immune
DEFB110,Immune
DEFB112,Immune
DEFB113,Immune
DEFB114,Immune
DEFB115,Immune
DEFB116,Immune
DEFB118,Immune
DEFB121,Immune
DEFB123,Immune
DEFB124,Immune
DEFB125,Immune
DEFB127,Immune
DEFB128,Immune
DEFB131A,Immune
DEFB131B,Immune
DEFB132,Immune
DEFB133,Immune
DEFB134,Immune
DEFB135,Immune
DEFB4A,Immune
DEK,Chromatin
DEK,Transcription
DEK,Signaling
DEK,Nuc acid bind
DELE1,DNA repair
DELE1,Apoptosis
DENND4A,Transcription
DENR,Translation
DEPDC1,Signaling
DEPDC1B,Signaling
DEPDC4,Signaling
DEPDC5,Signaling
DEPDC7,Signaling
DEPTOR,Signaling
DES,Structural
DES,Cytoskeleton
DESI1,Proteolysis
DESI2,Proteolysis
DET1,Ubiquitin
DFFA,Apoptosis
DFFB,Apoptosis
DGCR2,Cell adhesion
DGCR6,Cell adhesion
DGCR8,DNA repair
DGCR8,Nuc acid bind
DGKA,Signaling
DGKB,Signaling
DGKD,Signaling
DGKE,Signaling
DGKG,Signaling
DGKH,Signaling
DGKI,Signaling
DGKK,Signaling
DGKQ,Transcription
DGKQ,Signaling
DGKZ,Signaling
DHFR,Nuc acid bind
DHH,Proteolysis
DHPS,Translation
DHX15,RNA processing
DHX15,Nuc acid bind
DHX15,Immune
DHX16,RNA processing
DHX16,Nuc acid bind
DHX16,Immune
DHX29,Nuc acid bind
DHX29,Translation
DHX30,Nuc acid bind
DHX32,Nuc acid bind
DHX33,Nuc acid bind
DHX34,Nuc acid bind
DHX35,RNA processing
DHX35,Nuc acid bind
DHX36,Transcription
DHX36,Nuc acid bind
DHX36,Immune
DHX37,Nuc acid bind
DHX38,RNA processing
DHX38,Nuc acid bind
DHX40,Nuc acid bind
DHX57,Nuc acid bind
DHX58,Nuc acid bind
DHX58,Immune
DHX8,RNA processing
DHX8,Nuc acid bind
DHX9,Chromatin
DHX9,Transcription
DHX9,RNA processing
DHX9,Nuc acid bind
DHX9,Immune
DIABLO,Apoptosis
DIAPH1,Nuc acid bind
DIAPH1,Cytoskeleton
DIAPH2-AS1,Signaling
DIAPH3,Cytoskeleton
DICER1,Transcription
DICER1,RNA processing
DICER1,Nuc acid bind
DIDO1,Nuc acid bind
DIDO1,Apoptosis
DIMT1,Nuc acid bind
DIMT1,Methylation
DIRAS1,Signaling
DIRAS1,GTPase
DIRAS2,Signaling
DIRAS2,GTPase
DIRAS3,Signaling
DIRAS3,GTPase
DIS3,RNA processing
DIS3,Nuc acid bind
DIS3L,RNA processing
DIS3L,Nuc acid bind
DIS3L2,Cell cycle
DIS3L2,Nuc acid bind
DISC1,Cytoskeleton
DKC1,RNA processing
DKC1,Nuc acid bind
DKK1,Transcription
DKKL1,Apoptosis
DLC1,Signaling
DLG1,Transcription
DLG1,Phosphatase
DLG4,Signaling
DLG5,Signaling
DLL1,Transcription
DLL4,Transcription
DLL4,Signaling
DLX1,Transcription
DLX2,Transcription
DLX3,Transcription
DLX4,Transcription
DLX5,Transcription
DLX6,Transcription
DMAC2L,Ion channel
DMAP1,Chromatin
DMAP1,Transcription
DMAP1,DNA repair
DMBT1,Transport
DMBT1,Immune
DMBX1,Transcription
DMC1,DNA repair
DMD,Structural
DMD,Cytoskeleton
DMGDH,Nuc acid bind
DMPK,Kinase
DMRT1,Transcription
DMRT1,Signaling
DMRT2,Transcription
DMRT3,Transcription
DMRTA1,Transcription
DMRTA2,Transcription
DMRTB1,Transcription
DMRTC1,Transcription
DMRTC2,Transcription
DMTF1,Transcription
DMTN,Cytoskeleton
DNA2,DNA repair
DNA2,Nuc acid bind
DNAAF10,Apoptosis
DNAJA1,Apoptosis
DNAJA1,Protein folding
DNAJA2,Protein folding
DNAJA3,Transcription
DNAJA3,Apoptosis
DNAJA3,Protein folding
DNAJA4,Protein folding
DNAJB1,Transcription
DNAJB1,Protein folding
DNAJB11,Protein folding
DNAJB12,Protein folding
DNAJB13,Protein folding
DNAJB14,Protein folding
DNAJB2,Protein folding
DNAJB3,Protein folding
DNAJB4,Transcription
DNAJB4,Protein folding
DNAJB5,Protein folding
DNAJB6,Protein folding
DNAJB7,Protein folding
DNAJB8,Protein folding
DNAJC17,Nuc acid bind
DNAJC18,Protein folding
DNAJC19,Protein folding
DNAJC2,Chromatin
DNAJC2,Nuc acid bind
DNAJC2,Protein folding
DNAJC21,Nuc acid bind
DNAJC21,Protein folding
DNAJC24,Protein folding
DNAJC25,Protein folding
DNAJC27,GTPase
DNAJC4,Protein folding
DNAJC5,Protein folding
DNAJC6,Phosphatase
DNAJC7,Protein folding
DNASE1,Apoptosis
DNASE1L3,Apoptosis
DNASE2,Apoptosis
DND1,Nuc acid bind
DNLZ,Protein folding
DNM1,Nuc acid bind
DNM1,GTPase
DNM1L,GTPase
DNM1P34,GTPase
DNM2,Transcription
DNM2,Signaling
DNM2,Apoptosis
DNM2,GTPase
DNM3,GTPase
DNMBP,Signaling
DNMT1,Chromatin
DNMT1,Transcription
DNMT1,Nuc acid bind
DNMT1,Methylation
DNMT3A,Chromatin
DNMT3A,Transcription
DNMT3A,Methylation
DNMT3B,Transcription
DNMT3B,Methylation
DNPEP,Proteolysis
DNTT,DNA repair
DNTTIP1,Chromatin
DNTTIP2,RNA processing
DNTTIP2,Nuc acid bind
DOCK1,Signaling
DOCK1,Apoptosis
DOCK1,GTPase
DOCK10,GTPase
DOCK11,GTPase
DOCK2,GTPase
DOCK3,GTPase
DOCK4,GTPase
DOCK5,GTPase
DOCK6,GTPase
DOCK7,Cytoskeleton
DOCK7,GTPase
DOCK8,GTPase
DOCK9,GTPase
DOK1,Signaling
DOK2,Signaling
DOT1L,Chromatin
DOT1L,Transcription
DOT1L,DNA repair
DOT1L,Nuc acid bind
DOT1L,Methylation
DPEP1,Proteolysis
DPEP1,Immune
DPEP2,Proteolysis
DPEP3,Proteolysis
DPF1,Chromatin
DPF1,Transcription
DPF1,Apoptosis
DPF2,Chromatin
DPF2,Transcription
DPF2,Apoptosis
DPF3,Chromatin
DPF3,Transcription
DPH5,Methylation
DPP10,Proteolysis
DPP3,Proteolysis
DPP4,Proteolysis
DPP4,Cell adhesion
DPP6,Proteolysis
DPP7,Proteolysis
DPP8,Proteolysis
DPP8,Immune
DPP8,Apoptosis
DPP9,Proteolysis
DPPA3,Chromatin
DPPA5,Nuc acid bind
DPRX,Transcription
DPT,Structural
DPT,Cell adhesion
DPY30,Chromatin
DPYSL2,Signaling
DPYSL2,Cytoskeleton
DPYSL5,Signaling
DQX1,Nuc acid bind
DR1,Transcription
DRAM1,Apoptosis
DRAM2,Apoptosis
DRAP1,Transcription
DRC4,Cytoskeleton
DRD1,Signaling
DRD2,Transcription
DRD2,Signaling
DRD3,Signaling
DRD4,Signaling
DRD5,Signaling
DRG1,GTPase
DRG2,Signaling
DRG2,Nuc acid bind
DRG2,GTPase
DRGX,Transcription
DROSHA,RNA processing
DROSHA,Nuc acid bind
DSC1,Cell adhesion
DSC2,Cell adhesion
DSC3,Cell adhesion
DSCAM,Cell adhesion
DSCAML1,Cell adhesion
DSG1,Cell adhesion
DSG2,Cell adhesion
DSG3,Cell adhesion
DSG4,Cell adhesion
DSN1,Cell cycle
DSP,Nuc acid bind
DSP,Structural
DSPP,Structural
DST,Structural
DST,Cell adhesion
DST,Cytoskeleton
DSTYK,Kinase
DTD1,Nuc acid bind
DTD2,Nuc acid bind
DTHD1,Signaling
DTL,Ubiquitin
DTL,DNA repair
DTNA,Signaling
DTX1,Ubiquitin
DTX1,Signaling
DTX2,Ubiquitin
DTX3,Ubiquitin
DTX3L,Chromatin
DTX3L,Ubiquitin
DTX3L,DNA repair
DTX3L,Immune
DTX4,Ubiquitin
DUS2,Nuc acid bind
DUS3L,RNA processing
DUS3L,Nuc acid bind
DUSP1,Signaling
DUSP1,Apoptosis
DUSP1,Phosphatase
DUSP10,Phosphatase
DUSP11,RNA processing
DUSP11,Nuc acid bind
DUSP11,Phosphatase
DUSP12,Phosphatase
DUSP13A,Phosphatase
DUSP13B,Phosphatase
DUSP14,Nuc acid bind
DUSP14,Phosphatase
DUSP15,Transcription
DUSP15,Signaling
DUSP15,Phosphatase
DUSP16,Phosphatase
DUSP18,Phosphatase
DUSP19,Phosphatase
DUSP2,Phosphatase
DUSP21,Phosphatase
DUSP22,Transcription
DUSP22,Signaling
DUSP22,Phosphatase
DUSP23,Phosphatase
DUSP26,Transcription
DUSP26,Phosphatase
DUSP28,Phosphatase
DUSP29,Phosphatase
DUSP3,Phosphatase
DUSP4,Phosphatase
DUSP5,Phosphatase
DUSP6,Apoptosis
DUSP6,Phosphatase
DUSP7,Phosphatase
DUSP8,Phosphatase
DUSP9,Phosphatase
DUT,Nuc acid bind
DUX1,Transcription
DUX3,Transcription
DUX4,Transcription
DUX4,Apoptosis
DUX4L2,Transcription
DUX4L3,Transcription
DUX4L4,Transcription
DUX4L5,Transcription
DUX4L6,Transcription
DUX4L7,Transcription
DUX4L9,Transcription
DUX5,Transcription
DUXA,Transcription
DUXB,Transcription
DVL1,Transcription
DVL1,Signaling
DVL1P1,Transcription
DVL1P1,Signaling
DVL2,Transcription
DVL2,Signaling
DVL2,GTPase
DVL3,Transcription
DVL3,Signaling
DVL3,GTPase
DXO,Nuc acid bind
DYNC1H1,Cell cycle
DYNC1H1,Nuc acid bind
DYNC1LI1,Cell cycle
DYNC1LI1,Nuc acid bind
DYNC1LI1,Cytoskeleton
DYNC1LI2,Cytoskeleton
DYNLL1,DNA repair
DYNLL1,Apoptosis
DYNLT1,Cell cycle
DYNLT3,Cell cycle
DYRK1A,Chromatin
DYRK1A,Transcription
DYRK1A,Kinase
DYRK1B,Kinase
DYRK1B,DNA repair
DYRK2,Kinase
DYRK2,DNA repair
DYRK2,Apoptosis
DYRK3,Cell cycle
DYRK3,Kinase
DYRK4,Kinase
DZIP3,Ubiquitin
DZIP3,Nuc acid bind
E2F1,Transcription
E2F1,Apoptosis
E2F2,Transcription
E2F3,Transcription
E2F4,Transcription
E2F5,Transcription
E2F6,Transcription
E2F7,Transcription
E2F7,DNA repair
E2F8,Transcription
E4F1,Transcription
E4F1,Cell cycle
E4F1,Ubiquitin
EAF2,Transcription
EAF2,Apoptosis
EARS2,Nuc acid bind
EARS2,Translation
EBAG9,Apoptosis
EBF1,Transcription
EBF2,Transcription
EBF3,Transcription
EBF4,Transcription
EBNA1BP2,Nuc acid bind
ECD,Transcription
ECD,RNA processing
ECE1,Signaling
ECE1,Proteolysis
ECE2,Proteolysis
ECE2,Methylation
ECEL1,Proteolysis
ECHDC2,Nuc acid bind
ECM1,Signaling
ECM1,Structural
ECSCR,Apoptosis
ECSIT,Immune
ECT2,Cell cycle
ECT2,Signaling
ECT2,Apoptosis
EDA,Signaling
EDA,Immune
EDAR,Apoptosis
EDARADD,Signaling
EDC3,Nuc acid bind
EDF1,Transcription
EDF1,Nuc acid bind
EDIL3,Structural
EDIL3,Cell adhesion
EDN1,Transcription
EDN1,Signaling
EDN2,Signaling
EDN3,Signaling
EDNRA,Signaling
EDNRB,Transcription
EDNRB,Signaling
EED,Chromatin
EED,Transcription
EEF1A1,Nuc acid bind
EEF1A1,Translation
EEF1A1,GTPase
EEF1A1P5,Translation
EEF1A1P5,GTPase
EEF1A2,Translation
EEF1A2,GTPase
EEF1AKMT1,Nuc acid bind
EEF1AKMT1,Methylation
EEF1AKMT2,Methylation
EEF1AKMT3,Methylation
EEF1AKMT4,Methylation
EEF1AKMT4-ECE2,Proteolysis
EEF1AKMT4-ECE2,Methylation
EEF1B2,Translation
EEF1D,Translation
EEF1DP3,Translation
EEF1E1,Apoptosis
EEF1E1,Translation
EEF1G,Translation
EEF2,Nuc acid bind
EEF2,Translation
EEF2,GTPase
EEF2K,Kinase
EEF2KMT,Methylation
EEFSEC,Translation
EEFSEC,GTPase
EEPD1,DNA repair
EFCAB11,Cytoskeleton
EFCAB7,Transcription
EFEMP1,Transcription
EFEMP1,Structural
EFEMP2,Structural
EFHB,Ion channel
EFL1,Translation
EFL1,GTPase
EFNA1,Transcription
EFNA5,Apoptosis
EFNB1,Cell adhesion
EFNB2,Cell adhesion
EFS,Signaling
EFS,Cell adhesion
EFTUD2,RNA processing
EFTUD2,Nuc acid bind
EFTUD2,GTPase
EGFEM1P,Transport
EGFL6,Cell adhesion
EGFL7,Cell adhesion
EGFLAM,Signaling
EGFR,Transcription
EGFR,Kinase
EGFR,Signaling
EGLN1,Transcription
EGLN3,DNA repair
EGLN3,Apoptosis
EGR1,Transcription
EGR2,Transcription
EGR3,Transcription
EGR4,Transcription
EHD2,Nuc acid bind
EHD3,Nuc acid bind
EHD4,Nuc acid bind
EHF,Transcription
EHMT1,Chromatin
EHMT1,Transcription
EHMT1,Methylation
EHMT2,Chromatin
EHMT2,Transcription
EHMT2,Methylation
EI24,Apoptosis
EID1,Transcription
EID2,Transcription
EID3,DNA repair
EIF1,Nuc acid bind
EIF1,Translation
EIF1AD,Nuc acid bind
EIF1AX,Nuc acid bind
EIF1AX,Translation
EIF1AY,Nuc acid bind
EIF1AY,Translation
EIF1B,Nuc acid bind
EIF1B,Translation
EIF2A,Translation
EIF2AK1,Kinase
EIF2AK2,Kinase
EIF2AK2,Nuc acid bind
EIF2AK2,Immune
EIF2AK3,Kinase
EIF2AK4,Kinase
EIF2AK4,Nuc acid bind
EIF2B1,Translation
EIF2B2,Translation
EIF2B3,Translation
EIF2B4,Translation
EIF2B5,Apoptosis
EIF2B5,Translation
EIF2D,Nuc acid bind
EIF2D,Translation
EIF2S1,Nuc acid bind
EIF2S1,Translation
EIF2S2,Nuc acid bind
EIF2S2,Translation
EIF2S3,Translation
EIF2S3,GTPase
EIF2S3B,Translation
EIF2S3B,GTPase
EIF3A,Nuc acid bind
EIF3A,Structural
EIF3A,Translation
EIF3B,Nuc acid bind
EIF3B,Translation
EIF3C,Nuc acid bind
EIF3C,Translation
EIF3CL,Nuc acid bind
EIF3CL,Translation
EIF3D,Nuc acid bind
EIF3D,Translation
EIF3E,Nuc acid bind
EIF3E,Translation
EIF3F,Proteolysis
EIF3F,Translation
EIF3G,Nuc acid bind
EIF3G,Translation
EIF3H,Nuc acid bind
EIF3H,Translation
EIF3I,Nuc acid bind
EIF3I,Translation
EIF3J,Translation
EIF3K,Nuc acid bind
EIF3K,Translation
EIF3L,Nuc acid bind
EIF3L,Translation
EIF3M,Translation
EIF4A1,Transcription
EIF4A1,Nuc acid bind
EIF4A1,Translation
EIF4A2,Nuc acid bind
EIF4A2,Translation
EIF4A3,RNA processing
EIF4A3,Nuc acid bind
EIF4B,Nuc acid bind
EIF4B,Translation
EIF4E,Nuc acid bind
EIF4E,Translation
EIF4E1B,Nuc acid bind
EIF4E1B,Translation
EIF4E2,Nuc acid bind
EIF4E2,Translation
EIF4E3,Nuc acid bind
EIF4E3,Translation
EIF4EBP2,Translation
EIF4ENIF1,Nuc acid bind
EIF4G1,Nuc acid bind
EIF4G1,Translation
EIF4G2,Nuc acid bind
EIF4G2,Translation
EIF4G3,Nuc acid bind
EIF4G3,Translation
EIF4H,Nuc acid bind
EIF4H,Translation
EIF5,Nuc acid bind
EIF5,Translation
EIF5A,Transcription
EIF5A,Nuc acid bind
EIF5A,Translation
EIF5A2,Nuc acid bind
EIF5A2,Translation
EIF5AL1,Nuc acid bind
EIF5AL1,Translation
EIF5B,Nuc acid bind
EIF5B,Translation
EIF5B,GTPase
EIF6,Translation
EIPR1,Ubiquitin
ELAC2,Nuc acid bind
ELANE,Transcription
ELANE,Proteolysis
ELAPOR1,Nuc acid bind
ELAVL1,Nuc acid bind
ELAVL2,Transcription
ELAVL2,Nuc acid bind
ELAVL3,Nuc acid bind
ELAVL4,RNA processing
ELAVL4,Nuc acid bind
ELF1,Transcription
ELF2,Transcription
ELF3,Transcription
ELF3,Immune
ELF4,Transcription
ELF5,Transcription
ELK1,Transcription
ELK3,Transcription
ELK3,Signaling
ELK4,Transcription
ELL3,Transcription
ELMO1,Apoptosis
ELMO2,Apoptosis
ELMO3,Apoptosis
ELN,Structural
ELOA,Transcription
ELOA2,Transcription
ELOB,Transcription
ELOB,Ubiquitin
ELOC,Transcription
ELOC,Ubiquitin
ELOF1,DNA repair
ELP2,Transcription
ELP3,Transcription
ELP3,Nuc acid bind
ELP4,Transcription
EMB,Cell adhesion
EMC4,Apoptosis
EME1,DNA repair
EME2,DNA repair
EMG1,RNA processing
EMG1,Nuc acid bind
EMG1,Methylation
EMILIN1,Structural
EMILIN1,Cell adhesion
EMILIN2,Apoptosis
EMILIN2,Cell adhesion
EML1,Cytoskeleton
EML2,Cytoskeleton
EML3,Cell cycle
EML3,Cytoskeleton
EML4,Cell cycle
EML4,Cytoskeleton
EMP1,Apoptosis
EMP2,Apoptosis
EMP2,Cell adhesion
EMP3,Apoptosis
EMSY,Chromatin
EMSY,Transcription
EMSY,DNA repair
EMX1,Transcription
EMX2,Transcription
EN1,Transcription
EN2,Transcription
ENC1,Ubiquitin
ENDOD1,Nuc acid bind
ENDOD1,Immune
ENDOG,DNA repair
ENDOG,Nuc acid bind
ENDOU,Signaling
ENDOU,Nuc acid bind
ENDOU,Transport
ENDOU,Proteolysis
ENDOU,Immune
ENDOV,DNA repair
ENDOV,Nuc acid bind
ENG,Transcription
ENG,Cell adhesion
ENGASE,Protein folding
ENHO,Signaling
ENO1,Transcription
ENO1,Nuc acid bind
ENOX1,Nuc acid bind
ENOX2,Nuc acid bind
ENPEP,Proteolysis
ENPP1,Nuc acid bind
ENPP1,Transport
ENPP1,Immune
ENPP2,Nuc acid bind
ENPP2,Transport
ENPP2,Immune
ENPP3,Nuc acid bind
ENSA,Cell cycle
ENTPD1,Cell adhesion
ENTPD1,GTPase
ENTPD2,GTPase
ENTPD3,GTPase
ENTPD4,GTPase
ENTPD7,GTPase
ENTR1,Cell cycle
ENY2,Chromatin
ENY2,Transcription
EOMES,Chromatin
EOMES,Transcription
EP300,Chromatin
EP300,Transcription
EP300,Apoptosis
EP400,Chromatin
EP400,DNA repair
EP400P1,Chromatin
EPAS1,Transcription
EPAS1,Signaling
EPB41,Cell cycle
EPB41,Structural
EPB41L1,Structural
EPB41L2,Cell cycle
EPB41L2,Structural
EPB41L3,Structural
EPB41L3,Apoptosis
EPB41L4B,Structural
EPB42,Structural
EPB42,Cytoskeleton
EPC1,Chromatin
EPC1,Transcription
EPC2,Chromatin
EPC2,Transcription
EPC2,DNA repair
EPCAM,Transcription
EPGN,Signaling
EPHA1,Kinase
EPHA1,Cell adhesion
EPHA10,Kinase
EPHA2,Kinase
EPHA2,Apoptosis
EPHA2,Cell adhesion
EPHA3,Kinase
EPHA3,Cell adhesion
EPHA4,Kinase
EPHA4,Cell adhesion
EPHA5,Kinase
EPHA6,Kinase
EPHA7,Kinase
EPHA7,Apoptosis
EPHA8,Kinase
EPHA8,Cell adhesion
EPHB1,Kinase
EPHB1,Cell adhesion
EPHB2,Kinase
EPHB3,Kinase
EPHB4,Kinase
EPHB4,Cell adhesion
EPHB6,Kinase
EPO,Transcription
EPO,Signaling
EPOP,Transcription
EPOR,Signaling
EPPK1,Nuc acid bind
EPPK1,Structural
EPRS1,Nuc acid bind
EPRS1,Translation
ERAL1,Nuc acid bind
ERAP1,Proteolysis
ERAP2,Proteolysis
ERAS,Signaling
ERAS,GTPase
ERBB2,Kinase
ERBB2,Signaling
ERBB3,Kinase
ERBB3,Signaling
ERBB4,Kinase
ERBB4,Signaling
ERBB4,Apoptosis
ERBIN,Signaling
ERBIN,Structural
ERBIN,Cytoskeleton
ERC1,Transcription
ERCC1,DNA repair
ERCC2,Transcription
ERCC2,DNA repair
ERCC2,Nuc acid bind
ERCC2,Apoptosis
ERCC3,DNA repair
ERCC3,Apoptosis
ERCC4,DNA repair
ERCC5,DNA repair
ERCC6,Chromatin
ERCC6,Transcription
ERCC6,DNA repair
ERCC6L,Cell cycle
ERCC6L,DNA repair
ERCC6L2,DNA repair
ERCC8,Ubiquitin
ERCC8,DNA repair
ERF,Transcription
ERFE,Signaling
ERFL,Transcription
ERG,Transcription
ERG,Kinase
ERG,Signaling
ERGIC1,Transport
ERGIC2,Transport
ERGIC3,Transport
ERH,Nuc acid bind
ERI1,Nuc acid bind
ERI2,Nuc acid bind
ERI3,Nuc acid bind
ERLEC1,Protein folding
ERMP1,Proteolysis
ERN1,Kinase
ERN1,RNA processing
ERN1,Apoptosis
ERN1,Protein folding
ERN2,Transcription
ERN2,Kinase
ERN2,RNA processing
ERN2,Apoptosis
ERN2,Protein folding
ERO1A,Apoptosis
ERO1A,Protein folding
ERO1B,Protein folding
ERP27,Protein folding
ERP29,Protein folding
ERP44,Protein folding
ERVK-10,Nuc acid bind
ERVK-11,Nuc acid bind
ERVK-16,Nuc acid bind
ERVK-18,Nuc acid bind
ERVK-19,Nuc acid bind
ERVK-21,Structural
ERVK-24,Nuc acid bind
ERVK-24,Structural
ERVK-25,Nuc acid bind
ERVK-5,Nuc acid bind
ERVK-5,Structural
ERVK-6,Nuc acid bind
ERVK-7,Nuc acid bind
ERVK-7,Structural
ERVK-8,Nuc acid bind
ERVK-9,Nuc acid bind
ERVK-9,Proteolysis
ERVK-9,Structural
ERVK13-1,Structural
ESAM,Cell adhesion
ESF1,Nuc acid bind
ESM1,Structural
ESPL1,Proteolysis
ESPL1,Apoptosis
ESR1,Chromatin
ESR1,Transcription
ESR1,Signaling
ESR2,Transcription
ESR2,Signaling
ESRP1,RNA processing
ESRP1,Nuc acid bind
ESRP2,RNA processing
ESRP2,Nuc acid bind
ESRRA,Transcription
ESRRB,Transcription
ESRRG,Transcription
ESS2,RNA processing
ESX1,Transcription
ETAA1,DNA repair
ETF1,Nuc acid bind
ETF1,Translation
ETFBKMT,Methylation
ETS1,Transcription
ETS1,Nuc acid bind
ETS1,Immune
ETS2,Transcription
ETV1,Transcription
ETV2,Transcription
ETV3,Transcription
ETV3L,Transcription
ETV4,Transcription
ETV5,Transcription
ETV6,Transcription
ETV7,Transcription
EVA1A,Apoptosis
EVI5,Cell cycle
EVL,Signaling
EVPL,Structural
EVX1,Transcription
EVX2,Transcription
EWSR1,Transcription
EWSR1,Nuc acid bind
EXD1,Nuc acid bind
EXD2,DNA repair
EXD2,Nuc acid bind
EXD3,Nuc acid bind
EXO1,DNA repair
EXO5,DNA repair
EXOG,Nuc acid bind
EXOSC1,RNA processing
EXOSC1,Nuc acid bind
EXOSC10,RNA processing
EXOSC10,DNA repair
EXOSC10,Nuc acid bind
EXOSC2,RNA processing
EXOSC2,Nuc acid bind
EXOSC3,RNA processing
EXOSC3,Nuc acid bind
EXOSC4,RNA processing
EXOSC4,Nuc acid bind
EXOSC5,RNA processing
EXOSC5,Nuc acid bind
EXOSC6,RNA processing
EXOSC6,Nuc acid bind
EXOSC7,RNA processing
EXOSC7,Nuc acid bind
EXOSC8,RNA processing
EXOSC8,Nuc acid bind
EXOSC9,Transcription
EXOSC9,RNA processing
EXOSC9,Nuc acid bind
EXOSC9,Immune
EYA1,Chromatin
EYA1,DNA repair
EYA1,Nuc acid bind
EYA1,Phosphatase
EYA2,Chromatin
EYA2,DNA repair
EYA2,Phosphatase
EYA3,Chromatin
EYA3,DNA repair
EYA3,Phosphatase
EYA4,Chromatin
EYA4,DNA repair
EYA4,Phosphatase
EYS,Structural
EZH1,Chromatin
EZH1,Transcription
EZH1,Methylation
EZH2,Chromatin
EZH2,Transcription
EZH2,Nuc acid bind
EZH2,Methylation
EZHIP,Chromatin
EZR,Transcription
EZR,Nuc acid bind
F10,Proteolysis
F11,Proteolysis
F11R,Immune
F11R,Cell adhesion
F12,Proteolysis
F12,Immune
F2,Signaling
F2,Proteolysis
F2R,Signaling
F2R,Immune
F2R,Apoptosis
F2RL1,Transcription
F2RL1,Signaling
F2RL1,Immune
F2RL2,Signaling
F2RL3,Signaling
F7,Proteolysis
F9,Proteolysis
FAAP100,DNA repair
FAAP20,DNA repair
FAAP24,DNA repair
FADD,Transcription
FADD,Signaling
FADD,Immune
FADD,Apoptosis
FADS1,Transcription
FAF1,Apoptosis
FAIM,Apoptosis
FAIM2,Apoptosis
FAM111A,DNA repair
FAM111A,Proteolysis
FAM111B,Proteolysis
FAM120A,Nuc acid bind
FAM120C,Nuc acid bind
FAM133B,Nuc acid bind
FAM13A,Signaling
FAM13B,Signaling
FAM162A,Apoptosis
FAM20C,Kinase
FAM32A,Nuc acid bind
FAM32A,Apoptosis
FAM3A,Signaling
FAM3B,Signaling
FAM3B,Apoptosis
FAM3C,Signaling
FAM3D,Signaling
FAM47E,Chromatin
FAM50A,Chromatin
FAM50A,RNA processing
FAM50A,Nuc acid bind
FAM50B,Chromatin
FAM76B,Nuc acid bind
FAM83B,Signaling
FAM83C,Signaling
FAM83D,Cell cycle
FAM83D,Signaling
FAM83E,Signaling
FAM83F,Signaling
FAM83H,Signaling
FAM86B1,Methylation
FAM86B2,Methylation
FAM86C1P,Methylation
FAM86C2P,Methylation
FAM98A,Nuc acid bind
FAM98B,Nuc acid bind
FAN1,DNA repair
FAN1,Nuc acid bind
FANCA,DNA repair
FANCB,DNA repair
FANCC,DNA repair
FANCD2,DNA repair
FANCE,DNA repair
FANCF,DNA repair
FANCG,DNA repair
FANCI,DNA repair
FANCL,Ubiquitin
FANCL,DNA repair
FANCM,DNA repair
FANCM,Nuc acid bind
FANK1,Apoptosis
FAP,Proteolysis
FAP,Apoptosis
FAP,Cell adhesion
FARP2,Signaling
FARP2,Cell adhesion
FARS2,Translation
FARSA,Nuc acid bind
FARSA,Translation
FARSB,Nuc acid bind
FARSB,Translation
FAS,Signaling
FAS,Immune
FAS,Apoptosis
FASLG,Transcription
FASLG,Signaling
FASLG,Immune
FASLG,Apoptosis
FASN,Nuc acid bind
FASTK,Kinase
FASTK,Nuc acid bind
FASTK,Apoptosis
FASTKD1,Nuc acid bind
FASTKD2,RNA processing
FASTKD2,Nuc acid bind
FASTKD2,Apoptosis
FASTKD3,Nuc acid bind
FASTKD5,RNA processing
FASTKD5,Nuc acid bind
FAT1,Cell adhesion
FAT2,Cell adhesion
FAT3,Cell adhesion
FAT4,Cell adhesion
FATE1,Apoptosis
FAU,Ubiquitin
FAU,Nuc acid bind
FAU,Translation
FBH1,Ubiquitin
FBH1,DNA repair
FBL,Chromatin
FBL,Nuc acid bind
FBL,Methylation
FBLIM1,Cell adhesion
FBLL1,Chromatin
FBLL1,Nuc acid bind
FBLL1,Methylation
FBLN1,Structural
FBLN2,Structural
FBLN5,Transcription
FBLN5,Cell adhesion
FBLN7,Cell adhesion
FBN1,Signaling
FBN1,Structural
FBN2,Signaling
FBN2,Structural
FBN3,Signaling
FBN3,Structural
FBP1,Transcription
FBRSL1,Nuc acid bind
FBXL12,Ubiquitin
FBXL14,Transcription
FBXL15,Ubiquitin
FBXL17,Ubiquitin
FBXL19,Chromatin
FBXL19,Transcription
FBXL2,Ubiquitin
FBXL2,Proteolysis
FBXL21P,Ubiquitin
FBXL22,Ubiquitin
FBXL3,Ubiquitin
FBXL5,Ubiquitin
FBXL6,Proteolysis
FBXL7,Cell cycle
FBXL7,Ubiquitin
FBXO10,Ubiquitin
FBXO10,Apoptosis
FBXO11,Ubiquitin
FBXO2,Ubiquitin
FBXO2,Proteolysis
FBXO22,Ubiquitin
FBXO24,Ubiquitin
FBXO25,Ubiquitin
FBXO28,Ubiquitin
FBXO3,Ubiquitin
FBXO3,Proteolysis
FBXO30,Ubiquitin
FBXO31,Ubiquitin
FBXO31,DNA repair
FBXO32,Ubiquitin
FBXO33,Ubiquitin
FBXO38,Ubiquitin
FBXO4,Ubiquitin
FBXO43,Ubiquitin
FBXO45,Ubiquitin
FBXO45,DNA repair
FBXO5,Cell cycle
FBXO5,Ubiquitin
FBXO5,DNA repair
FBXO6,Ubiquitin
FBXO6,DNA repair
FBXO6,Proteolysis
FBXO7,Ubiquitin
FBXO8,Transport
FBXO9,Ubiquitin
FBXW11,Ubiquitin
FBXW11,Phosphatase
FBXW12,Ubiquitin
FBXW2,Proteolysis
FBXW5,Ubiquitin
FBXW7,Ubiquitin
FBXW7,DNA repair
FBXW8,Ubiquitin
FCAMR,Signaling
FCAR,Immune
FCER1A,Signaling
FCER1G,Signaling
FCER1G,Immune
FCER2,Immune
FCF1,Nuc acid bind
FCGBP,Structural
FCGR1A,Signaling
FCGR1A,Immune
FCGR1BP,Signaling
FCGR1BP,Immune
FCGR2A,Signaling
FCGR2B,Signaling
FCGR2B,Immune
FCGR2C,Signaling
FCGR2C,Immune
FCGR3A,Signaling
FCGR3A,Immune
FCGR3B,Signaling
FCGR3B,Immune
FCGRT,Immune
FCMR,Signaling
FCN1,Proteolysis
FCN1,Immune
FCN2,Proteolysis
FCN2,Immune
FCN3,Proteolysis
FCN3,Immune
FCRL1,Signaling
FCRL1,Immune
FCRL2,Signaling
FCRL2,Immune
FCRL3,Signaling
FCRL3,Immune
FCRL4,Signaling
FCRL4,Immune
FCRL5,Signaling
FCRL5,Immune
FCRL6,Signaling
FCRL6,Immune
FCRLA,Signaling
FCRLA,Immune
FCRLB,Signaling
FDPS,Nuc acid bind
FEM1A,Ubiquitin
FEM1B,Ubiquitin
FEM1B,Apoptosis
FEM1C,Ubiquitin
FEN1,DNA repair
FER,Kinase
FER,Signaling
FER,Cell adhesion
FER,Cytoskeleton
FERD3L,Transcription
FERMT1,Cell adhesion
FERMT2,Cell adhesion
FERMT3,Cell adhesion
FES,Kinase
FES,Cell adhesion
FEV,Transcription
FEZ1,Cell adhesion
FEZ2,Signaling
FEZF1,Transcription
FEZF2,Transcription
FFAR1,Signaling
FFAR2,Signaling
FFAR2,Immune
FFAR3,Signaling
FFAR3,Immune
FFAR4,Signaling
FFAR4,Immune
FGA,Immune
FGA,Structural
FGB,Immune
FGB,Structural
FGD1,Signaling
FGD1,Cytoskeleton
FGD2,Cytoskeleton
FGD3,Cytoskeleton
FGD4,Cytoskeleton
FGD5,Cytoskeleton
FGD6,Cytoskeleton
FGF1,Transcription
FGF1,Signaling
FGF11,Signaling
FGF12,Signaling
FGF13,Signaling
FGF14,Signaling
FGF16,Signaling
FGF17,Signaling
FGF18,Signaling
FGF2,Chromatin
FGF2,Transcription
FGF2,Signaling
FGF20,Signaling
FGF21,Signaling
FGF3,Signaling
FGF4,Signaling
FGF5,Signaling
FGF7,Signaling
FGF9,Signaling
FGFBP1,Signaling
FGFR1,Transcription
FGFR1,Kinase
FGFR2,Transcription
FGFR2,Kinase
FGFR2,Apoptosis
FGFR3,Kinase
FGFR3,Apoptosis
FGFR4,Kinase
FGG,Structural
FGL1,Signaling
FGL2,Structural
FGR,Kinase
FGR,Immune
FH,DNA repair
FHIT,Apoptosis
FHL2,Transcription
FHL5,Transcription
FHOD1,Transcription
FIGLA,Transcription
FIGN,Cell cycle
FIP1L1,RNA processing
FIP1L1,Nuc acid bind
FIS1,Apoptosis
FIZ1,Transcription
FKBP10,Protein folding
FKBP1A,Protein folding
FKBP1B,Protein folding
FKBP1C,Protein folding
FKBP3,Nuc acid bind
FKBP4,Nuc acid bind
FKBP4,Protein folding
FKBP5,Protein folding
FKBP6,Protein folding
FKBP8,Signaling
FKBP8,Apoptosis
FKBP8,Protein folding
FKBP9,Protein folding
FKSG35,Signaling
FLCN,Transcription
FLCN,Signaling
FLCN,Apoptosis
FLG,Structural
FLG2,Structural
FLG2,Cell adhesion
FLI1,Transcription
FLNA,Nuc acid bind
FLNB,Signaling
FLNB,Nuc acid bind
FLOT1,Signaling
FLOT2,Cell adhesion
FLRT1,Cell adhesion
FLRT2,Cell adhesion
FLRT3,Cell adhesion
FLT1,Kinase
FLT3,Kinase
FLT3,Signaling
FLT3LG,Signaling
FLT4,Kinase
FLVCR1,Transport
FLVCR2,Transport
FLYWCH1,Transcription
FLYWCH1,DNA repair
FLYWCH2,Nuc acid bind
FMN2,Signaling
FMN2,DNA repair
FMN2,Transport
FMNL1,Cytoskeleton
FMNL2,Cytoskeleton
FMNL3,Cytoskeleton
FMR1,Chromatin
FMR1,RNA processing
FMR1,DNA repair
FMR1,Nuc acid bind
FN1,Structural
FN1,Cell adhesion
FNBP1,Signaling
FNBP1L,Signaling
FNDC3A,Nuc acid bind
FNDC3B,Nuc acid bind
FNDC5,Signaling
FNIP1,Transcription
FNIP2,Transcription
FNIP2,DNA repair
FOLH1,Proteolysis
FOLH1B,Proteolysis
FOLR1,Cell adhesion
FOLR2,Immune
FOLR2,Cell adhesion
FOLR3,Cell adhesion
FOS,Transcription
FOS,Immune
FOSB,Transcription
FOSL1,Transcription
FOSL2,Transcription
FOXA1,Chromatin
FOXA1,Transcription
FOXA1,Apoptosis
FOXA2,Chromatin
FOXA2,Transcription
FOXA2,Nuc acid bind
FOXA3,Chromatin
FOXA3,Transcription
FOXB1,Transcription
FOXB2,Transcription
FOXC1,Transcription
FOXC2,Transcription
FOXD1,Transcription
FOXD2,Transcription
FOXD3,Transcription
FOXD4,Transcription
FOXD4L1,Transcription
FOXD4L3,Transcription
FOXD4L4,Transcription
FOXD4L5,Transcription
FOXD4L6,Transcription
FOXE1,Transcription
FOXE3,Transcription
FOXF1,Transcription
FOXF2,Transcription
FOXG1,Transcription
FOXH1,Transcription
FOXI1,Transcription
FOXI2,Transcription
FOXI3,Transcription
FOXJ1,Transcription
FOXJ2,Transcription
FOXJ3,Transcription
FOXK1,Transcription
FOXK2,Transcription
FOXL1,Transcription
FOXL2,Transcription
FOXL2,Apoptosis
FOXL3,Transcription
FOXM1,Transcription
FOXM1,DNA repair
FOXN1,Transcription
FOXN2,Transcription
FOXN3,Transcription
FOXN4,Transcription
FOXO1,Transcription
FOXO1,DNA repair
FOXO1,Nuc acid bind
FOXO1,Apoptosis
FOXO3,Transcription
FOXO3,Apoptosis
FOXO3B,Transcription
FOXO4,Transcription
FOXO4,Nuc acid bind
FOXO6,Transcription
FOXP1,Transcription
FOXP1,DNA repair
FOXP2,Transcription
FOXP3,Chromatin
FOXP3,Transcription
FOXP4,Transcription
FOXQ1,Transcription
FOXR1,Transcription
FOXR2,Transcription
FOXS1,Transcription
FPR1,Signaling
FPR1,Immune
FPR2,Signaling
FPR2,Immune
FPR2,Cell adhesion
FPR3,Signaling
FPR3,Immune
FRAS1,Structural
FREM1,Cell adhesion
FREM2,Cell adhesion
FREM3,Cell adhesion
FRG1,RNA processing
FRG1,Nuc acid bind
FRK,Transcription
FRK,Kinase
FRS3,Signaling
FRZB,Apoptosis
FSAF1,Nuc acid bind
FSCN1,Nuc acid bind
FSD1,Cell cycle
FSHB,Transcription
FSHB,Signaling
FSHR,Signaling
FST,Transcription
FSTL3,Transcription
FTCD,Cytoskeleton
FTH1,Immune
FTSJ1,Methylation
FTSJ3,Nuc acid bind
FTSJ3,Methylation
FUBP1,Transcription
FUBP1,Nuc acid bind
FUBP3,Transcription
FUBP3,Nuc acid bind
FURIN,Proteolysis
FUS,Transcription
FUS,RNA processing
FUS,Nuc acid bind
FUT4,Immune
FUT7,Immune
FUZ,Transport
FXN,Ion channel
FXR1,Nuc acid bind
FXR1,Apoptosis
FXR2,Nuc acid bind
FXYD1,Ion channel
FXYD2,Transport
FXYD2,Ion channel
FXYD3,Ion channel
FXYD4,Ion channel
FXYD5,Ion channel
FXYD6,Ion channel
FXYD6P3,Ion channel
FXYD7,Ion channel
FYB1,Immune
FYN,Kinase
FYN,Signaling
FYN,Ion channel
FYTTD1,Nuc acid bind
FZD1,Transcription
FZD1,Signaling
FZD10,Signaling
FZD2,Signaling
FZD3,Signaling
FZD4,Transcription
FZD4,Signaling
FZD5,Transcription
FZD5,Signaling
FZD6,Transcription
FZD6,Signaling
FZD7,Transcription
FZD7,Signaling
FZD8,Signaling
FZD9,Signaling
FZD9,Apoptosis
FZR1,Cell cycle
FZR1,Ubiquitin
FZR1,DNA repair
G0S2,Apoptosis
G2E3,Ubiquitin
G2E3,Apoptosis
G3BP1,Nuc acid bind
G3BP1,Immune
G3BP2,Nuc acid bind
G3BP2,Immune
GAB1,Signaling
GAB2,Signaling
GAB3,Signaling
GAB4,Signaling
GABARAP,Apoptosis
GABBR1,Signaling
GABBR2,Signaling
GABPA,Transcription
GABPB1,Transcription
GABPB2,Transcription
GABRA1,Ion channel
GABRA2,Ion channel
GABRA3,Ion channel
GABRA4,Ion channel
GABRA5,Signaling
GABRA5,Ion channel
GABRA6,Signaling
GABRA6,Ion channel
GABRB1,Signaling
GABRB1,Ion channel
GABRB2,Ion channel
GABRB3,Signaling
GABRB3,Ion channel
GABRD,Signaling
GABRD,Ion channel
GABRE,Ion channel
GABRG1,Ion channel
GABRG2,Ion channel
GABRG3,Ion channel
GABRP,Ion channel
GABRQ,Signaling
GABRQ,Ion channel
GABRR1,Ion channel
GABRR2,Signaling
GABRR2,Ion channel
GABRR3,Ion channel
GADD45A,Transcription
GADD45A,DNA repair
GADD45A,Apoptosis
GADD45B,Apoptosis
GADD45G,Apoptosis
GADD45GIP1,Translation
GAK,Kinase
GAK,Protein folding
GAL,Transcription
GAL,Signaling
GAL,Apoptosis
GALR1,Transcription
GALR1,Signaling
GALR2,Transcription
GALR2,Signaling
GALR3,Transcription
GALR3,Signaling
GAMT,Methylation
GAN,Ubiquitin
GAN,Cytoskeleton
GANAB,Nuc acid bind
GAPDH,Immune
GAPDH,Apoptosis
GAPDH,Cytoskeleton
GAPVD1,Transport
GAR1,Nuc acid bind
GARIN5A,Immune
GARS1,Translation
GAS2,Apoptosis
GAS2L3,Cytoskeleton
GAS6,Kinase
GAS6,Signaling
GAST,Signaling
GATA1,Transcription
GATA2,Transcription
GATA3,Transcription
GATA3,Signaling
GATA3,Immune
GATA4,Transcription
GATA5,Transcription
GATA6,Transcription
GATAD1,Chromatin
GATAD1,Transcription
GATAD2A,Chromatin
GATAD2A,Transcription
GATAD2B,Chromatin
GATAD2B,Transcription
GATB,Translation
GATC,Translation
GBP1,Immune
GBP1,GTPase
GBP2,Immune
GBP2,GTPase
GBP3,Immune
GBP3,GTPase
GBP4,Immune
GBP4,GTPase
GBP5,Immune
GBP5,GTPase
GBP6,Immune
GBP6,GTPase
GBP7,Immune
GBP7,GTPase
GBX1,Transcription
GBX2,Transcription
GCFC2,RNA processing
GCGR,Signaling
GCH1,GTPase
GCM1,Transcription
GCM2,Transcription
GCN1,Nuc acid bind
GCNA,DNA repair
GDF15,Signaling
GDF2,Transcription
GDF6,Apoptosis
GDI1,Signaling
GDI1,Transport
GDI1,GTPase
GDI2,Signaling
GDI2,Nuc acid bind
GDI2,Transport
GDI2,GTPase
GDNF,Transcription
GDNF,Signaling
GEM,Signaling
GEM,Immune
GEM,GTPase
GEMIN2,RNA processing
GEMIN4,RNA processing
GEMIN5,RNA processing
GEMIN5,Nuc acid bind
GEMIN5,Translation
GEMIN6,RNA processing
GEMIN6,Nuc acid bind
GEMIN7,RNA processing
GEMIN7,Nuc acid bind
GEMIN8,RNA processing
GEN1,DNA repair
GFAP,Structural
GFER,Signaling
GFI1,Transcription
GFI1,DNA repair
GFI1B,Chromatin
GFI1B,Transcription
GFM1,Nuc acid bind
GFM1,Translation
GFM1,GTPase
GFM2,Translation
GFM2,GTPase
GFRA1,Signaling
GFRA3,Signaling
GGA1,Transport
GGA2,Transport
GGA3,Transport
GGT1,Proteolysis
GGT3P,Proteolysis
GGT5,Proteolysis
GGT5,Immune
GHITM,Apoptosis
GHITM,Ion channel
GHRHR,Signaling
GHSR,Signaling
GIGYF2,Nuc acid bind
GIMAP1,GTPase
GIMAP2,GTPase
GIMAP4,GTPase
GIMAP5,GTPase
GIMAP6,GTPase
GIMAP7,GTPase
GIMAP8,GTPase
GIMD1,GTPase
GIN1,Nuc acid bind
GIP,Signaling
GIPR,Signaling
GJA1,Signaling
GJA1,Immune
GJA10,Transport
GJA3,Transport
GJA4,Transport
GJA5,Transport
GJA8,Transport
GJA9,Transport
GJB1,Transport
GJB2,Transport
GJB3,Transport
GJB4,Transport
GJB5,Transport
GJB6,Transport
GJB7,Transport
GJC1,Transport
GJC1,Immune
GJC1,Ion channel
GJC2,Transport
GJC3,Transport
GJD2,Transport
GJD3,Transport
GJD3,Ion channel
GJD4,Transport
GJE1,Transport
GKAP1,Signaling
GKN1,Signaling
GLDN,Signaling
GLI1,Transcription
GLI2,Transcription
GLI3,Transcription
GLI4,Transcription
GLIS1,Transcription
GLIS2,Transcription
GLIS3,Transcription
GLMN,Signaling
GLMP,Transcription
GLP1R,Signaling
GLP2R,Signaling
GLRA1,Ion channel
GLRA2,Ion channel
GLRA3,Ion channel
GLRB,Ion channel
GLRX2,Transcription
GLRX2,Apoptosis
GLRX3,Nuc acid bind
GLYCTK,Kinase
GMCL2,Ubiquitin
GMEB1,Transcription
GMEB2,Transcription
GMFB,Kinase
GMFB,Signaling
GMFG,Kinase
GMFG,Signaling
GMIP,Signaling
GMIP,GTPase
GML,Apoptosis
GMNC,Transcription
GNA11,Signaling
GNA11,GTPase
GNA12,Signaling
GNA12,GTPase
GNA13,Signaling
GNA13,GTPase
GNA14,Signaling
GNA14,GTPase
GNA15,Signaling
GNA15,GTPase
GNAI1,Cell cycle
GNAI1,Signaling
GNAI1,GTPase
GNAI2,Cell cycle
GNAI2,Signaling
GNAI2,GTPase
GNAI3,Cell cycle
GNAI3,Signaling
GNAI3,GTPase
GNAL,Signaling
GNAL,GTPase
GNAO1,Signaling
GNAO1,GTPase
GNAQ,Signaling
GNAQ,GTPase
GNAS,Signaling
GNAS,GTPase
GNAT1,Signaling
GNAT1,GTPase
GNAT2,Signaling
GNAT2,GTPase
GNAT3,Signaling
GNAT3,GTPase
GNAZ,Signaling
GNAZ,GTPase
GNB1,Signaling
GNB1,GTPase
GNB1L,DNA repair
GNB2,Signaling
GNB2,GTPase
GNB3,Signaling
GNB3,GTPase
GNB4,Signaling
GNB5,Signaling
GNB5,GTPase
GNG10,Signaling
GNG10,GTPase
GNG11,Signaling
GNG11,GTPase
GNG12,Signaling
GNG13,Signaling
GNG14,Signaling
GNG2,Signaling
GNG3,Signaling
GNG3,GTPase
GNG4,Signaling
GNG5,Signaling
GNG5,GTPase
GNG5B,Signaling
GNG7,Signaling
GNG8,Signaling
GNG8,GTPase
GNGT1,Signaling
GNGT1,GTPase
GNGT2,Signaling
GNGT2,GTPase
GNL1,Signaling
GNL1,DNA repair
GNL1,Structural
GNL1,GTPase
GNL2,Nuc acid bind
GNL2,GTPase
GNL3,Nuc acid bind
GNL3L,Nuc acid bind
GNMT,Methylation
GNRH1,Signaling
GNRH2,Signaling
GNRHR,Signaling
GNRHR2,Signaling
GOLGA2,Cell cycle
GOLGA4,Transport
GOLGB1,Transcription
GOLGB1,Nuc acid bind
GOLT1A,Transport
GOLT1B,Transport
GON4L,Transcription
GOSR1,Transport
GOSR2,Transport
GOT2,Nuc acid bind
GP1BA,Signaling
GP1BA,Cell adhesion
GP1BB,Signaling
GP1BB,Cell adhesion
GP2,Immune
GP5,Cell adhesion
GP9,Cell adhesion
GPANK1,Nuc acid bind
GPATCH1,RNA processing
GPATCH1,Nuc acid bind
GPATCH11,Nuc acid bind
GPATCH2,Nuc acid bind
GPATCH3,Nuc acid bind
GPATCH4,Nuc acid bind
GPATCH8,Nuc acid bind
GPBAR1,Signaling
GPBP1,Transcription
GPBP1,Nuc acid bind
GPBP1L1,Transcription
GPBP1L1,Nuc acid bind
GPER1,Transcription
GPER1,Signaling
GPER1,Immune
GPER1,Apoptosis
GPHA2,Signaling
GPI,Signaling
GPKOW,RNA processing
GPKOW,Nuc acid bind
GPLD1,Apoptosis
GPN1,GTPase
GPN2,GTPase
GPN3,GTPase
GPNMB,Signaling
GPNMB,Cell adhesion
GPR101,Signaling
GPR119,Signaling
GPR12,Signaling
GPR132,Signaling
GPR135,Signaling
GPR139,Signaling
GPR141,Signaling
GPR142,Signaling
GPR143,Signaling
GPR146,Signaling
GPR148,Signaling
GPR149,Signaling
GPR15,Signaling
GPR150,Signaling
GPR151,Signaling
GPR152,Signaling
GPR153,Signaling
GPR155,Signaling
GPR155,Transport
GPR156,Signaling
GPR157,Signaling
GPR158,Signaling
GPR160,Signaling
GPR161,Signaling
GPR162,Signaling
GPR17,Signaling
GPR171,Signaling
GPR173,Signaling
GPR174,Signaling
GPR176,Signaling
GPR179,Signaling
GPR18,Signaling
GPR183,Signaling
GPR183,Immune
GPR19,Signaling
GPR20,Signaling
GPR21,Signaling
GPR22,Signaling
GPR25,Signaling
GPR26,Signaling
GPR27,Signaling
GPR3,Signaling
GPR31,Signaling
GPR32,Signaling
GPR32,Immune
GPR32P1,Signaling
GPR32P1,Immune
GPR33,Signaling
GPR33,Immune
GPR34,Signaling
GPR35,Signaling
GPR35,Cytoskeleton
GPR37,Signaling
GPR37L1,Signaling
GPR39,Signaling
GPR4,Signaling
GPR42,Signaling
GPR45,Signaling
GPR50,Signaling
GPR52,Signaling
GPR55,Signaling
GPR6,Signaling
GPR61,Signaling
GPR62,Signaling
GPR63,Signaling
GPR65,Signaling
GPR65,Immune
GPR65,Apoptosis
GPR68,Signaling
GPR68,Immune
GPR75,Signaling
GPR78,Signaling
GPR82,Signaling
GPR83,Signaling
GPR84,Signaling
GPR85,Signaling
GPR87,Signaling
GPR88,Signaling
GPR89A,Ion channel
GPR89B,Ion channel
GPRC5A,Signaling
GPRC5B,Signaling
GPRC5C,Signaling
GPRC5D,Signaling
GPRC6A,Signaling
GPS2,Transcription
GPSM2,Cell cycle
GRAMD4,Apoptosis
GRAP,Signaling
GRAP2,Signaling
GRB10,Signaling
GRB14,Signaling
GRB2,Signaling
GRB2,Nuc acid bind
GRB7,Signaling
GRB7,Nuc acid bind
GREM1,Transcription
GREM1,Signaling
GRHL1,Transcription
GRHL2,Transcription
GRHL2,Cell adhesion
GRHL3,Transcription
GRIA1,Signaling
GRIA1,Ion channel
GRIA2,Ion channel
GRIA3,Ion channel
GRIA4,Ion channel
GRID1,Ion channel
GRID2,Ion channel
GRIK1,Ion channel
GRIK2,Ion channel
GRIK3,Ion channel
GRIK4,Ion channel
GRIK5,Ion channel
GRIN1,Transcription
GRIN1,Ion channel
GRIN2A,Ion channel
GRIN2B,Ion channel
GRIN2C,Ion channel
GRIN2D,Ion channel
GRIN3A,Ion channel
GRIN3B,Ion channel
GRIP1,Signaling
GRK1,Kinase
GRK1,Signaling
GRK2,Kinase
GRK2,Signaling
GRK3,Kinase
GRK3,Signaling
GRK4,Kinase
GRK4,Signaling
GRK5,Kinase
GRK5,Signaling
GRK5,Apoptosis
GRK6,Kinase
GRK6,Signaling
GRK7,Kinase
GRK7,Signaling
GRM1,Signaling
GRM2,Signaling
GRM3,Signaling
GRM4,Signaling
GRM5,Transcription
GRM5,Signaling
GRM6,Signaling
GRM7,Signaling
GRM8,Signaling
GRN,Signaling
GRN,Nuc acid bind
GRP,Signaling
GRPEL1,Protein folding
GRPEL2,Protein folding
GRPR,Signaling
GRSF1,RNA processing
GRSF1,Nuc acid bind
GRWD1,Nuc acid bind
GSC,Transcription
GSC2,Transcription
GSDMA,Transport
GSDMD,Transport
GSDMD,Immune
GSDME,Transport
GSK3A,Transcription
GSK3A,Kinase
GSK3B,Kinase
GSK3B,Signaling
GSN,Apoptosis
GSPT1,Nuc acid bind
GSPT1,Translation
GSPT1,GTPase
GSPT2,Nuc acid bind
GSPT2,Translation
GSPT2,GTPase
GSTP1,Transcription
GSX1,Transcription
GSX2,Transcription
GTF2A1,Transcription
GTF2A2,Transcription
GTF2E2,Nuc acid bind
GTF2F1,Transcription
GTF2F1,Nuc acid bind
GTF2F2,Transcription
GTF2H1,DNA repair
GTF2H2,Transcription
GTF2H2,DNA repair
GTF2H2C,Transcription
GTF2H2C,DNA repair
GTF2H3,Transcription
GTF2H3,DNA repair
GTF2H4,DNA repair
GTF2H5,DNA repair
GTF2I,Transcription
GTF2IRD1,Transcription
GTF2IRD2,Transcription
GTF2IRD2B,Transcription
GTF3A,Nuc acid bind
GTF3C4,Chromatin
GTPBP1,Signaling
GTPBP1,Nuc acid bind
GTPBP1,Immune
GTPBP1,GTPase
GTPBP10,Nuc acid bind
GTPBP10,GTPase
GTPBP2,GTPase
GTPBP3,GTPase
GTPBP4,Nuc acid bind
GTPBP4,GTPase
GUCA1A,Signaling
GUCA1C,Signaling
GUCA2A,Signaling
GUCY1A1,Signaling
GUCY1A2,Signaling
GUCY1B1,Signaling
GUCY1B2,Signaling
GUCY2C,Kinase
GUCY2C,Signaling
GUCY2D,Kinase
GUCY2D,Signaling
GUCY2F,Kinase
GUCY2F,Signaling
GUF1,Translation
GUF1,GTPase
GULP1,Apoptosis
GZF1,Transcription
GZMA,Proteolysis
GZMA,Immune
GZMA,Apoptosis
GZMB,Proteolysis
GZMB,Apoptosis
GZMH,Proteolysis
GZMH,Apoptosis
GZMK,Proteolysis
GZMK,Immune
GZMM,Proteolysis
GZMM,Immune
GZMM,Apoptosis
H1-0,Nuc acid bind
H1-10,Nuc acid bind
H1-2,Nuc acid bind
H1-3,Nuc acid bind
H1-4,Nuc acid bind
H1-5,Chromatin
H1-5,Transcription
H1-5,Nuc acid bind
H1-9P,Chromatin
H1-9P,Transcription
H1-9P,Nuc acid bind
H2AB1,RNA processing
H2AB2,RNA processing
H2AC11,Chromatin
H2AC4,Chromatin
H2AC6,Chromatin
H2AX,DNA repair
H2AZ1,Chromatin
H2AZ1,Transcription
H2AZ2,Chromatin
H2BC1,Chromatin
H2BC10,Chromatin
H2BC11,Chromatin
H2BC12,Chromatin
H2BC12L,Chromatin
H2BC13,Chromatin
H2BC14,Chromatin
H2BC15,Chromatin
H2BC17,Chromatin
H2BC18,Chromatin
H2BC19P,Chromatin
H2BC20P,Chromatin
H2BC21,Chromatin
H2BC26,Chromatin
H2BC3,Chromatin
H2BC5,Chromatin
H2BC9,Chromatin
H2BK1,Chromatin
H2BW1,Chromatin
H2BW2,Chromatin
H3-4,Chromatin
H3C1,Chromatin
H3C13,Chromatin
H4C1,Chromatin
H4C1,Nuc acid bind
HABP2,Proteolysis
HABP2,Cell adhesion
HABP4,RNA processing
HABP4,Nuc acid bind
HACD3,GTPase
HACE1,Ubiquitin
HADHB,Nuc acid bind
HAMP,Transcription
HAMP,Signaling
HAMP,Immune
HAND1,Transcription
HAND2,Transcription
HAPLN1,Cell adhesion
HAPLN2,Cell adhesion
HAPLN3,Cell adhesion
HAPLN4,Cell adhesion
HARS1,Nuc acid bind
HARS1,Translation
HARS2,Nuc acid bind
HARS2,Translation
HAS1,Cell adhesion
HASPIN,Chromatin
HASPIN,Kinase
HASPIN,Signaling
HAT1,Chromatin
HAUS1,Cell cycle
HAUS2,Cell cycle
HAUS3,Cell cycle
HAUS4,Cell cycle
HAUS5,Cell cycle
HAUS6,Cell cycle
HAUS6,Cytoskeleton
HAUS7,Cell cycle
HAUS8,Cell cycle
HAVCR2,Transcription
HAVCR2,Immune
HAX1,Transcription
HBA1,Immune
HBB,Immune
HBEGF,Signaling
HBP1,Transcription
HBP1,Nuc acid bind
HBS1L,Signaling
HBS1L,Translation
HBS1L,GTPase
HCAR1,Signaling
HCAR2,Signaling
HCAR2,Apoptosis
HCAR3,Signaling
HCFC1,Chromatin
HCFC1,Transcription
HCFC2,Chromatin
HCFC2,Transcription
HCK,Kinase
HCK,Signaling
HCK,Immune
HCK,Cell adhesion
HCLS1,Transcription
HCLS1,Signaling
HCN1,Transport
HCN1,Ion channel
HCN2,Transport
HCN2,Ion channel
HCN3,Transport
HCN3,Ion channel
HCN4,Transport
HCN4,Ion channel
HCRTR1,Signaling
HCRTR2,Signaling
HCST,Kinase
HDAC1,Chromatin
HDAC1,Transcription
HDAC10,Chromatin
HDAC10,Transcription
HDAC10,DNA repair
HDAC11,Chromatin
HDAC2,Chromatin
HDAC2,Transcription
HDAC2,Nuc acid bind
HDAC3,Chromatin
HDAC3,Transcription
HDAC4,Chromatin
HDAC4,Transcription
HDAC4,Immune
HDAC5,Chromatin
HDAC5,Transcription
HDAC5,Immune
HDAC6,Chromatin
HDAC7,Chromatin
HDAC7,Transcription
HDAC8,Chromatin
HDAC8,Transcription
HDAC9,Chromatin
HDAC9,Transcription
HDAC9,Immune
HDGF,Chromatin
HDGF,Transcription
HDGF,Signaling
HDGF,Nuc acid bind
HDGFL1,Chromatin
HDGFL2,Chromatin
HDGFL2,DNA repair
HDGFL3,Signaling
HDLBP,Nuc acid bind
HDX,Transcription
HEATR1,Nuc acid bind
HEATR3,Protein folding
HEATR6,Nuc acid bind
HECA,Nuc acid bind
HECTD1,Ubiquitin
HECTD2,Ubiquitin
HECTD3,Ubiquitin
HECTD4,Ubiquitin
HECW1,Ubiquitin
HECW2,Ubiquitin
HELB,DNA repair
HELLS,Cell cycle
HELQ,DNA repair
HELQ,Nuc acid bind
HELT,Transcription
HELZ,Nuc acid bind
HELZ2,Transcription
HELZ2,Nuc acid bind
HEMK1,Nuc acid bind
HEMK1,Methylation
HEMK2,Chromatin
HEMK2,Nuc acid bind
HEMK2,Methylation
HENMT1,Nuc acid bind
HENMT1,Methylation
HEPACAM,Immune
HEPACAM,Cell adhesion
HEPACAM2,Cell cycle
HEPH,Ion channel
HEPHL1,Ion channel
HERC1,Ubiquitin
HERC2,Ubiquitin
HERC2,DNA repair
HERC2P3,Ubiquitin
HERC3,Ubiquitin
HERC4,Ubiquitin
HERC5,Ubiquitin
HERC5,Nuc acid bind
HERC5,Immune
HERC6,Ubiquitin
HERV-K104,Nuc acid bind
HERV-K104,Proteolysis
HERVK_113,Nuc acid bind
HERVK_113,Proteolysis
HERVK_113,Structural
HES1,Transcription
HES2,Transcription
HES3,Transcription
HES4,Transcription
HES5,Transcription
HES5,Cell adhesion
HES6,Transcription
HES7,Transcription
HESX1,Transcription
HEXB,Transcription
HEXIM1,Transcription
HEXIM1,Immune
HEXIM2,Transcription
HEY1,Transcription
HEY2,Transcription
HEYL,Transcription
HFE,Signaling
HFE,Ion channel
HFM1,Nuc acid bind
HGF,Transcription
HGF,Signaling
HGF,Proteolysis
HGFAC,Proteolysis
HGS,Signaling
HHEX,Transcription
HIC1,Transcription
HIC2,Transcription
HIF1A,Transcription
HIF1A,Signaling
HIF1AN,Transcription
HIF3A,Transcription
HIF3A,Apoptosis
HINFP,Transcription
HINFP,DNA repair
HINT1,Transcription
HINT1,Signaling
HINT1,Proteolysis
HINT1,Apoptosis
HINT2,Apoptosis
HIP1,Structural
HIP1,Apoptosis
HIPK1,Kinase
HIPK2,Transcription
HIPK2,Kinase
HIPK2,DNA repair
HIPK2,Apoptosis
HIPK3,Kinase
HIPK3,Apoptosis
HIPK4,Chromatin
HIPK4,Kinase
HIRA,Chromatin
HIRA,Transcription
HIRIP3,Chromatin
HIVEP1,Transcription
HIVEP2,Transcription
HIVEP3,Transcription
HJV,Transcription
HK1,Immune
HLA-A,Nuc acid bind
HLA-A,Immune
HLA-B,Immune
HLA-C,Signaling
HLA-C,Immune
HLA-DMA,Immune
HLA-DMB,Immune
HLA-DOA,Immune
HLA-DOB,Immune
HLA-DPA1,Immune
HLA-DPB1,Immune
HLA-DQA1,Immune
HLA-DQA2,Immune
HLA-DQB1,Immune
HLA-DQB2,Immune
HLA-DRA,Immune
HLA-DRB1,Signaling
HLA-DRB1,Immune
HLA-DRB1,Structural
HLA-DRB1,Cytoskeleton
HLA-DRB3,Signaling
HLA-DRB3,Immune
HLA-DRB4,Immune
HLA-DRB5,Immune
HLA-E,Signaling
HLA-E,Immune
HLA-F,Immune
HLA-G,Immune
HLA-H,Immune
HLF,Transcription
HLTF,Chromatin
HLTF,Transcription
HLTF,Ubiquitin
HLTF,DNA repair
HLTF,Nuc acid bind
HLX,Transcription
HLX,Signaling
HM13,Proteolysis
HMBOX1,Transcription
HMCES,DNA repair
HMCES,Proteolysis
HMCN1,Cell cycle
HMCN1,Structural
HMCN2,Structural
HMG20A,Chromatin
HMG20A,Transcription
HMG20B,Chromatin
HMGA1,Transcription
HMGA1,Signaling
HMGA1,Nuc acid bind
HMGA2,Chromatin
HMGA2,Transcription
HMGA2,Cell cycle
HMGA2,Signaling
HMGA2,Nuc acid bind
HMGB1,Chromatin
HMGB1,Transcription
HMGB1,Signaling
HMGB1,DNA repair
HMGB1,Nuc acid bind
HMGB1,Immune
HMGB1,Apoptosis
HMGB1P1,Chromatin
HMGB1P1,Signaling
HMGB1P1,Immune
HMGB2,Chromatin
HMGB2,Transcription
HMGB2,Nuc acid bind
HMGB2,Immune
HMGB3,Nuc acid bind
HMGB3,Immune
HMGB4,Chromatin
HMGCL,Structural
HMGN1,Chromatin
HMGN2,Chromatin
HMGN2,Nuc acid bind
HMGN2P46,Chromatin
HMGN3,Chromatin
HMGN4,Chromatin
HMGN5,Chromatin
HMGN5,Transcription
HMGN5,Nuc acid bind
HMOX1,Transcription
HMOX1,Signaling
HMOX1,Structural
HMOX1,Apoptosis
HMX1,Transcription
HMX2,Transcription
HMX3,Transcription
HNF1A,Transcription
HNF1B,Transcription
HNF4A,Transcription
HNF4G,Transcription
HNMT,Methylation
HNRNPA0,RNA processing
HNRNPA0,Nuc acid bind
HNRNPA0,Immune
HNRNPA1,RNA processing
HNRNPA1,Nuc acid bind
HNRNPA1L2,RNA processing
HNRNPA1L2,Nuc acid bind
HNRNPA1L3,Nuc acid bind
HNRNPA2B1,RNA processing
HNRNPA2B1,Nuc acid bind
HNRNPA3,RNA processing
HNRNPA3,Nuc acid bind
HNRNPAB,Nuc acid bind
HNRNPC,Chromatin
HNRNPC,RNA processing
HNRNPC,Nuc acid bind
HNRNPCL1,Nuc acid bind
HNRNPCL2,Nuc acid bind
HNRNPCL3,Nuc acid bind
HNRNPCL4,Nuc acid bind
HNRNPD,Transcription
HNRNPD,RNA processing
HNRNPD,Nuc acid bind
HNRNPDL,Nuc acid bind
HNRNPF,RNA processing
HNRNPF,Nuc acid bind
HNRNPH1,RNA processing
HNRNPH1,Nuc acid bind
HNRNPH2,Nuc acid bind
HNRNPH3,RNA processing
HNRNPH3,Nuc acid bind
HNRNPK,Transcription
HNRNPK,Signaling
HNRNPK,RNA processing
HNRNPK,Nuc acid bind
HNRNPL,RNA processing
HNRNPL,Nuc acid bind
HNRNPLL,RNA processing
HNRNPLL,Nuc acid bind
HNRNPM,RNA processing
HNRNPM,Nuc acid bind
HNRNPR,RNA processing
HNRNPR,Nuc acid bind
HNRNPU,Chromatin
HNRNPU,Transcription
HNRNPU,Cell cycle
HNRNPU,RNA processing
HNRNPU,Nuc acid bind
HNRNPUL1,RNA processing
HNRNPUL1,Nuc acid bind
HNRNPUL2,Nuc acid bind
HOMEZ,Transcription
HOPX,Transcription
HOXA1,Transcription
HOXA10,Transcription
HOXA11,Transcription
HOXA13,Transcription
HOXA2,Transcription
HOXA3,Transcription
HOXA4,Transcription
HOXA5,Transcription
HOXA5,Apoptosis
HOXA6,Transcription
HOXA7,Transcription
HOXA9,Transcription
HOXB-AS3,RNA processing
HOXB1,Transcription
HOXB13,Transcription
HOXB2,Transcription
HOXB3,Transcription
HOXB4,Transcription
HOXB5,Transcription
HOXB6,Transcription
HOXB6,Nuc acid bind
HOXB7,Transcription
HOXB8,Transcription
HOXB9,Transcription
HOXC10,Transcription
HOXC11,Transcription
HOXC12,Transcription
HOXC13,Transcription
HOXC4,Transcription
HOXC5,Transcription
HOXC6,Transcription
HOXC8,Transcription
HOXC9,Transcription
HOXD1,Transcription
HOXD10,Transcription
HOXD11,Transcription
HOXD12,Transcription
HOXD13,Transcription
HOXD3,Transcription
HOXD4,Transcription
HOXD8,Transcription
HOXD9,Transcription
HP,Immune
HP1BP3,Transcription
HPF1,DNA repair
HPGD,Apoptosis
HPGDS,Signaling
HPN,Proteolysis
HPS1,Transport
HPS4,Transport
HPSE,Cell adhesion
HR,Chromatin
HR,Transcription
HRAS,Transcription
HRAS,Signaling
HRAS,GTPase
HRG,Apoptosis
HRH1,Signaling
HRH1,Immune
HRH2,Signaling
HRH2,Immune
HRH3,Signaling
HRH4,Signaling
HRH4,Immune
HRK,Apoptosis
HROB,DNA repair
HSBP1,Transcription
HSD17B10,Nuc acid bind
HSF1,Transcription
HSF1,RNA processing
HSF1,DNA repair
HSF2,Transcription
HSF4,Transcription
HSF5,Transcription
HSFX1,Transcription
HSFX3,Transcription
HSFX4,Transcription
HSFY1,Transcription
HSH2D,Signaling
HSP90AA1,Nuc acid bind
HSP90AA1,Protein folding
HSP90AA2P,Protein folding
HSP90AA4P,Protein folding
HSP90AA5P,Protein folding
HSP90AB1,Nuc acid bind
HSP90AB1,Protein folding
HSP90AB2P,Protein folding
HSP90AB3P,Protein folding
HSP90AB4P,Protein folding
HSP90B1,Nuc acid bind
HSP90B1,Protein folding
HSP90B2P,Protein folding
HSPA14,Protein folding
HSPA1A,Transcription
HSPA1A,Nuc acid bind
HSPA1A,Protein folding
HSPA1B,Nuc acid bind
HSPA1B,Protein folding
HSPA1L,Protein folding
HSPA2,Protein folding
HSPA4,Protein folding
HSPA4L,Protein folding
HSPA5,Transcription
HSPA5,Protein folding
HSPA6,Protein folding
HSPA8,Signaling
HSPA8,RNA processing
HSPA8,Nuc acid bind
HSPA8,Protein folding
HSPA9,Nuc acid bind
HSPA9,Protein folding
HSPB1,Signaling
HSPB1,Nuc acid bind
HSPB1,Protein folding
HSPB2,Protein folding
HSPB6,Protein folding
HSPB8,Kinase
HSPBP1,Protein folding
HSPD1,Nuc acid bind
HSPD1,Protein folding
HSPE1,Nuc acid bind
HSPE1,Protein folding
HSPG2,Immune
HSPH1,Protein folding
HTATIP2,Transcription
HTATSF1,Chromatin
HTATSF1,RNA processing
HTATSF1,DNA repair
HTATSF1,Nuc acid bind
HTN3,Immune
HTR1A,Signaling
HTR1B,Signaling
HTR1D,Signaling
HTR1E,Signaling
HTR1F,Signaling
HTR2A,Signaling
HTR2B,Signaling
HTR2C,Signaling
HTR3A,Ion channel
HTR3B,Ion channel
HTR3C,Ion channel
HTR3D,Ion channel
HTR3E,Ion channel
HTR4,Signaling
HTR5A,Signaling
HTR6,Signaling
HTR7,Signaling
HTRA1,Proteolysis
HTRA1,Apoptosis
HTRA2,Signaling
HTRA2,Proteolysis
HTRA2,Apoptosis
HTRA2,Protein folding
HTRA3,Proteolysis
HTRA4,Proteolysis
HTRA4,Apoptosis
HTT,Apoptosis
HTT,Phosphatase
HUNK,Kinase
HUNK,Signaling
HUS1,DNA repair
HUWE1,Chromatin
HUWE1,Ubiquitin
HUWE1,DNA repair
HUWE1,Nuc acid bind
HVCN1,Transport
HVCN1,Immune
HVCN1,Ion channel
HYAL1,Immune
HYAL2,Transcription
HYAL3,Immune
HYOU1,Protein folding
HYPK,Protein folding
IAPP,Signaling
IAPP,Apoptosis
IARS1,Translation
IARS2,Translation
IBA57,Nuc acid bind
IBSP,Cell adhesion
ICAM1,Signaling
ICAM1,Immune
ICAM1,Cell adhesion
ICAM2,Signaling
ICAM2,Cell adhesion
ICAM3,Immune
ICAM3,Cell adhesion
ICAM4,Signaling
ICAM4,Cell adhesion
ICAM5,Signaling
ICAM5,Cell adhesion
ICMT,Methylation
ICOS,Immune
ICOSLG,Signaling
ID1,Transcription
ID2,Transcription
ID3,Transcription
ID3,Apoptosis
ID4,Transcription
IDE,Proteolysis
IER2,Transcription
IER3,DNA repair
IER3,Apoptosis
IER5,Transcription
IFI16,Transcription
IFI16,Nuc acid bind
IFI16,Immune
IFI16,Apoptosis
IFI27,Transcription
IFI27,Immune
IFI27,Apoptosis
IFI27L1,Apoptosis
IFI27L2,Apoptosis
IFI35,Immune
IFI44,Immune
IFI44L,Immune
IFI6,Immune
IFI6,Apoptosis
IFIH1,Signaling
IFIH1,Nuc acid bind
IFIH1,Immune
IFIT1,Nuc acid bind
IFIT1,Immune
IFIT1B,Nuc acid bind
IFIT2,Nuc acid bind
IFIT2,Immune
IFIT2,Apoptosis
IFIT3,Nuc acid bind
IFIT3,Immune
IFIT5,Nuc acid bind
IFIT5,Immune
IFITM1,Signaling
IFITM1,Immune
IFITM2,Immune
IFITM3,Immune
IFNA2,Signaling
IFNA2,Immune
IFNA2,Apoptosis
IFNAR2,Signaling
IFNB1,Transcription
IFNB1,Signaling
IFNB1,Immune
IFNG,Transcription
IFNG,Signaling
IFNG,Immune
IFNG,Apoptosis
IFNGR1,Signaling
IFNGR2,Signaling
IFNK,Transcription
IFNL1,Immune
IFNL2,Immune
IFNL3,Immune
IFNL4,Immune
IFT122,Signaling
IFT22,GTPase
IFT27,Transport
IFT27,GTPase
IFT57,Apoptosis
IGBP1,Transcription
IGBP1,Signaling
IGF1,Transcription
IGF1,Signaling
IGF1R,Kinase
IGF1R,Signaling
IGF1R,Immune
IGF2,Transcription
IGF2BP1,Nuc acid bind
IGF2BP2,Nuc acid bind
IGF2BP3,Nuc acid bind
IGF2BP3,Translation
IGF2R,Signaling
IGF2R,Apoptosis
IGFALS,Signaling
IGFALS,Cell adhesion
IGFBP1,Signaling
IGFBP3,Kinase
IGFBP3,Apoptosis
IGFBP4,Signaling
IGFBP5,Signaling
IGFBP6,Signaling
IGFBP7,Signaling
IGFBP7,Structural
IGFBP7,Cell adhesion
IGFBPL1,Signaling
IGHA1,Immune
IGHA2,Immune
IGHD,Immune
IGHE,Immune
IGHM,Immune
IGHMBP2,DNA repair
IGHMBP2,Nuc acid bind
IGHV1-2,Immune
IGHV1-46,Immune
IGHV1-69,Immune
IGHV2-5,Immune
IGHV2-70,Immune
IGHV3-11,Immune
IGHV3-13,Immune
IGHV3-23,Immune
IGHV3-30,Immune
IGHV3-33,Immune
IGHV3-48,Immune
IGHV3-53,Immune
IGHV3-7,Immune
IGHV3-9,Immune
IGHV4-34,Immune
IGHV4-39,Immune
IGHV4-59,Immune
IGKC,Immune
IGKV1-12,Immune
IGKV1-13,Immune
IGKV1-16,Immune
IGKV1-17,Immune
IGKV1-27,Immune
IGKV1-33,Immune
IGKV1-37,Immune
IGKV1-39,Immune
IGKV1-5,Immune
IGKV1-6,Immune
IGKV1-8,Immune
IGKV1-9,Immune
IGKV1D-12,Immune
IGKV1D-13,Immune
IGKV1D-16,Immune
IGKV1D-17,Immune
IGKV1D-33,Immune
IGKV1D-37,Immune
IGKV1D-39,Immune
IGKV1D-42,Immune
IGKV1D-43,Immune
IGKV1D-8,Immune
IGKV1OR2-108,Immune
IGKV2-24,Immune
IGKV2-28,Immune
IGKV2-29,Immune
IGKV2-30,Immune
IGKV2-40,Immune
IGKV2D-24,Immune
IGKV2D-26,Immune
IGKV2D-28,Immune
IGKV2D-29,Immune
IGKV2D-30,Immune
IGKV2D-40,Immune
IGKV3-11,Immune
IGKV3-15,Immune
IGKV3-20,Immune
IGKV3-7,Immune
IGKV3D-11,Immune
IGKV3D-15,Immune
IGKV3D-20,Immune
IGKV3D-7,Immune
IGKV3OR2-268,Immune
IGKV4-1,Immune
IGKV5-2,Immune
IGKV6-21,Immune
IGKV6D-21,Immune
IGKV6D-41,Immune
IGLC1,Immune
IGLL1,Immune
IGLV1-36,Immune
IGLV1-40,Immune
IGLV1-44,Immune
IGLV1-47,Immune
IGLV1-50,Immune
IGLV1-51,Immune
IGLV10-54,Immune
IGLV11-55,Immune
IGLV2-11,Immune
IGLV2-14,Immune
IGLV2-18,Immune
IGLV2-23,Immune
IGLV2-33,Immune
IGLV2-8,Immune
IGLV3-1,Immune
IGLV3-10,Immune
IGLV3-12,Immune
IGLV3-16,Immune
IGLV3-19,Immune
IGLV3-21,Immune
IGLV3-22,Immune
IGLV3-25,Immune
IGLV3-27,Immune
IGLV3-32,Immune
IGLV3-9,Immune
IGLV4-3,Immune
IGLV4-60,Immune
IGLV4-69,Immune
IGLV5-37,Immune
IGLV5-39,Immune
IGLV5-45,Immune
IGLV5-48,Immune
IGLV5-52,Immune
IGLV6-57,Immune
IGLV7-43,Immune
IGLV7-46,Immune
IGLV8-61,Immune
IGLV9-49,Immune
IGSF1,Transcription
IGSF1,Signaling
IGSF11,Cell adhesion
IGSF6,Signaling
IGSF6,Immune
IGSF9B,Cell adhesion
IHH,Transcription
IHH,Proteolysis
IK,RNA processing
IKBKB,Transcription
IKBKB,Kinase
IKBKB,Immune
IKBKE,Kinase
IKBKE,Signaling
IKBKE,DNA repair
IKBKE,Immune
IKBKG,Transcription
IKBKG,DNA repair
IKBKG,Immune
IKBKG,Apoptosis
IKZF1,Chromatin
IKZF1,Transcription
IKZF2,Transcription
IKZF3,Transcription
IKZF4,Transcription
IKZF5,Transcription
IL10,Transcription
IL10,Immune
IL10RB,Signaling
IL10RB,Immune
IL11,Transcription
IL12A,Immune
IL12RB1,Signaling
IL12RB2,Signaling
IL13,Transcription
IL13,Immune
IL13,Apoptosis
IL13RA1,Signaling
IL13RA2,Signaling
IL13RA2,Apoptosis
IL15,Signaling
IL15,Immune
IL16,Immune
IL17A,Transcription
IL17A,Immune
IL17A,Apoptosis
IL17B,Immune
IL17C,Signaling
IL17C,Immune
IL17D,Signaling
IL17D,Immune
IL17F,Immune
IL17RA,Signaling
IL17RA,Immune
IL17RC,Immune
IL17RE,Immune
IL18,Transcription
IL18,Signaling
IL18,Immune
IL18R1,Signaling
IL18R1,Immune
IL18RAP,Signaling
IL18RAP,Immune
IL19,Signaling
IL19,Immune
IL19,Apoptosis
IL1A,Immune
IL1A,Apoptosis
IL1B,Signaling
IL1B,Immune
IL1B,Apoptosis
IL1F10,Immune
IL1R1,Signaling
IL1R1,Immune
IL1R2,Signaling
IL1R2,Immune
IL1RAP,Signaling
IL1RAP,Immune
IL1RAPL1,Signaling
IL1RAPL2,Signaling
IL1RL1,Signaling
IL1RL1,Immune
IL1RL2,Signaling
IL1RL2,Immune
IL1RN,Signaling
IL1RN,Immune
IL2,Immune
IL2,Cell adhesion
IL20,Immune
IL20RA,Immune
IL20RA,Apoptosis
IL20RB,Apoptosis
IL21,Signaling
IL21,Immune
IL22,Signaling
IL22,Immune
IL22RA1,Apoptosis
IL23A,Immune
IL23R,Immune
IL24,Signaling
IL24,Immune
IL24,Apoptosis
IL26,Transcription
IL26,Immune
IL27,Immune
IL27RA,Signaling
IL27RA,Immune
IL2RA,Signaling
IL2RA,Immune
IL2RA,Apoptosis
IL2RB,Signaling
IL2RG,Signaling
IL2RG,Immune
IL3,Immune
IL31,Signaling
IL32,Signaling
IL32,Immune
IL32,Cell adhesion
IL33,Transcription
IL33,Immune
IL34,Immune
IL36A,Immune
IL36B,Immune
IL36G,Immune
IL36RN,Signaling
IL36RN,Immune
IL37,Immune
IL4,Transcription
IL4,Immune
IL4I1,Transcription
IL4R,Signaling
IL4R,Immune
IL5,Transcription
IL5,Immune
IL5RA,Signaling
IL6,Transcription
IL6,Immune
IL6,Apoptosis
IL7,Immune
IL7R,Signaling
IL7R,Immune
IL9,Immune
IL9R,Signaling
ILDR1,Transport
ILF2,Nuc acid bind
ILF3,Kinase
ILF3,Nuc acid bind
ILK,Kinase
ILKAP,Signaling
ILKAP,Phosphatase
ILRUN,Immune
IMMP1L,Proteolysis
IMMP2L,Proteolysis
IMMT,Nuc acid bind
IMP3,Nuc acid bind
IMPA1,Signaling
IMPA2,Signaling
IMPACT,Transcription
IMPACT,Signaling
IMPDH1,Nuc acid bind
IMPDH2,Nuc acid bind
IMPG1,Structural
IMPG2,Structural
INA,Structural
INAVA,Immune
INCENP,Cell cycle
ING1,Chromatin
ING1,Transcription
ING2,Chromatin
ING2,Transcription
ING2,Signaling
ING2,DNA repair
ING3,Chromatin
ING3,Transcription
ING4,Chromatin
ING4,Transcription
ING4,Apoptosis
ING5,Chromatin
ING5,Transcription
ING5,Apoptosis
INHA,Signaling
INHBA,Transcription
INHBA,Signaling
INIP,DNA repair
INMT,Methylation
INO80,Chromatin
INO80,Transcription
INO80,Cell cycle
INO80,DNA repair
INO80B,Chromatin
INO80B,DNA repair
INO80C,Chromatin
INO80C,DNA repair
INO80D,Chromatin
INO80D,DNA repair
INO80E,Chromatin
INO80E,DNA repair
INPP1,Signaling
INPP4A,Signaling
INPP4B,Signaling
INPP5B,Signaling
INPP5D,Signaling
INPP5D,Apoptosis
INPPL1,Cell adhesion
INS,Transcription
INS-IGF2,Signaling
INSIG1,Transcription
INSIG2,Transcription
INSL4,Signaling
INSL5,Signaling
INSL6,Signaling
INSM1,Transcription
INSM2,Transcription
INSR,Transcription
INSR,Kinase
INSRR,Kinase
INTS13,Cell cycle
INTS3,DNA repair
INTS7,DNA repair
INTU,Transport
IP6K2,Apoptosis
IP6K3,Kinase
IPO5,Nuc acid bind
IPO8,Signaling
IQGAP1,Signaling
IQGAP2,Signaling
IQSEC1,Transport
IQSEC2,Transport
IQSEC3,Transport
IRAK1,Transcription
IRAK1,Kinase
IRAK1,Signaling
IRAK1,Immune
IRAK1BP1,Immune
IRAK2,Kinase
IRAK2,Signaling
IRAK2,Immune
IRAK3,Kinase
IRAK3,Signaling
IRAK4,Kinase
IRAK4,Signaling
IRAK4,Immune
IREB2,Nuc acid bind
IRF1,Transcription
IRF1,Immune
IRF1,Apoptosis
IRF2,Transcription
IRF2BP1,Transcription
IRF2BP1,Ubiquitin
IRF2BP2,Transcription
IRF2BPL,Transcription
IRF2BPL,Ubiquitin
IRF3,Transcription
IRF3,Signaling
IRF3,DNA repair
IRF3,Immune
IRF3,Apoptosis
IRF4,Transcription
IRF5,Transcription
IRF5,Immune
IRF5,Apoptosis
IRF6,Transcription
IRF7,Transcription
IRF7,Signaling
IRF7,DNA repair
IRF7,Immune
IRF8,Transcription
IRF8,Immune
IRF8,Apoptosis
IRF9,Transcription
IRF9,Signaling
IRGC,GTPase
IRGM,Immune
IRGM,GTPase
IRGQ,GTPase
IRS1,Signaling
IRS2,Signaling
IRS4,Signaling
IRX1,Transcription
IRX2,Transcription
IRX3,Transcription
IRX4,Transcription
IRX5,Transcription
IRX6,Transcription
ISG15,Immune
ISG15,Translation
ISG20,RNA processing
ISG20,Nuc acid bind
ISG20,Immune
ISG20L2,RNA processing
ISG20L2,Nuc acid bind
ISL1,Transcription
ISL2,Transcription
ISLR,Cell adhesion
IST1,Cell cycle
ISX,Transcription
ISY1,RNA processing
ISY1,Nuc acid bind
ITCH,Ubiquitin
ITCH,Immune
ITCH,Apoptosis
ITGA1,Cell adhesion
ITGA10,Cell adhesion
ITGA11,Cell adhesion
ITGA2,Cell adhesion
ITGA2B,Cell adhesion
ITGA3,Cell adhesion
ITGA4,Cell adhesion
ITGA5,Cell adhesion
ITGA6,Transcription
ITGA6,Apoptosis
ITGA6,Cell adhesion
ITGA7,Cell adhesion
ITGA8,Transcription
ITGA8,Cell adhesion
ITGA9,Cell adhesion
ITGAD,Immune
ITGAD,Cell adhesion
ITGAE,Cell adhesion
ITGAL,Signaling
ITGAL,Immune
ITGAL,Cell adhesion
ITGAM,Immune
ITGAM,Cell adhesion
ITGAV,Cell adhesion
ITGAX,Cell adhesion
ITGB1,Apoptosis
ITGB1,Cell adhesion
ITGB1BP1,Transcription
ITGB1BP1,Signaling
ITGB1BP1,Cell adhesion
ITGB1BP2,Signaling
ITGB2,Immune
ITGB2,Apoptosis
ITGB2,Cell adhesion
ITGB3,Cell adhesion
ITGB3BP,Transcription
ITGB3BP,Cell cycle
ITGB3BP,Signaling
ITGB3BP,Apoptosis
ITGB3BP,Cell adhesion
ITGB4,Cell adhesion
ITGB5,Cell adhesion
ITGB6,Cell adhesion
ITGB7,Cell adhesion
ITGB8,Signaling
ITGB8,Cell adhesion
ITGBL1,Cell adhesion
ITK,Kinase
ITK,Signaling
ITPK1,Signaling
ITPKA,Signaling
ITPKB,Signaling
ITPR1,Signaling
ITPR1,Transport
ITPR1,Apoptosis
ITPR1,Ion channel
ITPR2,Signaling
ITPR2,Transport
ITPR2,Ion channel
ITPR3,Transport
ITPR3,Ion channel
ITPRIPL1,Signaling
ITSN1,Signaling
IVNS1ABP,RNA processing
IWS1,Chromatin
IWS1,RNA processing
IZUMO1,Signaling
IZUMO1,Cell adhesion
IZUMO1R,Cell adhesion
JADE1,Chromatin
JADE1,Transcription
JADE1,Apoptosis
JADE2,Chromatin
JADE2,Transcription
JADE2,Ubiquitin
JADE3,Chromatin
JADE3,Transcription
JAG1,Transcription
JAG1,Structural
JAGN1,Transport
JAK1,Kinase
JAK1,Signaling
JAK2,Chromatin
JAK2,Transcription
JAK2,Kinase
JAK2,Signaling
JAK2,Immune
JAK2,Apoptosis
JAK2,Cell adhesion
JAK3,Kinase
JAK3,Signaling
JAK3,Immune
JAKMIP1,Nuc acid bind
JAM3,Cell adhesion
JAML,Cell adhesion
JARID2,Chromatin
JARID2,Transcription
JAZF1,Transcription
JCAD,Cell adhesion
JCHAIN,Immune
JDP2,Transcription
JMJD1C,Chromatin
JMJD1C,Transcription
JMJD6,Chromatin
JMJD6,Transcription
JMJD6,RNA processing
JMJD6,Nuc acid bind
JMJD7,Proteolysis
JMY,Transcription
JMY,DNA repair
JMY,Apoptosis
JOSD1,Proteolysis
JOSD2,Proteolysis
JPH2,Transcription
JRK,Nuc acid bind
JRKL,Nuc acid bind
JTB,Cell cycle
JTB,Apoptosis
JUN,Transcription
JUN,Nuc acid bind
JUNB,Transcription
JUND,Transcription
JUP,Transcription
JUP,Structural
JUP,Cell adhesion
KAAG1,Immune
KALRN,Kinase
KALRN,Signaling
KALRN,Transport
KANK2,Transcription
KANK2,Apoptosis
KANSL1,Chromatin
KANSL2,Chromatin
KANSL3,Chromatin
KANSL3,Transcription
KARS1,Nuc acid bind
KARS1,Translation
KAT14,Chromatin
KAT14,Transcription
KAT2A,Chromatin
KAT2A,Transcription
KAT2B,Chromatin
KAT2B,Transcription
KAT5,Chromatin
KAT5,Transcription
KAT5,DNA repair
KAT5,Immune
KAT5,Apoptosis
KAT6A,Chromatin
KAT6A,Transcription
KAT6B,Chromatin
KAT6B,Transcription
KAT7,Chromatin
KAT7,Transcription
KAT7,DNA repair
KAT8,Chromatin
KAT8,Transcription
KATNA1,Cell cycle
KATNB1,Cell cycle
KATNB1,Apoptosis
KAZALD1,Signaling
KBTBD13,Ubiquitin
KBTBD2,Ubiquitin
KBTBD6,Ubiquitin
KBTBD7,Ubiquitin
KCNA1,Transport
KCNA1,Ion channel
KCNA10,Transport
KCNA10,Ion channel
KCNA2,Transport
KCNA2,Ion channel
KCNA3,Transport
KCNA3,Ion channel
KCNA4,Transport
KCNA4,Ion channel
KCNA5,Transport
KCNA5,Ion channel
KCNA6,Transport
KCNA6,Ion channel
KCNA7,Transport
KCNA7,Ion channel
KCNAB1,Transport
KCNAB1,Ion channel
KCNAB2,Ion channel
KCNAB3,Ion channel
KCNB1,Transport
KCNB1,Ion channel
KCNB2,Transport
KCNB2,Ion channel
KCNC1,Transport
KCNC1,Ion channel
KCNC2,Transport
KCNC2,Ion channel
KCNC3,Transport
KCNC3,Ion channel
KCNC4,Transport
KCNC4,Ion channel
KCND1,Transport
KCND1,Ion channel
KCND2,Transport
KCND2,Ion channel
KCND3,Transport
KCND3,Ion channel
KCNE1,Ion channel
KCNE2,Ion channel
KCNE3,Ion channel
KCNE4,Ion channel
KCNE5,Ion channel
KCNF1,Transport
KCNF1,Ion channel
KCNG1,Transport
KCNG1,Ion channel
KCNG2,Transport
KCNG2,Ion channel
KCNG3,Transport
KCNG3,Ion channel
KCNG4,Transport
KCNG4,Ion channel
KCNH1,Transport
KCNH1,Ion channel
KCNH2,Transport
KCNH2,Ion channel
KCNH3,Transport
KCNH3,Ion channel
KCNH4,Transport
KCNH4,Ion channel
KCNH5,Transport
KCNH5,Ion channel
KCNH6,Transport
KCNH6,Ion channel
KCNH7,Transport
KCNH7,Ion channel
KCNH8,Transport
KCNH8,Ion channel
KCNIP1,Ion channel
KCNIP2,Signaling
KCNIP2,Ion channel
KCNIP3,Transcription
KCNIP3,Signaling
KCNIP3,Apoptosis
KCNIP3,Ion channel
KCNIP4,Ion channel
KCNJ1,Ion channel
KCNJ10,Ion channel
KCNJ11,Transport
KCNJ11,Ion channel
KCNJ12,Ion channel
KCNJ13,Ion channel
KCNJ14,Ion channel
KCNJ15,Ion channel
KCNJ16,Ion channel
KCNJ18,Ion channel
KCNJ2,Ion channel
KCNJ3,Ion channel
KCNJ4,Ion channel
KCNJ5,Ion channel
KCNJ6,Ion channel
KCNJ8,Transport
KCNJ8,Ion channel
KCNJ9,Ion channel
KCNK1,Ion channel
KCNK10,Signaling
KCNK10,Ion channel
KCNK12,Ion channel
KCNK13,Ion channel
KCNK15,Ion channel
KCNK16,Ion channel
KCNK17,Ion channel
KCNK18,Ion channel
KCNK2,Ion channel
KCNK3,Ion channel
KCNK4,Ion channel
KCNK5,Ion channel
KCNK6,Ion channel
KCNK7,Ion channel
KCNK9,Ion channel
KCNMA1,Transport
KCNMA1,Apoptosis
KCNMA1,Ion channel
KCNMB1,Ion channel
KCNMB2,Ion channel
KCNMB3,Ion channel
KCNMB4,Ion channel
KCNN1,Ion channel
KCNN2,Ion channel
KCNN3,Ion channel
KCNN4,Ion channel
KCNQ1,Transport
KCNQ1,Ion channel
KCNQ2,Transport
KCNQ2,Ion channel
KCNQ3,Transport
KCNQ3,Ion channel
KCNQ4,Transport
KCNQ4,Ion channel
KCNQ5,Transport
KCNQ5,Ion channel
KCNS1,Transport
KCNS1,Ion channel
KCNS2,Transport
KCNS2,Ion channel
KCNS3,Transport
KCNS3,Ion channel
KCNT1,Ion channel
KCNT2,Ion channel
KCNU1,Transport
KCNU1,Ion channel
KCNV1,Transport
KCNV1,Ion channel
KCNV2,Transport
KCNV2,Ion channel
KCTD10,Ubiquitin
KCTD11,Ubiquitin
KCTD12,Nuc acid bind
KCTD13,Ubiquitin
KCTD21,Ubiquitin
KCTD6,Ubiquitin
KCTD9,Ubiquitin
KCTD9,Signaling
KDELR1,Transport
KDELR2,Transport
KDELR3,Transport
KDM1A,Chromatin
KDM1A,Transcription
KDM1A,Nuc acid bind
KDM1B,Chromatin
KDM2A,Chromatin
KDM2A,Transcription
KDM2B,Chromatin
KDM2B,Transcription
KDM2B,Nuc acid bind
KDM3A,Chromatin
KDM3A,Transcription
KDM3B,Chromatin
KDM3B,Transcription
KDM4A,Chromatin
KDM4B,Chromatin
KDM4C,Chromatin
KDM4C,Transcription
KDM4D,Chromatin
KDM4D,Immune
KDM4E,Chromatin
KDM4F,Chromatin
KDM5A,Chromatin
KDM5A,Transcription
KDM5B,Chromatin
KDM5B,Transcription
KDM5B,Nuc acid bind
KDM5C,Chromatin
KDM5C,Transcription
KDM5D,Chromatin
KDM5D,Transcription
KDM6A,Chromatin
KDM6B,Chromatin
KDM6B,Transcription
KDM6B,Immune
KDM7A,Chromatin
KDM7A,Transcription
KDM8,Chromatin
KDM8,Proteolysis
KDR,Kinase
KEAP1,Transcription
KEAP1,Ubiquitin
KEL,Proteolysis
KHDC1,Nuc acid bind
KHDC1L,Nuc acid bind
KHDC3L,Nuc acid bind
KHDC4,RNA processing
KHDC4,Nuc acid bind
KHDRBS1,Signaling
KHDRBS1,RNA processing
KHDRBS1,Nuc acid bind
KHDRBS2,RNA processing
KHDRBS2,Nuc acid bind
KHDRBS3,RNA processing
KHDRBS3,Nuc acid bind
KHNYN,Nuc acid bind
KHSRP,Transcription
KHSRP,RNA processing
KHSRP,Nuc acid bind
KHSRP,Protein folding
KIF11,Cell cycle
KIF13A,Cell cycle
KIF13B,Signaling
KIF14,Cell cycle
KIF16B,Transport
KIF18B,Cell cycle
KIF1A,Transport
KIF1B,Transport
KIF1B,Apoptosis
KIF1C,Nuc acid bind
KIF1C,Transport
KIF20B,Cell cycle
KIF22,DNA repair
KIF23,Cell cycle
KIF2A,Cell cycle
KIF2A,Cytoskeleton
KIF2B,Cell cycle
KIF2C,Cell cycle
KIF3B,Transport
KIF5A,Transport
KIFAP3,Signaling
KIFBP,Cytoskeleton
KIFC1,Cell cycle
KIN,RNA processing
KIN,DNA repair
KIN,Nuc acid bind
KIR2DL1,Immune
KIR2DL3,Immune
KIR2DL4,Signaling
KIR2DS1,Immune
KIR2DS2,Immune
KIR2DS5,Immune
KIR3DL1,Immune
KIR3DS1,Immune
KIR3DX1,Signaling
KIRREL2,Cell adhesion
KISS1,Cytoskeleton
KISS1R,Signaling
KIT,Kinase
KIT,Signaling
KIT,Immune
KITLG,Signaling
KITLG,Cell adhesion
KLC1,Cell adhesion
KLF1,Transcription
KLF10,Transcription
KLF11,Transcription
KLF11,Apoptosis
KLF12,Transcription
KLF13,Transcription
KLF14,Transcription
KLF15,Transcription
KLF16,Transcription
KLF17,Transcription
KLF18,Transcription
KLF2,Transcription
KLF3,Transcription
KLF4,Transcription
KLF5,Transcription
KLF6,Transcription
KLF7,Transcription
KLF8,Transcription
KLF9,Transcription
KLHDC1,Ubiquitin
KLHDC10,Ubiquitin
KLHDC2,Ubiquitin
KLHDC3,Ubiquitin
KLHDC8B,Cell cycle
KLHL10,Ubiquitin
KLHL12,Ubiquitin
KLHL12,Transport
KLHL13,Cell cycle
KLHL13,Ubiquitin
KLHL15,Ubiquitin
KLHL17,Ubiquitin
KLHL18,Cell cycle
KLHL18,Ubiquitin
KLHL2,Ubiquitin
KLHL20,Ubiquitin
KLHL20,Cytoskeleton
KLHL21,Cell cycle
KLHL21,Ubiquitin
KLHL22,Cell cycle
KLHL22,Ubiquitin
KLHL24,Ubiquitin
KLHL25,Ubiquitin
KLHL3,Ubiquitin
KLHL3,Structural
KLHL36,Ubiquitin
KLHL41,Ubiquitin
KLHL42,Cell cycle
KLHL42,Ubiquitin
KLHL7,Ubiquitin
KLHL8,Ubiquitin
KLHL9,Cell cycle
KLHL9,Ubiquitin
KLK1,Proteolysis
KLK10,Proteolysis
KLK11,Proteolysis
KLK12,Proteolysis
KLK13,Proteolysis
KLK14,Proteolysis
KLK15,Proteolysis
KLK2,Proteolysis
KLK3,Proteolysis
KLK4,Proteolysis
KLK5,Proteolysis
KLK6,Proteolysis
KLK7,Proteolysis
KLK8,Proteolysis
KLK9,Proteolysis
KLKB1,Proteolysis
KLKB1,Immune
KLLN,Apoptosis
KLRB1,Signaling
KLRC1,Signaling
KLRC1,Immune
KLRC2,Signaling
KLRC2,Immune
KLRD1,Signaling
KLRD1,Immune
KLRF1,Signaling
KLRF1,Immune
KLRG1,Signaling
KLRG1,Immune
KLRK1,Signaling
KLRK1,Immune
KMT2A,Chromatin
KMT2A,Transcription
KMT2A,Apoptosis
KMT2A,Methylation
KMT2B,Chromatin
KMT2B,Transcription
KMT2B,Methylation
KMT2C,Chromatin
KMT2C,Transcription
KMT2C,Nuc acid bind
KMT2C,Methylation
KMT2D,Chromatin
KMT2D,Transcription
KMT2D,Methylation
KMT2E,Chromatin
KMT2E,Transcription
KMT5A,Chromatin
KMT5A,Transcription
KMT5A,Cell cycle
KMT5A,Methylation
KMT5B,Chromatin
KMT5B,DNA repair
KMT5B,Methylation
KMT5C,Chromatin
KMT5C,DNA repair
KMT5C,Methylation
KNDC1,GTPase
KNG1,Signaling
KNG1,Immune
KNG1,Apoptosis
KNL1,Cell cycle
KNOP1,Nuc acid bind
KNSTRN,Cell cycle
KNSTRN,Cytoskeleton
KNTC1,Cell cycle
KPNA2,Nuc acid bind
KPNB1,Nuc acid bind
KRABD1,Transcription
KRABD2,Transcription
KRABD2,Nuc acid bind
KRABD4,Transcription
KRABD5,Transcription
KRAS,Signaling
KRAS,GTPase
KRCC1,DNA repair
KREMEN1,Signaling
KREMEN1,Apoptosis
KREMEN2,Signaling
KRI1,Nuc acid bind
KRIT1,GTPase
KRR1,Nuc acid bind
KRT10,Structural
KRT12,Structural
KRT13,Structural
KRT13,Cytoskeleton
KRT14,Structural
KRT15,Structural
KRT16,Immune
KRT16,Structural
KRT16,Cytoskeleton
KRT17,Structural
KRT18,Nuc acid bind
KRT18,Structural
KRT19,Structural
KRT2,Structural
KRT20,Structural
KRT20,Apoptosis
KRT222,Structural
KRT23,Structural
KRT24,Structural
KRT25,Structural
KRT25,Cytoskeleton
KRT26,Structural
KRT27,Structural
KRT28,Structural
KRT31,Structural
KRT32,Structural
KRT33A,Structural
KRT33B,Structural
KRT34,Structural
KRT35,Structural
KRT36,Structural
KRT37,Structural
KRT38,Structural
KRT39,Structural
KRT4,Cytoskeleton
KRT40,Structural
KRT5,Structural
KRT6A,Structural
KRT6B,Structural
KRT75,Structural
KRT76,Cytoskeleton
KRT84,Structural
KRT85,Structural
KRT9,Structural
KRTAP11-1,Structural
KRTAP13-1,Structural
KRTAP13-2,Structural
KRTAP16-1,Structural
KRTAP24-1,Structural
KRTAP25-1,Structural
KRTAP26-1,Structural
KRTAP27-1,Structural
KRTAP29-1,Structural
KRTAP3-1,Structural
KRTAP3-2,Structural
KRTAP3-3,Structural
KSR1,Kinase
KSR2,Kinase
KTN1,Nuc acid bind
KXD1,Transport
KY,Proteolysis
KYAT3,Nuc acid bind
L1CAM,Cell adhesion
L3MBTL1,Chromatin
L3MBTL1,Transcription
L3MBTL2,Chromatin
L3MBTL2,Transcription
L3MBTL3,Chromatin
L3MBTL3,Transcription
L3MBTL4,Chromatin
L3MBTL4,Transcription
LACC1,Immune
LACTB,Proteolysis
LACTB2,Nuc acid bind
LAD1,Structural
LAG3,Signaling
LALBA,Signaling
LALBA,Apoptosis
LAMA1,Signaling
LAMA1,Structural
LAMA1,Cell adhesion
LAMA2,Signaling
LAMA2,Structural
LAMA2,Cell adhesion
LAMA3,Signaling
LAMA3,Structural
LAMA3,Cell adhesion
LAMA4,Signaling
LAMA4,Structural
LAMA4,Cell adhesion
LAMA5,Structural
LAMA5,Cell adhesion
LAMB1,Signaling
LAMB1,Structural
LAMB1,Cell adhesion
LAMB2,Structural
LAMB2,Cell adhesion
LAMB3,Structural
LAMB3,Cell adhesion
LAMB4,Structural
LAMB4,Cell adhesion
LAMC1,Signaling
LAMC1,Structural
LAMC1,Cell adhesion
LAMC2,Structural
LAMC2,Cell adhesion
LAMC3,Structural
LAMC3,Cell adhesion
LAP3,Proteolysis
LARP1,Nuc acid bind
LARP1,Translation
LARP1B,Nuc acid bind
LARP4,Nuc acid bind
LARP4,Translation
LARP4B,Nuc acid bind
LARP6,RNA processing
LARP6,Nuc acid bind
LARP7,Transcription
LARP7,RNA processing
LARP7,Nuc acid bind
LARS1,Translation
LARS2,Translation
LAS1L,Nuc acid bind
LASP1,Ion channel
LAT,Signaling
LAT,Immune
LAT2,Signaling
LATS1,Cell cycle
LATS1,Kinase
LATS1,Apoptosis
LATS2,Cell cycle
LATS2,Kinase
LATS2,Signaling
LATS2,Apoptosis
LAX1,Signaling
LAX1,Immune
LBH,Transcription
LBP,Immune
LBR,Nuc acid bind
LBX1,Transcription
LBX2,Transcription
LCK,Kinase
LCK,Signaling
LCMT1,Methylation
LCMT2,Methylation
LCN1,Proteolysis
LCN2,Immune
LCN2,Apoptosis
LCN2,Ion channel
LCOR,Transcription
LCORL,Transcription
LCP2,Signaling
LCP2,Immune
LDB1,Transcription
LDB2,Transcription
LDLRAD1,Transport
LDLRAD3,Transport
LEF1,Transcription
LEFTY1,Transcription
LEMD3,Nuc acid bind
LEO1,Transcription
LEP,Transcription
LEP,Signaling
LEPR,Signaling
LETM1,Ion channel
LEUTX,Transcription
LGALS1,Signaling
LGALS1,Nuc acid bind
LGALS1,Apoptosis
LGALS12,Apoptosis
LGALS13,Apoptosis
LGALS14,Apoptosis
LGALS16,Apoptosis
LGALS2,Apoptosis
LGALS3,RNA processing
LGALS3,Nuc acid bind
LGALS3,Immune
LGALS3BP,Signaling
LGALS3BP,Transport
LGALS3BP,Cell adhesion
LGALS4,Cell adhesion
LGALS7,Apoptosis
LGALS9,Immune
LGI1,Signaling
LGMN,Proteolysis
LGR4,Signaling
LGR4,Immune
LGR5,Signaling
LGR6,Signaling
LHB,Signaling
LHCGR,Signaling
LHFPL5,Ion channel
LHX1,Transcription
LHX2,Transcription
LHX3,Transcription
LHX4,Transcription
LHX5,Transcription
LHX6,Transcription
LHX8,Transcription
LHX9,Transcription
LIAS,Immune
LIF,Transcription
LIF,Immune
LIFR,Signaling
LIG1,Cell cycle
LIG1,DNA repair
LIG3,Cell cycle
LIG3,DNA repair
LIG4,Cell cycle
LIG4,DNA repair
LILRA1,Signaling
LILRA2,Signaling
LILRA2,Immune
LILRA4,Signaling
LILRA4,Immune
LILRA5,Immune
LILRA6,Signaling
LILRB1,Transcription
LILRB1,Signaling
LILRB1,Apoptosis
LILRB2,Signaling
LILRB2,Immune
LILRB3,Signaling
LILRB4,Signaling
LILRB5,Signaling
LIMD1,Transcription
LIMD1,Kinase
LIMD1,Cytoskeleton
LIMK1,Kinase
LIMK1,Signaling
LIMK2,Kinase
LIMS1,Signaling
LIN28A,Nuc acid bind
LIN28B,Nuc acid bind
LIN37,Transcription
LIN52,Transcription
LIN54,Transcription
LIN9,Transcription
LINC-PINT,Transcription
LIPE,Kinase
LITAF,Transcription
LLGL1,Structural
LLGL2,Cell cycle
LLPH,Nuc acid bind
LMAN1,Transport
LMAN1,Protein folding
LMAN2L,Protein folding
LMBR1,Signaling
LMBR1L,Signaling
LMLN,Cell cycle
LMLN,Proteolysis
LMLN,Cell adhesion
LMNA,Structural
LMNB1,Structural
LMNB1,Cytoskeleton
LMNB2,Structural
LMNB2,Cytoskeleton
LMO1,Transcription
LMO2,Transcription
LMO3,Transcription
LMO4,Transcription
LMO7,Transcription
LMO7,Ubiquitin
LMTK2,Kinase
LMTK3,Kinase
LMX1A,Transcription
LMX1B,Transcription
LNPEP,Ubiquitin
LNPEP,Proteolysis
LNX1,Ubiquitin
LOC100653049,Structural
LOC107984156,Transport
LOC107984156,GTPase
LOC107987545,Signaling
LOC112268384,Signaling
LOC122539214,Transcription
LOC124905359,Signaling
LOC124905412,Transcription
LOC124906262,Nuc acid bind
LOC124906262,Structural
LOC728743,Transcription
LONP1,Proteolysis
LONP2,Proteolysis
LORICRIN,Structural
LORICRIN,Cytoskeleton
LOXL2,Chromatin
LOXL2,Transcription
LOXL3,Immune
LPA,Proteolysis
LPAR1,Signaling
LPAR1,Apoptosis
LPAR2,Signaling
LPAR3,Signaling
LPAR4,Signaling
LPAR5,Signaling
LPAR6,Signaling
LPIN1,Transcription
LPIN2,Transcription
LPIN3,Transcription
LPP,Cell adhesion
LPXN,Signaling
LPXN,Cell adhesion
LRFN3,Cell adhesion
LRIF1,Transcription
LRP1,Nuc acid bind
LRP10,Transport
LRP12,Signaling
LRP3,Transport
LRP5,Transcription
LRP6,Transcription
LRP6,Transport
LRP8,Signaling
LRP8,Proteolysis
LRPAP1,Signaling
LRPPRC,Nuc acid bind
LRR1,Ubiquitin
LRR1,Signaling
LRRC18,Signaling
LRRC2,Signaling
LRRC26,Ion channel
LRRC28,Signaling
LRRC30,Signaling
LRRC38,Ion channel
LRRC39,Signaling
LRRC40,Signaling
LRRC41,Ubiquitin
LRRC47,Nuc acid bind
LRRC52,Ion channel
LRRC55,Ion channel
LRRC58,Signaling
LRRC59,Signaling
LRRC59,Nuc acid bind
LRRC63,Signaling
LRRC69,Signaling
LRRC8A,Ion channel
LRRC8B,Ion channel
LRRC8C,Ion channel
LRRC8D,Ion channel
LRRC8E,Ion channel
LRRCC1,Cell cycle
LRRD1,Signaling
LRRFIP1,Transcription
LRRFIP2,Transcription
LRRK1,Kinase
LRRK2,Kinase
LRRK2,Signaling
LRRK2,Transport
LRRK2,GTPase
LRRN2,Signaling
LRRN2,Cell adhesion
LRSAM1,Ubiquitin
LRWD1,Chromatin
LSAMP,Cell adhesion
LSG1,GTPase
LSM1,RNA processing
LSM1,Nuc acid bind
LSM10,RNA processing
LSM10,Nuc acid bind
LSM11,RNA processing
LSM11,Nuc acid bind
LSM12,Nuc acid bind
LSM14A,Nuc acid bind
LSM14B,Nuc acid bind
LSM2,RNA processing
LSM2,Nuc acid bind
LSM3,RNA processing
LSM3,Nuc acid bind
LSM4,RNA processing
LSM4,Nuc acid bind
LSM5,RNA processing
LSM5,Nuc acid bind
LSM6,RNA processing
LSM6,Nuc acid bind
LSM7,RNA processing
LSM7,Nuc acid bind
LSM8,RNA processing
LSM8,Nuc acid bind
LSP1,Signaling
LST1,Immune
LTA,Signaling
LTA,Immune
LTA,Apoptosis
LTA4H,Nuc acid bind
LTA4H,Proteolysis
LTB,Signaling
LTB,Immune
LTB4R,Signaling
LTB4R,Immune
LTB4R2,Signaling
LTBP1,Structural
LTBP2,Structural
LTBP4,Structural
LTBP4,Protein folding
LTBR,Signaling
LTBR,Immune
LTBR,Apoptosis
LTF,Proteolysis
LTF,Ion channel
LTK,Kinase
LTK,Signaling
LTN1,Ubiquitin
LUC7L2,Nuc acid bind
LUC7L3,RNA processing
LUC7L3,Nuc acid bind
LUM,Structural
LUZP4,Nuc acid bind
LVRN,Proteolysis
LXN,Immune
LY6D,Cell adhesion
LY6E,Signaling
LY75,Immune
LY86,Immune
LY9,Immune
LY9,Cell adhesion
LY96,Signaling
LY96,Immune
LYAR,Transcription
LYAR,Nuc acid bind
LYAR,Immune
LYL1,Transcription
LYN,Kinase
LYN,Signaling
LYN,DNA repair
LYN,Immune
LYRM4,Structural
LYRM7,Protein folding
LYST,Immune
LYVE1,Cell adhesion
LYZ,Immune
LZTR1,Ubiquitin
LZTS2,Cell cycle
M1AP,Chromatin
M1AP,RNA processing
MACC1,Transcription
MACC1,Signaling
MACF1,Nuc acid bind
MACF1,Structural
MACIR,Immune
MACROD1,DNA repair
MACROD2,DNA repair
MACROH2A1,Chromatin
MACROH2A1,Transcription
MACROH2A1,DNA repair
MACROH2A2,Chromatin
MACROH2A2,Transcription
MAD1L1,Cell cycle
MAD2L1,Cell cycle
MAD2L2,Transcription
MAD2L2,Cell cycle
MAD2L2,DNA repair
MADCAM1,Signaling
MADCAM1,Immune
MADCAM1,Cell adhesion
MADD,Signaling
MADD,Apoptosis
MAEA,Cell cycle
MAEA,Cell adhesion
MAF,Transcription
MAFA,Transcription
MAFB,Transcription
MAFF,Transcription
MAFG,Transcription
MAFK,Transcription
MAG,Cell adhesion
MAGEA1,Transcription
MAGEA10,Transcription
MAGEA11,Transcription
MAGEA12,Transcription
MAGEA13P,Transcription
MAGEA2,Transcription
MAGEA3,Transcription
MAGEA4,Transcription
MAGEA6,Transcription
MAGEA8,Transcription
MAGEA9,Transcription
MAGEB1,Transcription
MAGEB10,Transcription
MAGEB16,Transcription
MAGEB17,Transcription
MAGEB18,Transcription
MAGEB2,Transcription
MAGEB3,Transcription
MAGEB4,Transcription
MAGEB5,Transcription
MAGEB6,Transcription
MAGEB6B,Transcription
MAGEC1,Transcription
MAGEC2,Transcription
MAGEC3,Transcription
MAGED1,Transcription
MAGED2,Transcription
MAGED4,Transcription
MAGEE1,Transcription
MAGEE2,Transcription
MAGEF1,Transcription
MAGEF1,Ubiquitin
MAGEH1,Transcription
MAGEH1,Apoptosis
MAGEL2,Transcription
MAGI1,Signaling
MAGI1,Cell adhesion
MAGI2,Signaling
MAGI3,Signaling
MAGI3,Apoptosis
MAGOH,RNA processing
MAGOH,Nuc acid bind
MAGOHB,RNA processing
MAGOHB,Nuc acid bind
MAGT1,Transport
MAK,Kinase
MAK,Signaling
MAK16,Nuc acid bind
MAL,Apoptosis
MALT1,Proteolysis
MALT1,Immune
MAML1,Transcription
MAML1,Kinase
MAML2,Transcription
MAML3,Transcription
MAMLD1,Transcription
MAMSTR,Transcription
MANF,Nuc acid bind
MAP10,Cell cycle
MAP10,Cytoskeleton
MAP1A,Structural
MAP1A,Cytoskeleton
MAP1B,Structural
MAP1B,Cytoskeleton
MAP1S,Apoptosis
MAP1S,Cytoskeleton
MAP2,Structural
MAP2,Cytoskeleton
MAP2K1,Kinase
MAP2K1,Signaling
MAP2K2,Kinase
MAP2K3,Kinase
MAP2K3,Signaling
MAP2K4,Kinase
MAP2K4,Signaling
MAP2K4,Apoptosis
MAP2K5,Transcription
MAP2K5,Kinase
MAP2K5,Signaling
MAP2K6,Kinase
MAP2K6,Signaling
MAP2K6,Apoptosis
MAP2K7,Kinase
MAP2K7,Signaling
MAP2K7,Apoptosis
MAP3K1,Kinase
MAP3K1,Signaling
MAP3K10,Transcription
MAP3K10,Kinase
MAP3K10,Signaling
MAP3K10,Apoptosis
MAP3K11,Kinase
MAP3K11,Apoptosis
MAP3K12,Kinase
MAP3K12,Signaling
MAP3K13,Kinase
MAP3K13,Signaling
MAP3K14,Kinase
MAP3K14,Immune
MAP3K15,Kinase
MAP3K19,Kinase
MAP3K19,Signaling
MAP3K2,Kinase
MAP3K2,Signaling
MAP3K20,Kinase
MAP3K20,Signaling
MAP3K20,Nuc acid bind
MAP3K20,Immune
MAP3K20,Apoptosis
MAP3K21,Kinase
MAP3K21,Signaling
MAP3K3,Kinase
MAP3K3,Signaling
MAP3K4,Kinase
MAP3K4,Signaling
MAP3K5,Kinase
MAP3K5,Immune
MAP3K5,Apoptosis
MAP3K6,Kinase
MAP3K6,Signaling
MAP3K7,Chromatin
MAP3K7,Kinase
MAP3K7,Signaling
MAP3K7,Immune
MAP3K7,Apoptosis
MAP3K8,Kinase
MAP3K8,Signaling
MAP3K9,Kinase
MAP3K9,Signaling
MAP3K9,Apoptosis
MAP4,Cell cycle
MAP4,Nuc acid bind
MAP4,Structural
MAP4,Cytoskeleton
MAP4K1,Kinase
MAP4K1,Signaling
MAP4K2,Kinase
MAP4K2,Signaling
MAP4K2,Immune
MAP4K3,Kinase
MAP4K3,Signaling
MAP4K4,Kinase
MAP4K4,Signaling
MAP4K5,Kinase
MAP4K5,Signaling
MAP6,Cytoskeleton
MAP6D1,Cytoskeleton
MAP7,Structural
MAP7,Cytoskeleton
MAP7D1,Cytoskeleton
MAP7D2,Cytoskeleton
MAP7D3,Cytoskeleton
MAP9,Cell cycle
MAPK1,Transcription
MAPK1,Kinase
MAPK1,Signaling
MAPK1,Apoptosis
MAPK10,Kinase
MAPK10,Signaling
MAPK11,Kinase
MAPK11,Signaling
MAPK12,Kinase
MAPK12,Signaling
MAPK13,Kinase
MAPK13,Signaling
MAPK14,Transcription
MAPK14,Kinase
MAPK14,Signaling
MAPK14,Apoptosis
MAPK15,Transcription
MAPK15,Kinase
MAPK15,Signaling
MAPK15,DNA repair
MAPK3,Transcription
MAPK3,Kinase
MAPK3,Signaling
MAPK3,Apoptosis
MAPK4,Kinase
MAPK4,Signaling
MAPK6,Kinase
MAPK6,Signaling
MAPK7,Transcription
MAPK7,Kinase
MAPK7,Signaling
MAPK8,Kinase
MAPK8,Apoptosis
MAPK8IP1,Transport
MAPK8IP2,Structural
MAPK8IP3,Transport
MAPK9,Kinase
MAPKAP1,Cytoskeleton
MAPKAPK2,Kinase
MAPKAPK2,Signaling
MAPKAPK2,DNA repair
MAPKAPK2,Immune
MAPKAPK3,Kinase
MAPKAPK3,Signaling
MAPKAPK5,Transcription
MAPKAPK5,Kinase
MAPKAPK5,Signaling
MAPRE1,Cell cycle
MAPRE1,Nuc acid bind
MAPRE2,Cell cycle
MAPRE3,Cell cycle
MAPT,DNA repair
MAPT,Nuc acid bind
MAPT,Cytoskeleton
MARCHF1,Ubiquitin
MARCHF1,Immune
MARCHF10,Ubiquitin
MARCHF11,Ubiquitin
MARCHF2,Ubiquitin
MARCHF3,Ubiquitin
MARCHF4,Ubiquitin
MARCHF5,Ubiquitin
MARCHF6,Ubiquitin
MARCHF7,Ubiquitin
MARCHF8,Ubiquitin
MARCHF8,Immune
MARCHF9,Ubiquitin
MARCKS,Apoptosis
MARCO,Signaling
MARCO,Immune
MARF1,Nuc acid bind
MARK1,Kinase
MARK1,Signaling
MARK1,Cytoskeleton
MARK2,Kinase
MARK2,Signaling
MARK2,Nuc acid bind
MARK2,Cytoskeleton
MARK3,Kinase
MARK3,Signaling
MARK3,Cytoskeleton
MARK4,Cell cycle
MARK4,Kinase
MARK4,Signaling
MARK4,Cytoskeleton
MARS1,Nuc acid bind
MARS1,Translation
MARS2,Translation
MAS1,Signaling
MAS1L,Signaling
MASP1,Proteolysis
MASP1,Immune
MASP2,Proteolysis
MASP2,Immune
MAST1,Kinase
MAST1,Signaling
MAST1,Cytoskeleton
MAST2,Kinase
MAST2,Signaling
MAST2,Cytoskeleton
MAST3,Kinase
MAST3,Signaling
MAST3,Cytoskeleton
MAST4,Kinase
MAST4,Signaling
MAST4,Cytoskeleton
MASTL,Cell cycle
MASTL,Kinase
MASTL,Signaling
MASTL,DNA repair
MATCAP1,Proteolysis
MATCAP2,Proteolysis
MATK,Kinase
MATN1,Structural
MATN2,Structural
MATN3,Structural
MATR3,Nuc acid bind
MATR3,Immune
MATR3,Structural
MAU2,Cell cycle
MAVS,Transcription
MAVS,Signaling
MAVS,Immune
MAX,Transcription
MAZ,Transcription
MAZ,Nuc acid bind
MBD1,Transcription
MBD2,Chromatin
MBD2,Transcription
MBD3,Chromatin
MBD3,Transcription
MBD3L1,Transcription
MBD3L2,Transcription
MBD3L2B,Transcription
MBD3L3,Transcription
MBD3L4,Transcription
MBD3L5,Transcription
MBD4,DNA repair
MBIP,Transcription
MBL2,Proteolysis
MBL2,Immune
MBNL1,RNA processing
MBNL1,Nuc acid bind
MBNL2,RNA processing
MBNL2,Nuc acid bind
MBNL3,RNA processing
MBNL3,Nuc acid bind
MBP,Immune
MBTD1,Chromatin
MBTD1,Transcription
MBTPS1,Proteolysis
MBTPS2,Transcription
MBTPS2,Proteolysis
MC1R,Transcription
MC1R,Signaling
MC2R,Signaling
MC3R,Signaling
MC4R,Signaling
MC5R,Signaling
MCAM,Cell adhesion
MCAT,Nuc acid bind
MCC,Signaling
MCF2,Signaling
MCF2L,Signaling
MCFD2,Transport
MCHR1,Signaling
MCHR2,Signaling
MCIDAS,Transcription
MCL1,DNA repair
MCL1,Transport
MCL1,Apoptosis
MCM10,DNA repair
MCM2,Apoptosis
MCM3AP,Transcription
MCM3AP,Nuc acid bind
MCM7,DNA repair
MCM8,DNA repair
MCM9,DNA repair
MCMBP,Cell cycle
MCMDC2,DNA repair
MCOLN1,Ion channel
MCOLN2,Immune
MCOLN2,Ion channel
MCOLN3,Ion channel
MCPH1,Transcription
MCRIP2,Nuc acid bind
MCRS1,Chromatin
MCRS1,Transcription
MCRS1,DNA repair
MCTS1,DNA repair
MCTS1,Nuc acid bind
MCTS1,Translation
MCTS2,Nuc acid bind
MCU,Apoptosis
MCU,Ion channel
MCUB,Ion channel
MCUR1,Ion channel
MDC1,Chromatin
MDC1,DNA repair
MDFI,Transcription
MDH2,Nuc acid bind
MDK,Signaling
MDK,Cytoskeleton
MDM2,Transcription
MDM2,Ubiquitin
MDM2,Apoptosis
MDM4,Transcription
MDP1,Phosphatase
MEAF6,Chromatin
MEAF6,Transcription
MECOM,Chromatin
MECOM,Transcription
MECOM,Apoptosis
MECOM,Methylation
MECP2,Transcription
MECP2,Nuc acid bind
MED1,Transcription
MED1,Ubiquitin
MED10,Transcription
MED10,Ubiquitin
MED11,Transcription
MED11,Ubiquitin
MED12,Transcription
MED12,Ubiquitin
MED12L,Transcription
MED13,Transcription
MED13L,Transcription
MED14,Transcription
MED15,Transcription
MED16,Transcription
MED17,Transcription
MED17,Ubiquitin
MED18,Transcription
MED19,Transcription
MED20,Transcription
MED21,Transcription
MED21,Ubiquitin
MED22,Transcription
MED23,Transcription
MED25,Transcription
MED26,Transcription
MED27,Transcription
MED27,Ubiquitin
MED29,Transcription
MED30,Ubiquitin
MED31,Transcription
MED31,Ubiquitin
MED4,Transcription
MED6,Transcription
MED7,Transcription
MED7,Ubiquitin
MED8,Transcription
MED8,Ubiquitin
MED9,Transcription
MEF2A,Transcription
MEF2A,Apoptosis
MEF2B,Transcription
MEF2C,Transcription
MEF2C,Apoptosis
MEF2D,Transcription
MEF2D,Apoptosis
MEFV,Immune
MEGF10,Transport
MEGF10,Cell adhesion
MEGF11,Structural
MEGF6,Transport
MEGF8,Signaling
MEIOSIN,Transcription
MEIS1,Transcription
MEIS2,Transcription
MEIS3,Transcription
MEIS3P1,Transcription
MEIS3P2,Transcription
MELK,Kinase
MELK,Apoptosis
MELTF,Ion channel
MEN1,Chromatin
MEN1,Transcription
MEN1,DNA repair
MEOX1,Transcription
MEOX2,Transcription
MEP1A,Proteolysis
MEP1B,Proteolysis
MEP1B,Immune
MEPCE,Nuc acid bind
MEPCE,Methylation
MEPE,Structural
MERTK,Kinase
MERTK,Signaling
MESD,Protein folding
MESP1,Transcription
MESP2,Transcription
MET,Transcription
MET,Kinase
MET,Signaling
METAP1,Proteolysis
METAP1D,Proteolysis
METAP2,Nuc acid bind
METAP2,Proteolysis
METRN,Signaling
METRNL,Signaling
METTL1,Nuc acid bind
METTL1,Methylation
METTL13,Methylation
METTL14,RNA processing
METTL14,DNA repair
METTL14,Nuc acid bind
METTL15,Methylation
METTL15P1,Methylation
METTL16,RNA processing
METTL16,Nuc acid bind
METTL16,Methylation
METTL17,Translation
METTL18,Methylation
METTL21A,Methylation
METTL21C,Methylation
METTL21EP,Methylation
METTL22,Methylation
METTL23,Chromatin
METTL23,Transcription
METTL23,Methylation
METTL24,Methylation
METTL25,Methylation
METTL2A,Methylation
METTL2B,Methylation
METTL3,RNA processing
METTL3,DNA repair
METTL3,Nuc acid bind
METTL3,Immune
METTL3,Methylation
METTL4,Chromatin
METTL4,Nuc acid bind
METTL4,Methylation
METTL5,Nuc acid bind
METTL5,Methylation
METTL6,Methylation
METTL8,Methylation
METTL9,Methylation
MEX3A,Nuc acid bind
MEX3B,Kinase
MEX3B,Nuc acid bind
MEX3C,Nuc acid bind
MEX3D,Nuc acid bind
MFAP1,RNA processing
MFAP1,Nuc acid bind
MFAP2,Structural
MFAP4,Structural
MFAP4,Cell adhesion
MFAP5,Structural
MFGE8,Structural
MFGE8,Cell adhesion
MFHAS1,Signaling
MFHAS1,Immune
MFN1,GTPase
MFN2,Apoptosis
MFN2,GTPase
MFSD1,Transport
MFSD2A,Transport
MFSD2B,Transport
MFSD8,Transport
MFSD8,Ion channel
MGA,Transcription
MGLL,Immune
MGME1,DNA repair
MGMT,DNA repair
MGMT,Methylation
MGP,Structural
MGRN1,Ubiquitin
MIA,Signaling
MIA3,Transport
MIB1,Ubiquitin
MIB2,Ubiquitin
MICA,Signaling
MICA,DNA repair
MICA,Immune
MICAL1,Signaling
MICAL1,Cytoskeleton
MICAL2,Transcription
MICAL2,Cytoskeleton
MICAL3,Cell cycle
MICAL3,Cytoskeleton
MICB,Immune
MICU1,Ion channel
MID1,Cytoskeleton
MID2,Ubiquitin
MID2,Immune
MIDEAS,Chromatin
MIDEAS,Transcription
MIEN1,Apoptosis
MIER1,Chromatin
MIER1,Transcription
MIER2,Chromatin
MIER2,Transcription
MIER3,Transcription
MIF,Signaling
MIF,Immune
MIF4GD,Nuc acid bind
MILR1,Signaling
MILR1,Immune
MINDY1,Proteolysis
MINDY2,Proteolysis
MINDY3,Proteolysis
MINDY3,Apoptosis
MINDY4,Proteolysis
MINK1,Kinase
MIP,Transport
MIPEP,Proteolysis
MIR9-1HG,Transcription
MIS12,Cell cycle
MIS18A,Cell cycle
MIS18BP1,Cell cycle
MISP,Cell cycle
MITD1,Cell cycle
MITF,Transcription
MIXL1,Transcription
MKI67,Nuc acid bind
MKKS,Protein folding
MKLN1,Signaling
MKNK1,Kinase
MKNK1,Signaling
MKNK2,Kinase
MKNK2,Signaling
MKNK2,Apoptosis
MKRN1,Ubiquitin
MKRN1,Nuc acid bind
MKRN2,Transcription
MKRN2,Ubiquitin
MKRN2,Nuc acid bind
MKRN3,Ubiquitin
MKRN3,Nuc acid bind
MKRN4P,Ubiquitin
MKX,Transcription
MLC1,Transport
MLF1,Transcription
MLF2,Transcription
MLH1,DNA repair
MLH3,DNA repair
MLIP,Transcription
MLKL,Kinase
MLKL,Signaling
MLLT10,Chromatin
MLLT10,Transcription
MLLT11,Apoptosis
MLLT3,Chromatin
MLLT6,Chromatin
MLLT6,Transcription
MLN,Signaling
MLNR,Signaling
MLST8,DNA repair
MLST8,Cytoskeleton
MLX,Transcription
MLXIP,Transcription
MLXIPL,Transcription
MMAA,GTPase
MMD,Kinase
MMD2,Kinase
MME,Proteolysis
MMEL1,Proteolysis
MMGT1,Transport
MMP1,Proteolysis
MMP10,Proteolysis
MMP11,Proteolysis
MMP12,Transcription
MMP12,Proteolysis
MMP13,Proteolysis
MMP14,Proteolysis
MMP15,Proteolysis
MMP16,Proteolysis
MMP17,Proteolysis
MMP19,Proteolysis
MMP2,Proteolysis
MMP2,Apoptosis
MMP20,Proteolysis
MMP21,Proteolysis
MMP23B,Proteolysis
MMP24,Proteolysis
MMP24,Cell adhesion
MMP25,Proteolysis
MMP25,Immune
MMP26,Proteolysis
MMP27,Proteolysis
MMP28,Proteolysis
MMP3,Proteolysis
MMP3,Immune
MMP7,Proteolysis
MMP8,Proteolysis
MMP9,Proteolysis
MMRN1,Structural
MMRN1,Cell adhesion
MMRN2,Signaling
MMRN2,Structural
MMRN2,Cell adhesion
MMS19,DNA repair
MMS22L,Chromatin
MMS22L,DNA repair
MMTAG2,Nuc acid bind
MMUT,GTPase
MN1,Transcription
MNAT1,Transcription
MNAT1,DNA repair
MNDA,DNA repair
MNDA,Apoptosis
MNT,Transcription
MNX1,Transcription
MOAP1,Apoptosis
MOB2,Signaling
MOB3A,Signaling
MOB3B,Signaling
MOB3C,Signaling
MOG,Cell adhesion
MOGS,Protein folding
MOK,Kinase
MOK,Signaling
MON1A,Transport
MON1B,Transport
MORC2,Chromatin
MORC2,DNA repair
MORC3,Chromatin
MORC3,Transcription
MORC3,Kinase
MORC3,Nuc acid bind
MORC3,Immune
MORC4,Chromatin
MORF4L1,Chromatin
MORF4L1,Transcription
MORF4L1,DNA repair
MORF4L2,Chromatin
MORF4L2,Transcription
MORF4L2,DNA repair
MOS,Chromatin
MOS,Kinase
MOS,Signaling
MOSPD1,Transcription
MOV10,Nuc acid bind
MOV10L1,Nuc acid bind
MPDU1,Protein folding
MPEG1,Transport
MPEG1,Immune
MPG,DNA repair
MPHOSPH10,RNA processing
MPHOSPH10,Nuc acid bind
MPHOSPH6,Nuc acid bind
MPLKIP,Cell cycle
MPND,Proteolysis
MPP1,Signaling
MPPE1,Transport
MPV17,Transport
MPZ,Structural
MPZL1,Structural
MPZL2,Cell adhesion
MPZL3,Cell adhesion
MR1,Immune
MRAS,Signaling
MRAS,GTPase
MRE11,DNA repair
MRGBP,Chromatin
MRGBP,Transcription
MRGPRD,Signaling
MRGPRE,Signaling
MRGPRF,Signaling
MRGPRG,Signaling
MRGPRX1,Signaling
MRGPRX2,Signaling
MRGPRX3,Signaling
MRGPRX4,Signaling
MRM1,RNA processing
MRM1,Nuc acid bind
MRM1,Methylation
MRM2,Methylation
MRM3,RNA processing
MRM3,Nuc acid bind
MRM3,Methylation
MRNIP,DNA repair
MRPL1,Nuc acid bind
MRPL1,Translation
MRPL10,Nuc acid bind
MRPL10,Translation
MRPL11,Nuc acid bind
MRPL11,Translation
MRPL12,Nuc acid bind
MRPL12,Translation
MRPL13,Nuc acid bind
MRPL13,Translation
MRPL14,Nuc acid bind
MRPL14,Translation
MRPL15,Nuc acid bind
MRPL15,Translation
MRPL16,Translation
MRPL17,Translation
MRPL18,Nuc acid bind
MRPL18,Translation
MRPL19,Translation
MRPL2,Nuc acid bind
MRPL2,Translation
MRPL20,Nuc acid bind
MRPL20,Translation
MRPL21,Nuc acid bind
MRPL21,Translation
MRPL22,Nuc acid bind
MRPL22,Translation
MRPL23,Nuc acid bind
MRPL23,Translation
MRPL24,Nuc acid bind
MRPL24,Translation
MRPL27,Nuc acid bind
MRPL27,Translation
MRPL28,Nuc acid bind
MRPL28,Translation
MRPL3,Nuc acid bind
MRPL3,Translation
MRPL30,Translation
MRPL32,Nuc acid bind
MRPL32,Translation
MRPL33,Translation
MRPL34,Translation
MRPL35,Translation
MRPL36,Translation
MRPL37,Nuc acid bind
MRPL37,Translation
MRPL39,Nuc acid bind
MRPL4,Nuc acid bind
MRPL4,Translation
MRPL40,Nuc acid bind
MRPL41,Nuc acid bind
MRPL41,Apoptosis
MRPL41,Translation
MRPL42,Nuc acid bind
MRPL42,Translation
MRPL43,Nuc acid bind
MRPL43,Translation
MRPL44,RNA processing
MRPL44,Nuc acid bind
MRPL45,Nuc acid bind
MRPL45,Translation
MRPL46,Translation
MRPL47,Translation
MRPL49,Translation
MRPL51,Translation
MRPL52,Translation
MRPL54,Nuc acid bind
MRPL54,Translation
MRPL55,Translation
MRPL57,Translation
MRPL58,Translation
MRPL9,Nuc acid bind
MRPL9,Translation
MRPS11,Nuc acid bind
MRPS11,Translation
MRPS12,Nuc acid bind
MRPS12,Translation
MRPS14,Nuc acid bind
MRPS14,Translation
MRPS15,Nuc acid bind
MRPS15,Translation
MRPS16,Translation
MRPS17,Nuc acid bind
MRPS17,Translation
MRPS18A,Translation
MRPS18B,Translation
MRPS18C,Translation
MRPS2,Translation
MRPS21,Nuc acid bind
MRPS21,Translation
MRPS22,Translation
MRPS23,Nuc acid bind
MRPS23,Translation
MRPS24,Nuc acid bind
MRPS24,Translation
MRPS25,Translation
MRPS26,Nuc acid bind
MRPS27,Nuc acid bind
MRPS28,Nuc acid bind
MRPS30,Nuc acid bind
MRPS30,Apoptosis
MRPS30,Translation
MRPS31,Nuc acid bind
MRPS31,Translation
MRPS33,Translation
MRPS34,Translation
MRPS35,Nuc acid bind
MRPS35,Translation
MRPS5,Nuc acid bind
MRPS5,Translation
MRPS6,Translation
MRPS7,Nuc acid bind
MRPS7,Translation
MRPS9,Nuc acid bind
MRPS9,Translation
MRRF,Translation
MRS2,Transport
MRS2,Ion channel
MRTFA,Transcription
MRTFB,Transcription
MRTO4,Nuc acid bind
MS4A1,Signaling
MS4A10,Signaling
MS4A12,Signaling
MS4A13,Signaling
MS4A14,Signaling
MS4A15,Signaling
MS4A18,Signaling
MS4A2,Signaling
MS4A2,Immune
MS4A5,Signaling
MS4A6A,Signaling
MS4A6E,Signaling
MS4A7,Signaling
MS4A8,Signaling
MSC,Transcription
MSGN1,Transcription
MSH2,DNA repair
MSH3,DNA repair
MSH5,DNA repair
MSH6,Chromatin
MSH6,DNA repair
MSI1,Nuc acid bind
MSI2,Nuc acid bind
MSL1,Chromatin
MSL2,Chromatin
MSL2,Ubiquitin
MSL2,DNA repair
MSL3,Chromatin
MSL3,Transcription
MSL3B,Chromatin
MSL3B,Transcription
MSLN,Cell adhesion
MSLNL,Cell adhesion
MSMP,Signaling
MSMP,Immune
MSN,Structural
MSN,Cytoskeleton
MSRB1,Immune
MST1,Proteolysis
MST1L,Proteolysis
MST1R,Kinase
MST1R,Signaling
MST1R,Immune
MSX1,Transcription
MSX2,Transcription
MT-ATP6,Ion channel
MT-ATP8,Ion channel
MT-RNR1,Transcription
MT-RNR2,Apoptosis
MTA1,Chromatin
MTA1,Transcription
MTA1,Signaling
MTA2,Chromatin
MTA2,Transcription
MTA3,Chromatin
MTA3,Transcription
MTCH1,Apoptosis
MTCH2,Apoptosis
MTCL1,Cell cycle
MTCL1,Nuc acid bind
MTCL2,Cell cycle
MTCP1,Signaling
MTDH,Transcription
MTDH,Nuc acid bind
MTERF1,Nuc acid bind
MTERF2,Nuc acid bind
MTERF3,Transcription
MTERF3,Nuc acid bind
MTERF4,Nuc acid bind
MTF1,Transcription
MTF2,Chromatin
MTF2,Transcription
MTFMT,Translation
MTFP1,Apoptosis
MTG1,GTPase
MTG2,GTPase
MTHFSD,Nuc acid bind
MTIF2,Nuc acid bind
MTIF2,Translation
MTIF2,GTPase
MTIF3,Translation
MTM1,Phosphatase
MTMR3,Phosphatase
MTMR6,Phosphatase
MTMR7,Phosphatase
MTNR1A,Signaling
MTNR1B,Signaling
MTO1,Nuc acid bind
MTOR,Kinase
MTOR,DNA repair
MTOR,Immune
MTOR,Cytoskeleton
MTPAP,RNA processing
MTPAP,Nuc acid bind
MTR,Methylation
MTRES1,Nuc acid bind
MTREX,RNA processing
MTREX,DNA repair
MTREX,Nuc acid bind
MTRF1,Translation
MTRF1L,Translation
MTRFR,Nuc acid bind
MTRFR,Translation
MTSS1,Cell adhesion
MUC1,Transcription
MUC16,Cell adhesion
MUC2,Structural
MUC3A,Structural
MUC4,Cell adhesion
MUC5AC,Structural
MUC5B,Structural
MUC6,Structural
MUL1,Ubiquitin
MUL1,Apoptosis
MUS81,DNA repair
MUSK,Kinase
MUTYH,DNA repair
MVP,Signaling
MX1,Signaling
MX1,Immune
MX1,Apoptosis
MX1,GTPase
MX2,Immune
MX2,GTPase
MXD1,Transcription
MXD3,Transcription
MXD4,Transcription
MXI1,Transcription
MXRA5,Structural
MXRA8,Cell adhesion
MYADM,Signaling
MYB,Transcription
MYBBP1A,Chromatin
MYBBP1A,Transcription
MYBBP1A,Nuc acid bind
MYBL1,Transcription
MYBL2,Transcription
MYBPC1,Cell adhesion
MYBPC2,Cell adhesion
MYBPC3,Cell adhesion
MYBPH,Cell adhesion
MYC,Chromatin
MYC,Transcription
MYC,DNA repair
MYCBP,Transcription
MYCBP2,Ubiquitin
MYCL,Transcription
MYCLP1,Transcription
MYCN,Transcription
MYD88,Chromatin
MYD88,Transcription
MYD88,Signaling
MYD88,Immune
MYD88,Apoptosis
MYDGF,Transcription
MYDGF,Apoptosis
MYEF2,Nuc acid bind
MYF5,Transcription
MYF6,Transcription
MYG1,RNA processing
MYH10,Cell adhesion
MYH9,Nuc acid bind
MYH9,Cell adhesion
MYH9,Cytoskeleton
MYL9,Structural
MYLIP,Ubiquitin
MYLK,Kinase
MYLK2,Kinase
MYLK2,Signaling
MYLK3,Kinase
MYLK3,Signaling
MYLK4,Kinase
MYLK4,Signaling
MYNN,Transcription
MYO10,Signaling
MYO18A,Nuc acid bind
MYO3A,Kinase
MYO3B,Kinase
MYO5A,Nuc acid bind
MYO5A,Transport
MYO5B,Transport
MYO9A,Signaling
MYO9B,Signaling
MYOC,Signaling
MYOCD,Transcription
MYOD1,Transcription
MYOG,Transcription
MYOM1,Structural
MYOM2,Structural
MYOZ1,Transcription
MYOZ2,Transcription
MYPOP,Transcription
MYRF,Transcription
MYRF,Proteolysis
MYRFL,Transcription
MYSM1,Chromatin
MYSM1,Transcription
MYSM1,Proteolysis
MYT1,Transcription
MYT1L,Transcription
MYZAP,Signaling
MZB1,Apoptosis
MZF1,Transcription
N4BP1,Nuc acid bind
N4BP1,Immune
N4BP2L2,Transcription
N4BP3,Immune
NAA15,Nuc acid bind
NAA25,Cytoskeleton
NAA38,Nuc acid bind
NAA40,Chromatin
NAA50,Chromatin
NAA60,Chromatin
NAALAD2,Proteolysis
NAALADL1,Proteolysis
NAB1,Transcription
NAB2,Transcription
NABP1,DNA repair
NABP1,Nuc acid bind
NABP2,DNA repair
NACA,Protein folding
NACA2,Protein folding
NACA4P,Protein folding
NACAD,Protein folding
NACC1,Transcription
NACC2,Transcription
NADK,Kinase
NAE1,Signaling
NAE1,Apoptosis
NAF1,Nuc acid bind
NAGK,Immune
NAIF1,Apoptosis
NAIP,Immune
NAIP,Apoptosis
NALCN,Transport
NALCN,Ion channel
NAMPT,Transcription
NAMPT,Signaling
NAMPT,Immune
NANOG,Transcription
NANOGNB,Transcription
NANOGP1,Transcription
NANOGP8,Transcription
NANOS1,Nuc acid bind
NANOS2,Nuc acid bind
NANOS3,Nuc acid bind
NAP1L1,Nuc acid bind
NAP1L4,Nuc acid bind
NAP1L4,Protein folding
NAPA,Transport
NAPB,Transport
NAPG,Transport
NAPSA,Proteolysis
NARS1,Nuc acid bind
NARS1,Translation
NARS2,Nuc acid bind
NARS2,Translation
NAT10,Nuc acid bind
NAV3,Cytoskeleton
NBDY,RNA processing
NBL1,Signaling
NBN,DNA repair
NBPF10,Nuc acid bind
NCALD,Transport
NCAM1,Cell adhesion
NCAM2,Cell adhesion
NCAN,Cell adhesion
NCAPD2,Cell cycle
NCAPD3,Chromatin
NCAPD3,Cell cycle
NCAPG,Cell cycle
NCAPG2,Chromatin
NCAPG2,Cell cycle
NCAPH,Cell cycle
NCBP1,RNA processing
NCBP1,Nuc acid bind
NCBP2,RNA processing
NCBP2,Nuc acid bind
NCBP2L,Nuc acid bind
NCBP3,RNA processing
NCBP3,Nuc acid bind
NCF1,Immune
NCF2,Immune
NCK1,Transcription
NCK2,Transcription
NCK2,Signaling
NCKAP1,Apoptosis
NCKAP1L,Signaling
NCKIPSD,Cytoskeleton
NCL,Nuc acid bind
NCOA1,Transcription
NCOA1,Apoptosis
NCOA2,Transcription
NCOA3,Chromatin
NCOA3,Transcription
NCOA5,Transcription
NCOA5,Nuc acid bind
NCOA6,Transcription
NCOA6,DNA repair
NCOA7,Transcription
NCOR1,Chromatin
NCOR1,Transcription
NCOR2,Transcription
NCR1,Signaling
NCR2,Signaling
NCR3,Immune
NCR3LG1,Signaling
NCSTN,Proteolysis
NDC80,Cell cycle
NDE1,Cell cycle
NDN,Transcription
NDP,Transcription
NDRG1,Signaling
NDRG2,Signaling
NDRG3,Signaling
NDRG4,Signaling
NDST1,Immune
NDUFA13,Apoptosis
NDUFAB1,Structural
NDUFAF1,Protein folding
NDUFAF5,Methylation
NDUFAF7,Methylation
NDUFV3,Nuc acid bind
NECAP1,Transport
NECAP2,Transport
NECTIN1,Immune
NECTIN1,Cell adhesion
NECTIN2,Signaling
NECTIN2,Cell adhesion
NECTIN3,Cell adhesion
NECTIN4,Signaling
NECTIN4,Cell adhesion
NEDD1,Cell cycle
NEDD4,Transcription
NEDD4,Ubiquitin
NEDD4,DNA repair
NEDD4,Immune
NEDD4L,Ubiquitin
NEDD4L,Ion channel
NEDD8,Ubiquitin
NEDD8,Proteolysis
NEDD9,Cell cycle
NEDD9,Signaling
NEDD9,Cell adhesion
NEDD9,Cytoskeleton
NEFH,Structural
NEFL,Structural
NEFM,Structural
NEGR1,Cell adhesion
NEIL1,DNA repair
NEIL1,Nuc acid bind
NEIL2,DNA repair
NEIL2,Nuc acid bind
NEIL3,DNA repair
NEIL3,Nuc acid bind
NEK1,Cell cycle
NEK1,Kinase
NEK10,Kinase
NEK11,Kinase
NEK11,Signaling
NEK2,Cell cycle
NEK2,Kinase
NEK3,Cell cycle
NEK3,Kinase
NEK4,Cell cycle
NEK4,Kinase
NEK4,Signaling
NEK4,DNA repair
NEK5,Kinase
NEK6,Cell cycle
NEK6,Kinase
NEK6,Apoptosis
NEK7,Kinase
NEK8,Kinase
NEK9,Cell cycle
NEK9,Kinase
NELFA,Transcription
NELFB,Nuc acid bind
NELFCD,Nuc acid bind
NELFE,Transcription
NELFE,Nuc acid bind
NENF,Signaling
NEO1,Cell adhesion
NET1,Signaling
NET1,Apoptosis
NEURL1,Ubiquitin
NEURL1,Apoptosis
NEURL1B,Ubiquitin
NEURL2,Ubiquitin
NEURL2,Signaling
NEURL3,Ubiquitin
NEURL3,Immune
NEUROD1,Transcription
NEUROD1,Apoptosis
NEUROD2,Transcription
NEUROD2,Ubiquitin
NEUROD4,Transcription
NEUROD6,Transcription
NEUROG1,Transcription
NEUROG2,Transcription
NEUROG3,Transcription
NF1,Apoptosis
NFAM1,Signaling
NFAM1,Immune
NFASC,Cell adhesion
NFAT5,Transcription
NFAT5,Signaling
NFAT5,DNA repair
NFATC1,Transcription
NFATC1,Signaling
NFATC2,Transcription
NFATC2,DNA repair
NFATC2IP,Transcription
NFATC3,Transcription
NFATC3,Immune
NFATC4,Transcription
NFATC4,Immune
NFE2,Transcription
NFE2L1,Transcription
NFE2L2,Transcription
NFE2L2,Ubiquitin
NFE2L3,Transcription
NFE4,Transcription
NFIA,Transcription
NFIB,Transcription
NFIC,Transcription
NFIL3,Transcription
NFIL3,Immune
NFILZ,Transcription
NFIX,Transcription
NFKB1,Transcription
NFKB1,Signaling
NFKB1,Immune
NFKB1,Apoptosis
NFKB2,Transcription
NFKB2,Signaling
NFKBIA,Transcription
NFKBIB,Signaling
NFKBID,Immune
NFKBIZ,Chromatin
NFKBIZ,Transcription
NFRKB,Chromatin
NFRKB,DNA repair
NFX1,Transcription
NFX1,Ubiquitin
NFX1,Nuc acid bind
NFX1,Immune
NFXL1,Transcription
NFYA,Transcription
NFYB,Transcription
NFYC,Transcription
NFYC,Protein folding
NGDN,Nuc acid bind
NGFR,Signaling
NGFR,Apoptosis
NGLY1,Protein folding
NGRN,Nuc acid bind
NHEJ1,DNA repair
NHERF4,Ion channel
NHLH1,Transcription
NHLH2,Transcription
NHLRC1,Ubiquitin
NHLRC3,Ubiquitin
NHP2,Nuc acid bind
NICOL1,Nuc acid bind
NID1,Structural
NID1,Cell adhesion
NID2,Structural
NID2,Cell adhesion
NIF3L1,Transcription
NIFK,Nuc acid bind
NIM1K,Kinase
NIM1K,Signaling
NINJ1,Immune
NINJ1,Cell adhesion
NINJ2,Cell adhesion
NIP7,Nuc acid bind
NIPA1,Transport
NIPA1,Ion channel
NIPA2,Ion channel
NIPAL1,Ion channel
NIPAL4,Ion channel
NIPBL,Chromatin
NIPBL,Transcription
NIPBL,DNA repair
NISCH,Apoptosis
NKAP,Transcription
NKAP,Nuc acid bind
NKG7,Immune
NKIRAS1,GTPase
NKIRAS2,GTPase
NKRF,Transcription
NKRF,Nuc acid bind
NKTR,Protein folding
NKX1-1,Transcription
NKX1-2,Transcription
NKX2-1,Transcription
NKX2-2,Transcription
NKX2-3,Transcription
NKX2-4,Transcription
NKX2-5,Transcription
NKX2-6,Transcription
NKX2-8,Transcription
NKX3-1,Transcription
NKX3-1,DNA repair
NKX3-1,Apoptosis
NKX3-2,Transcription
NKX6-1,Transcription
NKX6-2,Transcription
NKX6-3,Transcription
NLGN1,Cell adhesion
NLGN2,Cell adhesion
NLGN3,Cell adhesion
NLGN4X,Cell adhesion
NLGN4Y,Cell adhesion
NLK,Transcription
NLK,Kinase
NLK,Signaling
NLN,Proteolysis
NLRC4,Immune
NLRC4,Apoptosis
NLRC5,Transcription
NLRC5,Immune
NLRP1,Signaling
NLRP1,Proteolysis
NLRP1,Immune
NLRP1,Apoptosis
NLRP10,Immune
NLRP10,GTPase
NLRP11,Nuc acid bind
NLRP12,Signaling
NLRP2,Immune
NLRP2,Apoptosis
NLRP2B,Immune
NLRP2B,Apoptosis
NLRP3,Transcription
NLRP3,Signaling
NLRP3,Immune
NLRP3,Apoptosis
NLRP4,Immune
NLRP6,Signaling
NLRP6,Immune
NLRP9,Immune
NLRX1,Immune
NMB,Signaling
NMB,Immune
NMBR,Signaling
NMD3,Nuc acid bind
NME1,Nuc acid bind
NME2,Transcription
NME2,Cell adhesion
NME3,DNA repair
NME3,Apoptosis
NME6,Apoptosis
NME7,Kinase
NMI,Immune
NMUR1,Signaling
NMUR2,Signaling
NNMT,Methylation
NOA1,Nuc acid bind
NOA1,Apoptosis
NOBOX,Transcription
NOC2L,Transcription
NOC2L,Nuc acid bind
NOC2L,Apoptosis
NOC3L,Nuc acid bind
NOC4L,Nuc acid bind
NOCT,Nuc acid bind
NOD1,Signaling
NOD1,Immune
NOD1,Apoptosis
NOD2,Transcription
NOD2,Signaling
NOD2,Immune
NODAL,Transcription
NOG,Transcription
NOL10,Nuc acid bind
NOL11,Nuc acid bind
NOL12,Nuc acid bind
NOL3,RNA processing
NOL3,Nuc acid bind
NOL3,Apoptosis
NOL4,Nuc acid bind
NOL6,Nuc acid bind
NOL7,Nuc acid bind
NOL8,Nuc acid bind
NOL9,RNA processing
NOL9,Nuc acid bind
NOLC1,Nuc acid bind
NOM1,Nuc acid bind
NONO,Transcription
NONO,RNA processing
NONO,DNA repair
NONO,Nuc acid bind
NONO,Immune
NOP10,Nuc acid bind
NOP14,Nuc acid bind
NOP16,Nuc acid bind
NOP2,RNA processing
NOP2,Nuc acid bind
NOP2,Methylation
NOP53,Transcription
NOP53,DNA repair
NOP53,Nuc acid bind
NOP56,Nuc acid bind
NOP58,Nuc acid bind
NOP9,Nuc acid bind
NOS1,Transcription
NOS2,Immune
NOSIP,Nuc acid bind
NOSTRIN,Signaling
NOTCH1,Transcription
NOTCH1,Immune
NOTCH2,Transcription
NOTCH2,Signaling
NOTCH2,Apoptosis
NOTCH3,Transcription
NOTCH4,Transcription
NOTO,Transcription
NOVA1,RNA processing
NOVA1,Nuc acid bind
NOVA2,RNA processing
NOVA2,Nuc acid bind
NOX1,Signaling
NOX1,Immune
NOX4,Signaling
NOX4,Immune
NOX5,Apoptosis
NOX5,Ion channel
NPAS1,Transcription
NPAS2,Transcription
NPAS2,DNA repair
NPAS3,Transcription
NPAS4,Transcription
NPAT,Transcription
NPBWR1,Signaling
NPBWR2,Signaling
NPEPL1,Proteolysis
NPEPPS,Ubiquitin
NPEPPS,Proteolysis
NPEPPSL1,Proteolysis
NPFFR1,Signaling
NPFFR2,Signaling
NPHP1,Signaling
NPHP1,Structural
NPHP4,Signaling
NPHP4,Structural
NPHS1,Cell adhesion
NPM1,Chromatin
NPM1,Transcription
NPM1,Signaling
NPM1,DNA repair
NPM1,Nuc acid bind
NPM1,Protein folding
NPM2,Chromatin
NPM2,Nuc acid bind
NPM3,Chromatin
NPM3,Nuc acid bind
NPNT,Transcription
NPNT,Structural
NPNT,Cell adhesion
NPPA,Protein folding
NPPB,Signaling
NPPB,Protein folding
NPPC,Protein folding
NPR1,Kinase
NPR1,Signaling
NPR2,Kinase
NPR2,Signaling
NPR3,Signaling
NPSR1,Signaling
NPTN,Cell adhesion
NPY1R,Signaling
NPY2R,Signaling
NPY4R,Signaling
NPY4R2,Signaling
NPY5R,Signaling
NPY6R,Signaling
NQO1,Ubiquitin
NQO1,Nuc acid bind
NQO1,Immune
NR0B1,Transcription
NR0B1,Nuc acid bind
NR0B2,Transcription
NR1D1,Transcription
NR1D2,Transcription
NR1H2,Transcription
NR1H3,Transcription
NR1H4,Transcription
NR1H4,Immune
NR1I2,Transcription
NR1I2,Signaling
NR1I3,Transcription
NR1I3,Signaling
NR2C1,Transcription
NR2C2,Transcription
NR2E1,Transcription
NR2E3,Transcription
NR2E3,Signaling
NR2F1,Transcription
NR2F1,Signaling
NR2F2,Transcription
NR2F6,Transcription
NR3C1,Chromatin
NR3C1,Transcription
NR3C1,Cell cycle
NR3C1,Signaling
NR3C1,Nuc acid bind
NR3C1,Apoptosis
NR3C2,Transcription
NR3C2,Signaling
NR4A1,Transcription
NR4A1,Signaling
NR4A1,Immune
NR4A2,Transcription
NR4A3,Transcription
NR4A3,Signaling
NR5A1,Transcription
NR5A2,Chromatin
NR5A2,Transcription
NR6A1,Transcription
NRAS,Signaling
NRAS,GTPase
NRBP1,Kinase
NRBP1,Signaling
NRBP1,DNA repair
NRBP2,Kinase
NRBP2,Signaling
NRBP2,DNA repair
NRCAM,Cell adhesion
NRDC,Proteolysis
NRDE2,Cell cycle
NRDE2,RNA processing
NRDE2,DNA repair
NRF1,Transcription
NRG1,Signaling
NRG2,Signaling
NRG3,Signaling
NRGN,Signaling
NRIP1,Transcription
NRIP2,Proteolysis
NRIP3,Proteolysis
NRK,Kinase
NRL,Transcription
NRP1,Signaling
NRP2,Cell adhesion
NRROS,Immune
NRXN1,Signaling
NRXN1,Cell adhesion
NRXN2,Signaling
NRXN2,Cell adhesion
NRXN3,Signaling
NRXN3,Cell adhesion
NSA2,Nuc acid bind
NSD1,Chromatin
NSD1,Transcription
NSD1,Methylation
NSD2,Chromatin
NSD2,Transcription
NSD2,Methylation
NSD3,Chromatin
NSD3,Transcription
NSD3,Methylation
NSF,Transport
NSG1,Apoptosis
NSL1,Cell cycle
NSMAF,Signaling
NSMCE1,DNA repair
NSMCE2,Cell cycle
NSMCE2,DNA repair
NSMCE3,Transcription
NSMCE3,DNA repair
NSMCE4A,DNA repair
NSRP1,RNA processing
NSRP1,Nuc acid bind
NSUN2,Cell cycle
NSUN2,RNA processing
NSUN2,Nuc acid bind
NSUN2,Methylation
NSUN3,RNA processing
NSUN3,Nuc acid bind
NSUN3,Methylation
NSUN4,RNA processing
NSUN4,Nuc acid bind
NSUN4,Methylation
NSUN5,Nuc acid bind
NSUN5,Methylation
NSUN5P1,Nuc acid bind
NSUN5P1,Methylation
NSUN5P2,Nuc acid bind
NSUN5P2,Methylation
NSUN6,Nuc acid bind
NSUN6,Methylation
NSUN7,Nuc acid bind
NSUN7,Methylation
NTF3,Signaling
NTHL1,DNA repair
NTM,Cell adhesion
NTMT1,Chromatin
NTMT1,Methylation
NTMT2,Methylation
NTN1,Transcription
NTN1,Apoptosis
NTN3,Transcription
NTN5,Structural
NTPCR,Nuc acid bind
NTPCR,GTPase
NTRK1,Kinase
NTRK2,Kinase
NTRK3,Kinase
NTS,Signaling
NTSR1,Signaling
NTSR1,Apoptosis
NTSR2,Signaling
NUAK1,Kinase
NUAK1,DNA repair
NUAK1,Cell adhesion
NUAK2,Kinase
NUAK2,Apoptosis
NUB1,Ubiquitin
NUCB1,GTPase
NUCB2,GTPase
NUCKS1,Chromatin
NUCKS1,Transcription
NUCKS1,DNA repair
NUCKS1,Nuc acid bind
NUDC,Cell cycle
NUDC,Protein folding
NUDCD2,Protein folding
NUDCD3,Protein folding
NUDT1,DNA repair
NUDT1,Nuc acid bind
NUDT16,Nuc acid bind
NUDT16L1,Nuc acid bind
NUDT2,Apoptosis
NUDT21,RNA processing
NUDT21,Nuc acid bind
NUDT4,Signaling
NUDT4,Nuc acid bind
NUDT4B,Nuc acid bind
NUDT5,Chromatin
NUDT5,Nuc acid bind
NUDT7,Nuc acid bind
NUF2,Cell cycle
NUFIP1,Transcription
NUFIP1,RNA processing
NUFIP1,Nuc acid bind
NUFIP2,Nuc acid bind
NUGGC,GTPase
NUMA1,Cell cycle
NUMA1,Structural
NUP35,Nuc acid bind
NUP37,Cell cycle
NUP42,Nuc acid bind
NUP43,Cell cycle
NUP62,Signaling
NUP98,Nuc acid bind
NUP98,Proteolysis
NUPR2,Transcription
NUPR2,DNA repair
NUSAP1,Cell cycle
NUSAP1,Nuc acid bind
NUSAP1,Cytoskeleton
NVL,Nuc acid bind
NWD1,Signaling
NXF1,Nuc acid bind
NXF2,Nuc acid bind
NXF3,Nuc acid bind
NXF5,Nuc acid bind
NXNL1,Signaling
NYNRIN,Nuc acid bind
O00370,Nuc acid bind
OARD1,DNA repair
OAS1,Nuc acid bind
OAS1,Immune
OAS2,Nuc acid bind
OAS2,Immune
OAS3,Nuc acid bind
OAS3,Immune
OASL,Nuc acid bind
OASL,Immune
OBSCN,Kinase
OBSL1,Cytoskeleton
OC90,Structural
OCA2,Transport
OCRL,Signaling
ODAM,Immune
ODF2,Structural
OGG1,Transcription
OGG1,DNA repair
OGN,Signaling
OGT,Chromatin
OGT,Transcription
OGT,Signaling
OGT,Apoptosis
OIP5,Cell cycle
OLFM1,Signaling
OLFM1,Apoptosis
OLFM2,Signaling
OLFM3,Signaling
OLFM4,Signaling
OLFM4,Structural
OLFM4,Cell adhesion
OLFML1,Signaling
OLFML2A,Signaling
OLFML2B,Signaling
OLFML3,Signaling
OLIG1,Transcription
OLIG2,Transcription
OLIG3,Transcription
OLR1,Transport
OLR1,Proteolysis
OLR1,Immune
OLR1,Cell adhesion
OMA1,Proteolysis
OMA1,Apoptosis
OMD,Cell adhesion
OMG,Cell adhesion
OMP,Signaling
ONECUT1,Transcription
ONECUT2,Transcription
ONECUT3,Transcription
OOEP,Nuc acid bind
OPA1,Apoptosis
OPA1,GTPase
OPCML,Cell adhesion
OPHN1,Signaling
OPN1LW,Signaling
OPN1MW,Signaling
OPN1MW2,Signaling
OPN1MW3,Signaling
OPN1SW,Signaling
OPN3,Signaling
OPN4,Signaling
OPN5,Signaling
OPRD1,Signaling
OPRD1,Immune
OPRK1,Signaling
OPRK1,Immune
OPRL1,Signaling
OPRM1,Signaling
OPTC,Structural
OPTN,Signaling
OPTN,Immune
OR10A2,Signaling
OR10A3,Signaling
OR10A4,Signaling
OR10A5,Signaling
OR10A6,Signaling
OR10A7,Signaling
OR10AC1,Signaling
OR10AD1,Signaling
OR10AG1,Signaling
OR10C1,Signaling
OR10D3,Signaling
OR10D4P,Signaling
OR10G2,Signaling
OR10G3,Signaling
OR10G4,Signaling
OR10G6,Signaling
OR10G7,Signaling
OR10G8,Signaling
OR10G9,Signaling
OR10H1,Signaling
OR10H2,Signaling
OR10H3,Signaling
OR10H4,Signaling
OR10H5,Signaling
OR10J1,Signaling
OR10J3,Signaling
OR10J4,Signaling
OR10J5,Signaling
OR10J6P,Signaling
OR10K1,Signaling
OR10K2,Signaling
OR10P1,Signaling
OR10Q1,Signaling
OR10R2,Signaling
OR10S1,Signaling
OR10T2,Signaling
OR10V1,Signaling
OR10W1,Signaling
OR10X1,Signaling
OR10Z1,Signaling
OR11A1,Signaling
OR11G2,Signaling
OR11H1,Signaling
OR11H12,Signaling
OR11H2,Signaling
OR11H4,Signaling
OR11H6,Signaling
OR11H7,Signaling
OR11L1,Signaling
OR12D1,Signaling
OR12D2,Signaling
OR12D3,Signaling
OR13A1,Signaling
OR13C2,Signaling
OR13C3,Signaling
OR13C4,Signaling
OR13C5,Signaling
OR13C6P,Signaling
OR13C7,Signaling
OR13C8,Signaling
OR13C9,Signaling
OR13D1,Signaling
OR13F1,Signaling
OR13G1,Signaling
OR13H1,Signaling
OR13J1,Signaling
OR14A16,Signaling
OR14A2,Signaling
OR14C36,Signaling
OR14I1,Signaling
OR14J1,Signaling
OR14K1,Signaling
OR14L1,Signaling
OR1A1,Signaling
OR1A2,Signaling
OR1B1,Signaling
OR1C1,Signaling
OR1D2,Signaling
OR1D4,Signaling
OR1D5,Signaling
OR1E1,Signaling
OR1E2,Signaling
OR1E3,Signaling
OR1F1,Signaling
OR1F12P,Signaling
OR1F2P,Signaling
OR1G1,Signaling
OR1I1,Signaling
OR1J1,Signaling
OR1J2,Signaling
OR1J4,Signaling
OR1K1,Signaling
OR1L1,Signaling
OR1L3,Signaling
OR1L4,Signaling
OR1L6,Signaling
OR1L8,Signaling
OR1M1,Signaling
OR1N1,Signaling
OR1N2,Signaling
OR1P1,Signaling
OR1Q1,Signaling
OR1R1,Signaling
OR1S1,Signaling
OR1S2,Signaling
OR2A1,Signaling
OR2A12,Signaling
OR2A14,Signaling
OR2A2,Signaling
OR2A25,Signaling
OR2A4,Signaling
OR2A5,Signaling
OR2A7,Signaling
OR2AE1,Signaling
OR2AG1,Signaling
OR2AG2,Signaling
OR2AJ1,Signaling
OR2AK2,Signaling
OR2AP1,Signaling
OR2AT4,Signaling
OR2B11,Signaling
OR2B2,Signaling
OR2B3,Signaling
OR2B6,Signaling
OR2B8,Signaling
OR2C1,Signaling
OR2C3,Signaling
OR2D2,Signaling
OR2D3,Signaling
OR2F1,Signaling
OR2F2,Signaling
OR2G2,Signaling
OR2G3,Signaling
OR2G6,Signaling
OR2H1,Signaling
OR2H2,Signaling
OR2I1,Signaling
OR2J1,Signaling
OR2J2,Signaling
OR2J3,Signaling
OR2K2,Signaling
OR2L13,Signaling
OR2L2,Signaling
OR2L3,Signaling
OR2L5,Signaling
OR2L8,Signaling
OR2M2,Signaling
OR2M3,Signaling
OR2M4,Signaling
OR2M5,Signaling
OR2M7,Signaling
OR2S2,Signaling
OR2T1,Signaling
OR2T10,Signaling
OR2T11,Signaling
OR2T12,Signaling
OR2T2,Signaling
OR2T27,Signaling
OR2T29,Signaling
OR2T3,Signaling
OR2T33,Signaling
OR2T34,Signaling
OR2T35,Signaling
OR2T4,Signaling
OR2T5,Signaling
OR2T6,Signaling
OR2T7,Signaling
OR2T8,Signaling
OR2V1,Signaling
OR2V2,Signaling
OR2W1,Signaling
OR2W3,Signaling
OR2W5P,Signaling
OR2W6P,Signaling
OR2Y1,Signaling
OR2Z1,Signaling
OR3A1,Signaling
OR3A2,Signaling
OR3A3,Signaling
OR3A4P,Signaling
OR4A15,Signaling
OR4A16,Signaling
OR4A47,Signaling
OR4A4P,Signaling
OR4A5,Signaling
OR4A8,Signaling
OR4B1,Signaling
OR4C11,Signaling
OR4C12,Signaling
OR4C13,Signaling
OR4C15,Signaling
OR4C16,Signaling
OR4C3,Signaling
OR4C45,Signaling
OR4C46,Signaling
OR4C5,Signaling
OR4C6,Signaling
OR4D1,Signaling
OR4D10,Signaling
OR4D11,Signaling
OR4D2,Signaling
OR4D5,Signaling
OR4D6,Signaling
OR4D9,Signaling
OR4E1,Signaling
OR4E2,Signaling
OR4F15,Signaling
OR4F16,Signaling
OR4F17,Signaling
OR4F21,Signaling
OR4F4,Signaling
OR4F5,Signaling
OR4F6,Signaling
OR4K1,Signaling
OR4K13,Signaling
OR4K14,Signaling
OR4K15,Signaling
OR4K17,Signaling
OR4K2,Signaling
OR4K3,Signaling
OR4K5,Signaling
OR4L1,Signaling
OR4M1,Signaling
OR4M2,Signaling
OR4M2B,Signaling
OR4N2,Signaling
OR4N4,Signaling
OR4N4C,Signaling
OR4N5,Signaling
OR4P4,Signaling
OR4Q2,Signaling
OR4Q3,Signaling
OR4S1,Signaling
OR4S2,Signaling
OR4X1,Signaling
OR4X2,Signaling
OR51A2,Signaling
OR51A4,Signaling
OR51A7,Signaling
OR51B2,Signaling
OR51B4,Signaling
OR51B5,Signaling
OR51B6,Signaling
OR51C1,Signaling
OR51D1,Signaling
OR51E1,Signaling
OR51E2,Signaling
OR51F1,Signaling
OR51F2,Signaling
OR51G1,Signaling
OR51G2,Signaling
OR51H1,Signaling
OR51I1,Signaling
OR51I2,Signaling
OR51J1,Signaling
OR51L1,Signaling
OR51M1,Signaling
OR51Q1,Signaling
OR51S1,Signaling
OR51T1,Signaling
OR51V1,Signaling
OR52A1,Signaling
OR52A4P,Signaling
OR52A5,Signaling
OR52B2,Signaling
OR52B4,Signaling
OR52B6,Signaling
OR52D1,Signaling
OR52E1,Signaling
OR52E2,Signaling
OR52E4,Signaling
OR52E5,Signaling
OR52E6,Signaling
OR52E8,Signaling
OR52H1,Signaling
OR52I1,Signaling
OR52I2,Signaling
OR52J3,Signaling
OR52K1,Signaling
OR52K2,Signaling
OR52L1,Signaling
OR52L2P,Signaling
OR52M1,Signaling
OR52N1,Signaling
OR52N2,Signaling
OR52N4,Signaling
OR52N5,Signaling
OR52P1,Signaling
OR52R1,Signaling
OR52W1,Signaling
OR52Z1P,Signaling
OR56A1,Signaling
OR56A3,Signaling
OR56A4,Signaling
OR56A5,Signaling
OR56B1,Signaling
OR56B2,Signaling
OR56B4,Signaling
OR5A1,Signaling
OR5A2,Signaling
OR5AC1,Signaling
OR5AC2,Signaling
OR5AK2,Signaling
OR5AK3P,Signaling
OR5AL1,Signaling
OR5AN1,Signaling
OR5AP2,Signaling
OR5AR1,Signaling
OR5AS1,Signaling
OR5AU1,Signaling
OR5B12,Signaling
OR5B17,Signaling
OR5B2,Signaling
OR5B21,Signaling
OR5B3,Signaling
OR5BS1,Signaling
OR5C1,Signaling
OR5D13,Signaling
OR5D14,Signaling
OR5D16,Signaling
OR5D18,Signaling
OR5D3,Signaling
OR5F1,Signaling
OR5G3,Signaling
OR5H1,Signaling
OR5H14,Signaling
OR5H15,Signaling
OR5H2,Signaling
OR5H6,Signaling
OR5H8,Signaling
OR5I1,Signaling
OR5J2,Signaling
OR5K1,Signaling
OR5K2,Signaling
OR5K3,Signaling
OR5K4,Signaling
OR5L1,Signaling
OR5L2,Signaling
OR5M1,Signaling
OR5M10,Signaling
OR5M11,Signaling
OR5M3,Signaling
OR5M8,Signaling
OR5M9,Signaling
OR5P2,Signaling
OR5P3,Signaling
OR5T1,Signaling
OR5T2,Signaling
OR5T3,Signaling
OR5V1,Signaling
OR5W2,Signaling
OR6A2,Signaling
OR6B1,Signaling
OR6B2,Signaling
OR6B3,Signaling
OR6C1,Signaling
OR6C2,Signaling
OR6C3,Signaling
OR6C4,Signaling
OR6C6,Signaling
OR6C65,Signaling
OR6C68,Signaling
OR6C70,Signaling
OR6C74,Signaling
OR6C75,Signaling
OR6C76,Signaling
OR6F1,Signaling
OR6J1,Signaling
OR6K2,Signaling
OR6K3,Signaling
OR6K6,Signaling
OR6M1,Signaling
OR6N1,Signaling
OR6N2,Signaling
OR6P1,Signaling
OR6Q1,Signaling
OR6S1,Signaling
OR6T1,Signaling
OR6V1,Signaling
OR6X1,Signaling
OR6Y1,Signaling
OR7A10,Signaling
OR7A17,Signaling
OR7A2P,Signaling
OR7A5,Signaling
OR7C1,Signaling
OR7C2,Signaling
OR7D2,Transcription
OR7D2,Signaling
OR7D4,Signaling
OR7E24,Signaling
OR7G1,Signaling
OR7G2,Signaling
OR7G3,Signaling
OR8A1,Signaling
OR8B12,Signaling
OR8B2,Signaling
OR8B3,Signaling
OR8B4,Signaling
OR8B8,Signaling
OR8D1,Signaling
OR8D2,Signaling
OR8D4,Signaling
OR8G1,Signaling
OR8G2P,Signaling
OR8G3,Signaling
OR8G5,Signaling
OR8H1,Signaling
OR8H2,Signaling
OR8H3,Signaling
OR8I2,Signaling
OR8J1,Signaling
OR8J2,Signaling
OR8J3,Signaling
OR8K1,Signaling
OR8K3,Signaling
OR8K5,Signaling
OR8S1,Signaling
OR8U1,Signaling
OR8U3,Signaling
OR8U8,Signaling
OR8U9,Signaling
OR9A1P,Signaling
OR9A2,Signaling
OR9A4,Signaling
OR9G1,Signaling
OR9G4,Signaling
OR9G9,Signaling
OR9H1,Signaling
OR9I1,Signaling
OR9K2,Signaling
OR9Q1,Signaling
OR9Q2,Signaling
ORAI1,Ion channel
ORAI2,Ion channel
ORAI3,Ion channel
ORC2,Transcription
ORM1,Immune
OS9,Ubiquitin
OSBPL1A,Transport
OSCAR,Signaling
OSGIN1,Signaling
OSGIN2,Signaling
OSM,Transcription
OSM,Immune
OSR1,Transcription
OSR2,Transcription
OSTF1,Signaling
OTOA,Cell adhesion
OTOG,Structural
OTOGL,Structural
OTOP1,Ion channel
OTOP2,Ion channel
OTOP3,Ion channel
OTP,Transcription
OTUB1,DNA repair
OTUB1,Proteolysis
OTUB2,Proteolysis
OTUD1,Proteolysis
OTUD3,Proteolysis
OTUD4,Nuc acid bind
OTUD4,Proteolysis
OTUD4,Immune
OTUD5,Proteolysis
OTUD6A,Proteolysis
OTUD6B,Proteolysis
OTUD7A,Proteolysis
OTUD7B,Transcription
OTUD7B,Proteolysis
OTULIN,Ubiquitin
OTULIN,Proteolysis
OTULIN,Immune
OTX1,Transcription
OTX2,Transcription
OVCH1,Proteolysis
OVCH2,Proteolysis
OVOL1,Transcription
OVOL2,Transcription
OVOL3,Transcription
OXER1,Signaling
OXGR1,Signaling
OXGR1,Immune
OXSR1,Kinase
OXSR1,Signaling
OXT,Signaling
OXTR,Signaling
P2RX1,Signaling
P2RX1,Apoptosis
P2RX1,Ion channel
P2RX2,Ion channel
P2RX3,Signaling
P2RX3,Transport
P2RX3,Ion channel
P2RX4,Signaling
P2RX4,Ion channel
P2RX5,Signaling
P2RX5,Ion channel
P2RX6,Signaling
P2RX6,Ion channel
P2RX7,Signaling
P2RX7,Ion channel
P2RY1,Transcription
P2RY1,Signaling
P2RY10,Signaling
P2RY11,Signaling
P2RY12,Signaling
P2RY13,Signaling
P2RY14,Signaling
P2RY2,Signaling
P2RY4,Signaling
P2RY6,Signaling
P2RY8,Signaling
P3H1,Protein folding
P4HB,Nuc acid bind
P4HB,Protein folding
PA2G4,Nuc acid bind
PABPC1,RNA processing
PABPC1,Nuc acid bind
PABPC1L,Nuc acid bind
PABPC1L2A,Nuc acid bind
PABPC3,Nuc acid bind
PABPC4,RNA processing
PABPC4,Nuc acid bind
PABPC4,Translation
PABPC4L,Nuc acid bind
PABPC5,Nuc acid bind
PABPN1,RNA processing
PABPN1,Nuc acid bind
PABPN1L,Nuc acid bind
PACC1,Ion channel
PACS2,Apoptosis
PACSIN1,Cytoskeleton
PACSIN2,Cytoskeleton
PACSIN3,Cytoskeleton
PADI2,Chromatin
PADI4,Chromatin
PADI4,Immune
PAEP,Apoptosis
PAF1,Transcription
PAFAH1B1,Cell cycle
PAFAH1B1,Cytoskeleton
PAG1,Signaling
PAGE4,Signaling
PAGE4,Nuc acid bind
PAGR1,Transcription
PAGR1,DNA repair
PAIP1,Nuc acid bind
PAK1,Chromatin
PAK1,Kinase
PAK1,Signaling
PAK1,DNA repair
PAK1,Apoptosis
PAK2,Kinase
PAK2,Signaling
PAK2,Apoptosis
PAK3,Kinase
PAK3,Signaling
PAK4,Kinase
PAK4,Signaling
PAK4,Apoptosis
PAK4,Cytoskeleton
PAK5,Kinase
PAK5,Signaling
PAK5,Apoptosis
PAK5,Cytoskeleton
PAK6,Transcription
PAK6,Kinase
PAK6,Signaling
PAK6,Apoptosis
PAK6,Cytoskeleton
PALB2,DNA repair
PALLD,Cytoskeleton
PAN2,RNA processing
PAN2,Nuc acid bind
PAN3,Kinase
PAN3,RNA processing
PAN3,Nuc acid bind
PANK3,Kinase
PANO1,Apoptosis
PANX1,Structural
PANX1,Ion channel
PANX2,Structural
PANX2,Ion channel
PANX3,Structural
PANX3,Ion channel
PAPOLA,RNA processing
PAPOLA,Nuc acid bind
PAPOLB,RNA processing
PAPOLB,Nuc acid bind
PAPOLG,RNA processing
PAPOLG,Nuc acid bind
PAPPA,Signaling
PAPPA,Proteolysis
PAPPA2,Signaling
PAPPA2,Proteolysis
PARD3,Cell cycle
PARD3,Cell adhesion
PARD3,Cytoskeleton
PARD3B,Cell cycle
PARD3B,Cell adhesion
PARD3B,Cytoskeleton
PARD6A,Cell cycle
PARD6B,Cell cycle
PARD6G,Cell cycle
PARG,DNA repair
PARK7,Transcription
PARK7,DNA repair
PARK7,Nuc acid bind
PARK7,Proteolysis
PARK7,Immune
PARL,Proteolysis
PARN,Nuc acid bind
PARP1,Transcription
PARP1,DNA repair
PARP1,Nuc acid bind
PARP1,Immune
PARP1,Apoptosis
PARP10,Chromatin
PARP10,DNA repair
PARP12,Nuc acid bind
PARP14,Immune
PARP15,Transcription
PARP2,DNA repair
PARP3,DNA repair
PARP4,DNA repair
PARP4,Immune
PARP9,Transcription
PARP9,DNA repair
PARP9,Immune
PARPBP,DNA repair
PARS2,Translation
PARVA,Cell adhesion
PARVB,Cell adhesion
PARVG,Cell adhesion
PASD1,Transcription
PASK,Kinase
PASK,Signaling
PATJ,Signaling
PATL1,Nuc acid bind
PATL2,Nuc acid bind
PATZ1,Transcription
PAWR,Transcription
PAWR,Apoptosis
PAX1,Transcription
PAX2,Transcription
PAX3,Transcription
PAX3,Apoptosis
PAX4,Transcription
PAX5,Transcription
PAX6,Chromatin
PAX6,Transcription
PAX6,Nuc acid bind
PAX7,Transcription
PAX8,Transcription
PAX9,Transcription
PAXBP1,Transcription
PAXIP1,Chromatin
PAXIP1,DNA repair
PAXX,DNA repair
PBK,Kinase
PBLD,Immune
PBLD,Apoptosis
PBRM1,Chromatin
PBRM1,Transcription
PBX1,Transcription
PBX2,Transcription
PBX3,Transcription
PBX4,Transcription
PBXIP1,Transcription
PCBP1,Transcription
PCBP1,Nuc acid bind
PCBP2,Transcription
PCBP2,Nuc acid bind
PCBP2,Immune
PCBP3,Transcription
PCBP3,Nuc acid bind
PCBP4,Transcription
PCBP4,Nuc acid bind
PCDH1,Cell adhesion
PCDH10,Cell adhesion
PCDH11X,Cell adhesion
PCDH11Y,Cell adhesion
PCDH12,Cell adhesion
PCDH15,Cell adhesion
PCDH17,Cell adhesion
PCDH18,Cell adhesion
PCDH19,Cell adhesion
PCDH20,Nuc acid bind
PCDH20,Cell adhesion
PCDH7,Cell adhesion
PCDH8,Cell adhesion
PCDH9,Cell adhesion
PCDHA1,Cell adhesion
PCDHA10,Cell adhesion
PCDHA11,Cell adhesion
PCDHA12,Cell adhesion
PCDHA13,Cell adhesion
PCDHA2,Cell adhesion
PCDHA3,Cell adhesion
PCDHA4,Cell adhesion
PCDHA5,Cell adhesion
PCDHA6,Cell adhesion
PCDHA7,Cell adhesion
PCDHA8,Cell adhesion
PCDHA9,Cell adhesion
PCDHAC1,Cell adhesion
PCDHAC2,Cell adhesion
PCDHB1,Cell adhesion
PCDHB10,Cell adhesion
PCDHB11,Cell adhesion
PCDHB12,Cell adhesion
PCDHB13,Cell adhesion
PCDHB14,Cell adhesion
PCDHB15,Cell adhesion
PCDHB16,Cell adhesion
PCDHB18P,Cell adhesion
PCDHB2,Cell adhesion
PCDHB3,Cell adhesion
PCDHB4,Cell adhesion
PCDHB5,Cell adhesion
PCDHB6,Cell adhesion
PCDHB7,Cell adhesion
PCDHB8,Cell adhesion
PCDHB9,Cell adhesion
PCDHGA1,Cell adhesion
PCDHGA10,Cell adhesion
PCDHGA11,Cell adhesion
PCDHGA12,Cell adhesion
PCDHGA2,Cell adhesion
PCDHGA3,Cell adhesion
PCDHGA4,Cell adhesion
PCDHGA5,Cell adhesion
PCDHGA6,Cell adhesion
PCDHGA7,Cell adhesion
PCDHGA8,Cell adhesion
PCDHGA9,Nuc acid bind
PCDHGA9,Cell adhesion
PCDHGB1,Cell adhesion
PCDHGB2,Cell adhesion
PCDHGB3,Cell adhesion
PCDHGB4,Cell adhesion
PCDHGB5,Cell adhesion
PCDHGB6,Cell adhesion
PCDHGB7,Cell adhesion
PCDHGC3,Cell adhesion
PCDHGC4,Cell adhesion
PCDHGC5,Cell adhesion
PCF11,RNA processing
PCGF1,Chromatin
PCGF1,Transcription
PCGF2,Chromatin
PCGF2,Transcription
PCGF3,Transcription
PCGF5,Transcription
PCGF6,Chromatin
PCGF6,Transcription
PCID2,Transcription
PCID2,Nuc acid bind
PCIF1,RNA processing
PCIF1,Methylation
PCLAF,DNA repair
PCLO,Cytoskeleton
PCMT1,Methylation
PCMTD1,Ubiquitin
PCNA,Chromatin
PCNA,DNA repair
PCNP,Ubiquitin
PCNT,Signaling
PCNT,Cytoskeleton
PCOLCE,Proteolysis
PCOLCE,Structural
PCSK1,Proteolysis
PCSK2,Proteolysis
PCSK4,Proteolysis
PCSK5,Proteolysis
PCSK6,Proteolysis
PCSK7,Proteolysis
PCSK9,Nuc acid bind
PCSK9,Proteolysis
PCSK9,Apoptosis
PDAP1,Signaling
PDAP1,Nuc acid bind
PDCD1,Apoptosis
PDCD10,Signaling
PDCD10,Apoptosis
PDCD11,RNA processing
PDCD11,Nuc acid bind
PDCD1LG2,Signaling
PDCD1LG2,Immune
PDCD2L,Apoptosis
PDCD4,Nuc acid bind
PDCD4,Apoptosis
PDCD5,Apoptosis
PDCD6,Apoptosis
PDCD6IP,Cell cycle
PDCD6IP,Apoptosis
PDCD7,RNA processing
PDCD7,Apoptosis
PDCL,Signaling
PDCL2,Protein folding
PDCL3,Apoptosis
PDCL3,Protein folding
PDE10A,Signaling
PDE11A,Signaling
PDE12,RNA processing
PDE1A,Signaling
PDE1B,Signaling
PDE1C,Signaling
PDE2A,Transcription
PDE2A,Signaling
PDE3A,Signaling
PDE3B,Signaling
PDE4A,Signaling
PDE4B,Signaling
PDE4C,Signaling
PDE4D,Signaling
PDE5A,Signaling
PDE6A,Signaling
PDE6B,Signaling
PDE6C,Signaling
PDE7A,Signaling
PDE7B,Signaling
PDE8A,Transcription
PDE8A,Signaling
PDE8B,Signaling
PDE9A,Signaling
PDF,Translation
PDGFB,Kinase
PDGFB,Signaling
PDGFRA,Kinase
PDGFRB,Kinase
PDGFRB,Signaling
PDIA2,Protein folding
PDIA3,Nuc acid bind
PDIA3,Protein folding
PDIA4,Nuc acid bind
PDIA4,Protein folding
PDIA5,Protein folding
PDIA6,Protein folding
PDIK1L,Kinase
PDILT,Protein folding
PDK1,Kinase
PDK2,Kinase
PDK3,Kinase
PDK4,Kinase
PDP1,Phosphatase
PDP2,Phosphatase
PDPK1,Kinase
PDPK1,Signaling
PDPK2P,Kinase
PDPK2P,Signaling
PDPN,Signaling
PDPN,Cell adhesion
PDRG1,Protein folding
PDS5A,Cell cycle
PDS5B,Cell cycle
PDX1,Transcription
PDXP,Phosphatase
PDZD2,Cell adhesion
PDZRN3,Ubiquitin
PEA15,Apoptosis
PEAK1,Kinase
PEAK3,Kinase
PEBP1,Nuc acid bind
PECAM1,Signaling
PECAM1,Immune
PECAM1,Cell adhesion
PEF1,Nuc acid bind
PEG10,Nuc acid bind
PEG10,Apoptosis
PEG3,Transcription
PEG3,Apoptosis
PELI1,Ubiquitin
PELI1,DNA repair
PELI2,Ubiquitin
PELI3,Ubiquitin
PELI3,Immune
PELO,Cell cycle
PELP1,Transcription
PELP1,Nuc acid bind
PEMT,Methylation
PENK,Signaling
PEPD,Proteolysis
PER1,Chromatin
PER1,Transcription
PER2,Chromatin
PER2,Transcription
PER3,Transcription
PERM1,Transcription
PERP,Apoptosis
PERP,Cell adhesion
PES1,Nuc acid bind
PET100,Protein folding
PEX10,Ubiquitin
PEX11A,Signaling
PEX11B,Signaling
PEX12,Ubiquitin
PEX19,Protein folding
PEX2,Ubiquitin
PF4,Transcription
PF4,Immune
PF4V1,Signaling
PF4V1,Immune
PFDN1,Protein folding
PFDN2,Protein folding
PFDN4,Protein folding
PFDN5,Transcription
PFDN5,Protein folding
PFDN6,Protein folding
PFKM,Transcription
PFN1,Nuc acid bind
PGA3,Proteolysis
PGA4,Proteolysis
PGA5,Proteolysis
PGBD1,Transcription
PGC,Proteolysis
PGF,Signaling
PGK2,Kinase
PGLYRP1,Signaling
PGLYRP1,Immune
PGLYRP2,Immune
PGLYRP3,Immune
PGLYRP4,Immune
PGM5,Structural
PGM5,Cell adhesion
PGP,Phosphatase
PGPEP1,Proteolysis
PGPEP1L,Proteolysis
PGR,Transcription
PGR,Signaling
PHAX,Nuc acid bind
PHB1,Transcription
PHB1,Signaling
PHB2,Transcription
PHC1,Chromatin
PHEX,Proteolysis
PHF1,Chromatin
PHF1,Transcription
PHF1,DNA repair
PHF10,Chromatin
PHF10,Transcription
PHF12,Transcription
PHF13,Chromatin
PHF13,Cell cycle
PHF13,DNA repair
PHF14,Chromatin
PHF14,Transcription
PHF19,Chromatin
PHF19,Transcription
PHF2,Chromatin
PHF2,Transcription
PHF20,Chromatin
PHF20,Transcription
PHF20L1,Transcription
PHF21A,Chromatin
PHF5A,RNA processing
PHF5A,Nuc acid bind
PHF6,Transcription
PHF6,Nuc acid bind
PHF7,Chromatin
PHF8,Chromatin
PHF8,Transcription
PHIP,Chromatin
PHIP,Transcription
PHIP,Cytoskeleton
PHKG1,Kinase
PHKG1,Signaling
PHKG2,Kinase
PHKG2,Signaling
PHLDA1,Apoptosis
PHLDA2,Apoptosis
PHLDA3,Apoptosis
PHLDB2,Cytoskeleton
PHLPP1,Signaling
PHLPP1,Apoptosis
PHLPP1,Phosphatase
PHLPP2,Signaling
PHLPP2,Phosphatase
PHOX2A,Transcription
PHOX2B,Transcription
PHPT1,Phosphatase
PHRF1,Ubiquitin
PI3,Immune
PI4KA,Signaling
PI4KB,Signaling
PIAS1,Transcription
PIAS1,DNA repair
PIAS2,Transcription
PIAS3,Transcription
PIAS4,Transcription
PICALM,Transport
PICK1,Kinase
PID1,Transcription
PIDD1,Signaling
PIDD1,DNA repair
PIDD1,Proteolysis
PIDD1,Apoptosis
PIEZO1,Ion channel
PIEZO2,Ion channel
PIF1,DNA repair
PIGK,Proteolysis
PIGR,Signaling
PIH1D1,Chromatin
PIK3AP1,Signaling
PIK3C3,Cell cycle
PIK3C3,Kinase
PIK3CB,Signaling
PIK3CB,Immune
PIK3CB,Cell adhesion
PIK3CD,Kinase
PIK3CD,Signaling
PIK3CD,Immune
PIK3CG,Kinase
PIK3CG,Immune
PIK3IP1,Proteolysis
PIK3R1,Transcription
PIK3R1,Ubiquitin
PIK3R1,Signaling
PIK3R1,Immune
PIK3R2,Transcription
PIK3R2,Signaling
PIK3R2,Immune
PIK3R3,Immune
PIK3R4,Kinase
PIK3R5,Immune
PIK3R6,Immune
PIKFYVE,Signaling
PILRA,Signaling
PIM1,Kinase
PIM1,Apoptosis
PIM2,Kinase
PIM2,Apoptosis
PIM3,Kinase
PIM3,Apoptosis
PIMREG,Cell cycle
PIN1,Transcription
PIN4,Nuc acid bind
PINK1,Transcription
PINK1,Ubiquitin
PINK1,Kinase
PINK1,Signaling
PINX1,Nuc acid bind
PIP,Proteolysis
PIP4K2B,Signaling
PIP5K1A,Signaling
PIP5K1C,Cell adhesion
PIP5KL1,Apoptosis
PITPNC1,Signaling
PITRM1,Proteolysis
PITX1,Transcription
PITX2,Transcription
PITX3,Transcription
PIWIL1,Nuc acid bind
PIWIL2,Nuc acid bind
PIWIL3,Nuc acid bind
PIWIL4,Nuc acid bind
PJA1,Ubiquitin
PJA2,Ubiquitin
PJA2,Immune
PKD1,Transcription
PKD1,Signaling
PKD1,Ion channel
PKD1L1,Ion channel
PKD1L2,Ion channel
PKD1L3,Ion channel
PKD2,Transcription
PKD2,Signaling
PKD2,Transport
PKD2,Ion channel
PKD2L1,Transport
PKD2L1,Ion channel
PKD2L2,Ion channel
PKDCC,Kinase
PKHD1L1,Immune
PKM,Nuc acid bind
PKMYT1,Kinase
PKN1,Chromatin
PKN1,Transcription
PKN1,Kinase
PKN1,Signaling
PKN2,Cell cycle
PKN2,Kinase
PKN2,Signaling
PKN2,Nuc acid bind
PKN2,Apoptosis
PKN2,Cell adhesion
PKN3,Kinase
PKN3,Signaling
PKNOX1,Transcription
PKNOX2,Transcription
PKP1,Transcription
PKP1,Signaling
PKP1,Nuc acid bind
PKP1,Cell adhesion
PKP2,Cell adhesion
PKP3,Nuc acid bind
PKP3,Cell adhesion
PKP4,Cell adhesion
PLA2G10,Transcription
PLA2G1B,Transcription
PLA2G1B,Signaling
PLA2G2A,Immune
PLA2G2D,Immune
PLA2G2E,Immune
PLA2G2F,Immune
PLA2G4B,Immune
PLA2G4C,Signaling
PLA2G4C,Immune
PLAA,Signaling
PLAC8,Transcription
PLAG1,Transcription
PLAGL1,Transcription
PLAGL1,Apoptosis
PLAGL2,Transcription
PLAT,Proteolysis
PLAU,Signaling
PLAU,Proteolysis
PLAUR,Signaling
PLBD1,Proteolysis
PLCB1,Signaling
PLCB2,Signaling
PLCB3,Signaling
PLCB4,Signaling
PLCD1,Signaling
PLCD3,Signaling
PLCD4,Signaling
PLCE1,Signaling
PLCE1,GTPase
PLCG1,Signaling
PLCG2,Signaling
PLCH1,Signaling
PLCH2,Signaling
PLCL1,Signaling
PLCL2,Signaling
PLCXD2,Signaling
PLCXD3,Signaling
PLCZ1,Signaling
PLD1,Signaling
PLD1,GTPase
PLD2,Signaling
PLD2,Cytoskeleton
PLD2,GTPase
PLD3,Immune
PLD4,Immune
PLEC,Nuc acid bind
PLEC,Structural
PLEK,Signaling
PLEK2,Signaling
PLEKHF1,Apoptosis
PLEKHN1,Apoptosis
PLG,Proteolysis
PLGRKT,Immune
PLIN3,Transport
PLK1,Transcription
PLK1,Cell cycle
PLK1,Kinase
PLK2,Kinase
PLK3,Transcription
PLK3,Kinase
PLK3,DNA repair
PLK3,Apoptosis
PLK4,Kinase
PLK5,Cell cycle
PLK5,Kinase
PLK5,DNA repair
PLLP,Ion channel
PLN,Ion channel
PLP1,Structural
PLP2,Ion channel
PLPP1,Signaling
PLPP2,Signaling
PLPP3,Transcription
PLPP3,Signaling
PLPP6,Immune
PLPPR1,Signaling
PLPPR2,Signaling
PLPPR3,Signaling
PLPPR4,Signaling
PLPPR5,Signaling
PLRG1,RNA processing
PLS1,Structural
PLSCR1,Transcription
PLSCR1,Apoptosis
PLSCR3,Apoptosis
PLXNA2,Signaling
PLXNA3,Signaling
PLXNA4,Signaling
PLXNB1,Signaling
PLXNC1,Cell adhesion
PM20D1,Proteolysis
PM20D2,Proteolysis
PMAIP1,DNA repair
PMAIP1,Apoptosis
PMCHL1,Signaling
PMCHL2,Signaling
PMF1,Cell cycle
PML,Transcription
PML,Immune
PML,Apoptosis
PMP22,Apoptosis
PMPCA,Proteolysis
PMPCB,Proteolysis
PMS1,DNA repair
PMS2,DNA repair
PMS2P3,Transcription
PNCK,Kinase
PNCK,Signaling
PNISR,Nuc acid bind
PNKP,DNA repair
PNLDC1,Nuc acid bind
PNMA1,Apoptosis
PNMA2,Apoptosis
PNMA3,Nuc acid bind
PNMA3,Apoptosis
PNMA5,Apoptosis
PNMT,Methylation
PNN,RNA processing
PNN,Nuc acid bind
PNN,Structural
PNN,Apoptosis
PNN,Cell adhesion
PNO1,Nuc acid bind
PNOC,Signaling
PNP,Immune
PNPLA8,Signaling
PNPT1,RNA processing
PNPT1,Nuc acid bind
PODNL1,Structural
PODXL,Cell adhesion
PODXL2,Cell adhesion
POFUT3,Protein folding
POGK,Transcription
POGK,Nuc acid bind
POGZ,Transcription
POGZ,Cell cycle
POGZ,DNA repair
POGZ,Nuc acid bind
POLA1,DNA repair
POLA1,Nuc acid bind
POLB,DNA repair
POLD1,DNA repair
POLD1,Nuc acid bind
POLD2,DNA repair
POLD3,DNA repair
POLD4,DNA repair
POLDIP2,DNA repair
POLDIP3,Nuc acid bind
POLE,DNA repair
POLE,Nuc acid bind
POLE2,DNA repair
POLE3,Chromatin
POLE3,Transcription
POLE3,DNA repair
POLH,DNA repair
POLI,DNA repair
POLK,DNA repair
POLL,DNA repair
POLM,DNA repair
POLN,DNA repair
POLN,Nuc acid bind
POLQ,DNA repair
POLQ,Nuc acid bind
POLR1G,Nuc acid bind
POLR1H,Nuc acid bind
POLR2A,Transcription
POLR2A,Nuc acid bind
POLR2B,Nuc acid bind
POLR2G,Nuc acid bind
POLR2I,Nuc acid bind
POLR3A,Immune
POLR3B,Immune
POLR3C,Immune
POLR3D,Immune
POLR3E,Immune
POLR3F,Immune
POLR3G,Immune
POLR3H,Immune
POLR3K,Nuc acid bind
POLR3K,Immune
POLRMT,Nuc acid bind
POMC,Transcription
POMC,Signaling
POMK,Kinase
POP1,RNA processing
POP1,Nuc acid bind
POP4,RNA processing
POP4,Nuc acid bind
POP5,RNA processing
POP5,Nuc acid bind
POP7,RNA processing
POP7,Nuc acid bind
POPDC1,Transport
POPDC1,Structural
POPDC1,Cell adhesion
POSTN,Structural
POSTN,Cell adhesion
POU1F1,Transcription
POU2AF1,Transcription
POU2F1,Transcription
POU2F2,Transcription
POU2F3,Transcription
POU3F1,Transcription
POU3F2,Transcription
POU3F3,Transcription
POU3F4,Transcription
POU4F1,Transcription
POU4F2,Transcription
POU4F2,Apoptosis
POU4F3,Transcription
POU5F1,Transcription
POU5F1,Nuc acid bind
POU5F1B,Transcription
POU5F2,Transcription
POU6F1,Transcription
POU6F2,Transcription
PP2D1,Signaling
PPAN,Nuc acid bind
PPARA,Transcription
PPARD,Transcription
PPARD,Apoptosis
PPARG,Transcription
PPARG,Nuc acid bind
PPARG,Immune
PPARGC1A,Transcription
PPARGC1A,RNA processing
PPARGC1A,Nuc acid bind
PPARGC1B,Transcription
PPARGC1B,Nuc acid bind
PPBP,Signaling
PPBP,Immune
PPEF1,Phosphatase
PPEF2,Phosphatase
PPFIA1,Signaling
PPFIBP1,Cell adhesion
PPHLN1,Nuc acid bind
PPIA,Nuc acid bind
PPIA,Apoptosis
PPIA,Protein folding
PPIAL4A,Protein folding
PPIAL4C,Protein folding
PPIAL4D,Protein folding
PPIAL4E,Protein folding
PPIAL4F,Protein folding
PPIAL4G,Protein folding
PPIAL4H,Protein folding
PPIB,Nuc acid bind
PPIB,Protein folding
PPIC,Protein folding
PPID,Transcription
PPID,Apoptosis
PPID,Protein folding
PPIE,Transcription
PPIE,RNA processing
PPIE,Nuc acid bind
PPIE,Protein folding
PPIF,Apoptosis
PPIF,Protein folding
PPIG,RNA processing
PPIG,Nuc acid bind
PPIG,Protein folding
PPIH,RNA processing
PPIH,Protein folding
PPIL1,RNA processing
PPIL1,Protein folding
PPIL2,Ubiquitin
PPIL2,RNA processing
PPIL2,Protein folding
PPIL3,RNA processing
PPIL3,Protein folding
PPIL4,Nuc acid bind
PPL,Structural
PPM1A,Transcription
PPM1A,Phosphatase
PPM1B,Phosphatase
PPM1D,Phosphatase
PPM1E,Signaling
PPM1E,Phosphatase
PPM1F,Signaling
PPM1F,Apoptosis
PPM1F,Phosphatase
PPM1G,Signaling
PPM1G,Phosphatase
PPM1H,Phosphatase
PPM1J,Phosphatase
PPM1K,Phosphatase
PPM1L,Signaling
PPM1L,Phosphatase
PPM1M,Phosphatase
PPM1N,Phosphatase
PPP1CA,Cell cycle
PPP1CA,Phosphatase
PPP1CB,Cell cycle
PPP1CB,Phosphatase
PPP1CC,Cell cycle
PPP1CC,Nuc acid bind
PPP1CC,Phosphatase
PPP1R10,Nuc acid bind
PPP1R11,Ubiquitin
PPP1R12A,Transcription
PPP1R12A,Signaling
PPP1R12A,Phosphatase
PPP1R12B,Signaling
PPP1R12C,Signaling
PPP1R13B,Apoptosis
PPP1R13L,Transcription
PPP1R13L,Apoptosis
PPP1R14B,Immune
PPP1R15A,DNA repair
PPP1R15A,Apoptosis
PPP1R17,Signaling
PPP1R1A,Signaling
PPP1R1B,Signaling
PPP1R1C,Cell cycle
PPP1R1C,Signaling
PPP1R2,Signaling
PPP1R21,Nuc acid bind
PPP1R2B,Signaling
PPP1R2C,Signaling
PPP1R2P1,Signaling
PPP1R3B,Phosphatase
PPP1R3D,Phosphatase
PPP1R3E,Phosphatase
PPP1R8,RNA processing
PPP1R8,Nuc acid bind
PPP1R9B,Kinase
PPP1R9B,RNA processing
PPP2CA,Transcription
PPP2CA,Signaling
PPP2CA,Phosphatase
PPP2CB,Phosphatase
PPP2R1A,Signaling
PPP2R2A,Phosphatase
PPP2R2B,Apoptosis
PPP2R2D,Cell cycle
PPP2R3A,Phosphatase
PPP2R3B,Phosphatase
PPP2R3C,Cytoskeleton
PPP2R5A,Signaling
PPP2R5B,Signaling
PPP2R5C,Signaling
PPP2R5D,Signaling
PPP2R5E,Signaling
PPP3CA,Transcription
PPP3CA,Phosphatase
PPP3CB,Transcription
PPP3CB,Kinase
PPP3CB,Signaling
PPP3CB,Phosphatase
PPP3CC,Phosphatase
PPP3R1,Transcription
PPP3R1,Phosphatase
PPP4C,Phosphatase
PPP4R1,Kinase
PPP4R1,Signaling
PPP4R1,Phosphatase
PPP4R2,RNA processing
PPP4R3A,DNA repair
PPP4R3B,DNA repair
PPP4R3C,DNA repair
PPP5C,DNA repair
PPP5C,Nuc acid bind
PPP5C,Phosphatase
PPP6C,Immune
PPP6C,Phosphatase
PPRC1,Transcription
PPRC1,Nuc acid bind
PPTC7,Phosphatase
PPWD1,RNA processing
PQBP1,Transcription
PQBP1,RNA processing
PQBP1,Immune
PRAG1,Kinase
PRAME,Ubiquitin
PRAME,Apoptosis
PRAMEF6,Ubiquitin
PRAMEF9,Ubiquitin
PRAP1,DNA repair
PRC1,Cell cycle
PRC1,Cytoskeleton
PRCP,Proteolysis
PRDM1,Transcription
PRDM1,Immune
PRDM1,Methylation
PRDM10,Transcription
PRDM11,Transcription
PRDM11,Methylation
PRDM12,Transcription
PRDM13,Chromatin
PRDM13,Methylation
PRDM14,Transcription
PRDM14,Nuc acid bind
PRDM14,Methylation
PRDM15,Transcription
PRDM15,Methylation
PRDM16,Chromatin
PRDM16,Transcription
PRDM16,Methylation
PRDM2,Chromatin
PRDM2,Transcription
PRDM2,Methylation
PRDM4,Transcription
PRDM4,Methylation
PRDM5,Chromatin
PRDM5,Transcription
PRDM5,Methylation
PRDM6,Chromatin
PRDM6,Transcription
PRDM6,Methylation
PRDM7,Chromatin
PRDM7,Transcription
PRDM7,Methylation
PRDM8,Chromatin
PRDM8,Transcription
PRDM8,Methylation
PRDM9,Chromatin
PRDM9,Transcription
PRDM9,Methylation
PRDX1,Nuc acid bind
PRDX5,Immune
PREB,Transport
PRELID1,Apoptosis
PRELP,Structural
PREP,Proteolysis
PREPL,Proteolysis
PREX1,Signaling
PREX2,Signaling
PRF1,Apoptosis
PRG2,Immune
PRG3,Immune
PRG4,Transport
PRG4,Immune
PRICKLE1,Transport
PRICKLE1,Apoptosis
PRICKLE1,Cytoskeleton
PRIMPOL,DNA repair
PRKAA1,Chromatin
PRKAA1,Kinase
PRKAA1,Signaling
PRKAA2,Chromatin
PRKAA2,Kinase
PRKAA2,Signaling
PRKAB1,Signaling
PRKAB2,Signaling
PRKACA,Chromatin
PRKACA,Kinase
PRKACA,RNA processing
PRKACB,Kinase
PRKACB,Signaling
PRKACG,Kinase
PRKAG1,Kinase
PRKAG1,Signaling
PRKAG2,Signaling
PRKAG3,Signaling
PRKAR1A,Transcription
PRKAR1A,Signaling
PRKAR2A,Signaling
PRKAR2B,Signaling
PRKCA,Chromatin
PRKCA,Kinase
PRKCA,Signaling
PRKCA,Apoptosis
PRKCA,Cell adhesion
PRKCB,Chromatin
PRKCB,Transcription
PRKCB,Kinase
PRKCB,Signaling
PRKCB,Apoptosis
PRKCD,Kinase
PRKCD,Signaling
PRKCD,DNA repair
PRKCD,Apoptosis
PRKCE,Cell cycle
PRKCE,Kinase
PRKCE,Signaling
PRKCE,Apoptosis
PRKCE,Cell adhesion
PRKCG,Kinase
PRKCG,Signaling
PRKCH,Kinase
PRKCH,Signaling
PRKCI,Kinase
PRKCI,Signaling
PRKCI,Transport
PRKCI,Cytoskeleton
PRKCQ,Transcription
PRKCQ,Kinase
PRKCQ,Signaling
PRKCQ,Immune
PRKCSH,Signaling
PRKCZ,Kinase
PRKCZ,Signaling
PRKCZ,Immune
PRKD1,Transcription
PRKD1,Kinase
PRKD1,Signaling
PRKD1,Immune
PRKD1,Apoptosis
PRKD2,Transcription
PRKD2,Kinase
PRKD2,Signaling
PRKD2,Cell adhesion
PRKD3,Kinase
PRKD3,Signaling
PRKDC,Chromatin
PRKDC,Transcription
PRKDC,Kinase
PRKDC,DNA repair
PRKDC,Nuc acid bind
PRKDC,Immune
PRKG1,Kinase
PRKG1,Signaling
PRKG2,Kinase
PRKG2,Signaling
PRKN,Transcription
PRKN,Ubiquitin
PRKN,Apoptosis
PRKRA,Nuc acid bind
PRKRA,Immune
PRKRIP1,RNA processing
PRKX,Kinase
PRKX,Cell adhesion
PRKY,Kinase
PRKY,Cell adhesion
PRL,Signaling
PRLHR,Signaling
PRMT1,Chromatin
PRMT1,Transcription
PRMT1,Signaling
PRMT1,RNA processing
PRMT1,DNA repair
PRMT1,Nuc acid bind
PRMT1,Methylation
PRMT2,Chromatin
PRMT2,Transcription
PRMT2,Immune
PRMT2,Methylation
PRMT3,Chromatin
PRMT3,Transcription
PRMT3,Methylation
PRMT5,Chromatin
PRMT5,Transcription
PRMT5,Methylation
PRMT6,Chromatin
PRMT6,Transcription
PRMT6,DNA repair
PRMT6,Methylation
PRMT7,Chromatin
PRMT7,Transcription
PRMT7,Methylation
PRMT8,Chromatin
PRMT8,Transcription
PRMT8,Methylation
PRMT9,Chromatin
PRMT9,Transcription
PRMT9,RNA processing
PRMT9,Methylation
PRNP,Transcription
PRNP,Signaling
PROC,Proteolysis
PROK1,Signaling
PROK2,Immune
PROKR1,Signaling
PROKR2,Signaling
PROP1,Transcription
PROX1,Transcription
PROX2,Transcription
PROZ,Proteolysis
PRP4K,Kinase
PRP4K,RNA processing
PRP4K,Nuc acid bind
PRPF18,RNA processing
PRPF19,Ubiquitin
PRPF19,RNA processing
PRPF19,DNA repair
PRPF3,RNA processing
PRPF3,Nuc acid bind
PRPF31,RNA processing
PRPF31,Nuc acid bind
PRPF38A,RNA processing
PRPF38A,Nuc acid bind
PRPF38B,RNA processing
PRPF38B,Nuc acid bind
PRPF39,RNA processing
PRPF4,RNA processing
PRPF40A,Cell cycle
PRPF40A,RNA processing
PRPF40A,Nuc acid bind
PRPF40B,RNA processing
PRPF40B,Nuc acid bind
PRPF6,Transcription
PRPF6,RNA processing
PRPF6,Nuc acid bind
PRPF8,RNA processing
PRPF8,Nuc acid bind
PRPH,Structural
PRPH2,Cell adhesion
PRR3,Nuc acid bind
PRR5,Cytoskeleton
PRR7,Apoptosis
PRRC2A,Nuc acid bind
PRRC2B,Nuc acid bind
PRRC2C,Nuc acid bind
PRRG1,Proteolysis
PRRG2,Proteolysis
PRRG3,Proteolysis
PRRG4,Proteolysis
PRRT1,Kinase
PRRX1,Transcription
PRRX2,Transcription
PRSS1,Proteolysis
PRSS12,Proteolysis
PRSS16,Proteolysis
PRSS2,Proteolysis
PRSS21,Proteolysis
PRSS22,Proteolysis
PRSS23,Proteolysis
PRSS27,Proteolysis
PRSS29P,Proteolysis
PRSS3,Proteolysis
PRSS33,Proteolysis
PRSS36,Proteolysis
PRSS37,Proteolysis
PRSS38,Proteolysis
PRSS3P2,Proteolysis
PRSS41,Proteolysis
PRSS42P,Proteolysis
PRSS45P,Proteolysis
PRSS46P,Proteolysis
PRSS47P,Proteolysis
PRSS48,Proteolysis
PRSS50,Proteolysis
PRSS51,Proteolysis
PRSS53,Proteolysis
PRSS54,Proteolysis
PRSS55,Proteolysis
PRSS56,Proteolysis
PRSS57,Proteolysis
PRSS58,Proteolysis
PRSS8,Proteolysis
PRTN3,Proteolysis
PRUNE2,Apoptosis
PSD,Signaling
PSD,Transport
PSD2,Transport
PSD3,Transport
PSD4,Transport
PSEN1,Transcription
PSEN1,Signaling
PSEN1,DNA repair
PSEN1,Proteolysis
PSEN1,Apoptosis
PSEN1,Cell adhesion
PSEN2,Signaling
PSEN2,Proteolysis
PSIP1,Chromatin
PSIP1,Nuc acid bind
PSKH1,Kinase
PSKH2,Kinase
PSMA1,DNA repair
PSMA1,Apoptosis
PSMA2,DNA repair
PSMA2,Apoptosis
PSMA3,DNA repair
PSMA3,Apoptosis
PSMA4,DNA repair
PSMA4,Apoptosis
PSMA5,DNA repair
PSMA5,Apoptosis
PSMA6,DNA repair
PSMA6,Nuc acid bind
PSMA6,Proteolysis
PSMA6,Apoptosis
PSMA7,DNA repair
PSMA7,Apoptosis
PSMB1,DNA repair
PSMB1,Apoptosis
PSMB10,Proteolysis
PSMB11,Proteolysis
PSMB2,DNA repair
PSMB2,Apoptosis
PSMB3,DNA repair
PSMB3,Apoptosis
PSMB4,DNA repair
PSMB4,Apoptosis
PSMB5,DNA repair
PSMB5,Proteolysis
PSMB5,Apoptosis
PSMB6,DNA repair
PSMB6,Proteolysis
PSMB6,Apoptosis
PSMB7,DNA repair
PSMB7,Proteolysis
PSMB7,Apoptosis
PSMB8,Proteolysis
PSMB9,Proteolysis
PSMC1,Nuc acid bind
PSMC3,Transcription
PSMC4,Proteolysis
PSMC5,Transcription
PSMD10,Transcription
PSMD10,Apoptosis
PSMD11,Structural
PSMD13,Structural
PSMD14,DNA repair
PSMD14,Transport
PSMD14,Proteolysis
PSMD4,Nuc acid bind
PSMD8,Proteolysis
PSME3,Apoptosis
PSME4,DNA repair
PSPC1,Transcription
PSPC1,Nuc acid bind
PSPC1,Immune
PSRC1,Cell cycle
PSTK,Translation
PSTPIP1,Signaling
PSTPIP1,Immune
PSTPIP1,Cell adhesion
PTAFR,Signaling
PTAFR,Immune
PTBP1,RNA processing
PTBP1,Nuc acid bind
PTBP2,RNA processing
PTBP2,Nuc acid bind
PTBP3,RNA processing
PTBP3,Nuc acid bind
PTCD1,Nuc acid bind
PTCD2,RNA processing
PTCD2,Nuc acid bind
PTCD3,Nuc acid bind
PTCH1,Transcription
PTCH1,Signaling
PTEN,Transcription
PTEN,Apoptosis
PTEN,Phosphatase
PTF1A,Transcription
PTGDR,Signaling
PTGDR,Immune
PTGDR2,Signaling
PTGDR2,Immune
PTGER1,Signaling
PTGER1,Immune
PTGER2,Signaling
PTGER2,Immune
PTGER3,Signaling
PTGER3,Immune
PTGER4,Signaling
PTGER4,Immune
PTGES,Signaling
PTGES3,Signaling
PTGES3,Protein folding
PTGES3L,Protein folding
PTGFR,Signaling
PTGFR,Immune
PTGIR,Signaling
PTGIR,Immune
PTH,Transcription
PTH1R,Signaling
PTH2R,Signaling
PTK2,Kinase
PTK2B,Kinase
PTK2B,Signaling
PTK2B,Apoptosis
PTK6,Kinase
PTK7,Kinase
PTK7,Signaling
PTK7,Cell adhesion
PTMA,Chromatin
PTMA,Transcription
PTMS,Transcription
PTOV1,Transcription
PTP4A1,Phosphatase
PTP4A2,Phosphatase
PTP4A3,Phosphatase
PTPA,Apoptosis
PTPA,Phosphatase
PTPDC1,Phosphatase
PTPMT1,Phosphatase
PTPN1,Nuc acid bind
PTPN1,Phosphatase
PTPN11,Phosphatase
PTPN12,Phosphatase
PTPN13,Phosphatase
PTPN14,Phosphatase
PTPN18,Phosphatase
PTPN2,Phosphatase
PTPN20,Phosphatase
PTPN21,Phosphatase
PTPN22,Phosphatase
PTPN23,Phosphatase
PTPN3,Phosphatase
PTPN4,Phosphatase
PTPN5,Signaling
PTPN5,Phosphatase
PTPN6,Phosphatase
PTPN7,Signaling
PTPN7,Phosphatase
PTPN9,Signaling
PTPN9,Phosphatase
PTPRA,Signaling
PTPRA,Phosphatase
PTPRB,Phosphatase
PTPRC,Transcription
PTPRC,Signaling
PTPRC,Phosphatase
PTPRD,Signaling
PTPRD,Phosphatase
PTPRE,Signaling
PTPRE,Phosphatase
PTPRF,Signaling
PTPRF,Cell adhesion
PTPRF,Phosphatase
PTPRG,Signaling
PTPRG,Phosphatase
PTPRH,Signaling
PTPRH,Apoptosis
PTPRH,Phosphatase
PTPRJ,Signaling
PTPRJ,Phosphatase
PTPRK,Signaling
PTPRK,Cell adhesion
PTPRK,Phosphatase
PTPRM,Signaling
PTPRM,Cell adhesion
PTPRM,Phosphatase
PTPRN,Transcription
PTPRN2,Phosphatase
PTPRO,Phosphatase
PTPRQ,Phosphatase
PTPRR,Signaling
PTPRR,Phosphatase
PTPRS,Signaling
PTPRS,Cell adhesion
PTPRS,Phosphatase
PTPRT,Signaling
PTPRT,Cell adhesion
PTPRT,Phosphatase
PTPRU,Signaling
PTPRU,Cell adhesion
PTPRU,Phosphatase
PTPRZ1,Signaling
PTPRZ1,Phosphatase
PTRH1,Nuc acid bind
PTRH2,Apoptosis
PTTG1,Cell cycle
PTTG1,DNA repair
PTX3,Immune
PUF60,RNA processing
PUF60,Nuc acid bind
PUF60,Apoptosis
PUM1,Nuc acid bind
PUM2,Nuc acid bind
PUM3,Nuc acid bind
PURA,Transcription
PURA,Nuc acid bind
PURB,Transcription
PURB,Nuc acid bind
PURG,Transcription
PURG,Nuc acid bind
PUS1,RNA processing
PUS1,Nuc acid bind
PUS10,Nuc acid bind
PUS3,Nuc acid bind
PUS7,RNA processing
PUS7,Nuc acid bind
PUS7L,RNA processing
PUS7L,Nuc acid bind
PUSL1,Nuc acid bind
PVR,Signaling
PVR,Cell adhesion
PWP1,Chromatin
PWP1,Transcription
PWP2,Nuc acid bind
PWWP2A,Chromatin
PWWP2B,Chromatin
PWWP3A,Chromatin
PWWP3A,DNA repair
PXDN,Immune
PXDN,Structural
PXDN,Cell adhesion
PXK,Kinase
PXK,Immune
PXN,Signaling
PXN,Cell adhesion
PYCARD,Signaling
PYCARD,Immune
PYCARD,Apoptosis
PYDC1,Immune
PYDC2,Immune
PYDC5,Immune
PYGO1,Chromatin
PYM1,Nuc acid bind
Q59FN2,Kinase
QARS1,Translation
QKI,RNA processing
QKI,Nuc acid bind
QRFPR,Signaling
QRICH1,Apoptosis
QRSL1,Translation
QSOX1,Protein folding
QSOX2,Protein folding
R3HCC1,Nuc acid bind
R3HDM1,Nuc acid bind
R3HDM2,Nuc acid bind
R3HDM4,Nuc acid bind
RAB10,Transport
RAB10,GTPase
RAB11A,Transport
RAB11A,GTPase
RAB11B,GTPase
RAB11FIP2,Transport
RAB11FIP3,Cell cycle
RAB11FIP3,Transport
RAB12,GTPase
RAB13,GTPase
RAB14,Transport
RAB14,GTPase
RAB15,GTPase
RAB17,GTPase
RAB18,GTPase
RAB19,GTPase
RAB1A,Transport
RAB1A,GTPase
RAB1B,GTPase
RAB1C,GTPase
RAB20,GTPase
RAB21,GTPase
RAB22A,GTPase
RAB23,GTPase
RAB24,GTPase
RAB25,GTPase
RAB26,GTPase
RAB27A,GTPase
RAB27B,GTPase
RAB28,GTPase
RAB29,Transport
RAB29,GTPase
RAB2A,Transport
RAB2A,GTPase
RAB2B,Transport
RAB2B,Immune
RAB2B,GTPase
RAB30,Transport
RAB30,GTPase
RAB31,GTPase
RAB32,Transport
RAB32,GTPase
RAB33A,GTPase
RAB33B,GTPase
RAB34,GTPase
RAB35,GTPase
RAB36,Transport
RAB36,GTPase
RAB37,GTPase
RAB38,Transport
RAB38,GTPase
RAB39A,Transport
RAB39A,GTPase
RAB39B,Transport
RAB39B,GTPase
RAB3A,GTPase
RAB3B,GTPase
RAB3C,GTPase
RAB3D,GTPase
RAB40A,Ubiquitin
RAB40A,Signaling
RAB40A,GTPase
RAB40AL,Ubiquitin
RAB40AL,Signaling
RAB40AL,GTPase
RAB40B,Ubiquitin
RAB40B,Signaling
RAB40B,GTPase
RAB40C,Ubiquitin
RAB40C,Signaling
RAB40C,GTPase
RAB41,GTPase
RAB42,GTPase
RAB43,GTPase
RAB44,Transport
RAB44,GTPase
RAB4A,Transport
RAB4A,GTPase
RAB4B,Transport
RAB4B,GTPase
RAB5A,GTPase
RAB5B,GTPase
RAB5C,GTPase
RAB6A,Transport
RAB6A,GTPase
RAB6B,Transport
RAB6B,GTPase
RAB6C,GTPase
RAB6D,GTPase
RAB7A,GTPase
RAB7B,GTPase
RAB8A,GTPase
RAB8B,GTPase
RAB9A,GTPase
RAB9B,GTPase
RABEP1,Signaling
RABEP1,Transport
RABEP1,Apoptosis
RABEP2,Signaling
RABGEF1,Transport
RABIF,GTPase
RABL2A,GTPase
RABL2B,GTPase
RABL3,GTPase
RAC1,Signaling
RAC1,Immune
RAC1,Cell adhesion
RAC1,GTPase
RAC2,Signaling
RAC2,GTPase
RAC3,Signaling
RAC3,GTPase
RACGAP1,Cell cycle
RACGAP1,Signaling
RACGAP1,Ion channel
RACK1,Ubiquitin
RACK1,Nuc acid bind
RACK1,Apoptosis
RAD1,DNA repair
RAD17,Chromatin
RAD17,DNA repair
RAD18,Ubiquitin
RAD18,DNA repair
RAD21,Transcription
RAD21,Cell cycle
RAD21,DNA repair
RAD21,Apoptosis
RAD23A,Chromatin
RAD23A,DNA repair
RAD23B,Chromatin
RAD23B,DNA repair
RAD50,DNA repair
RAD51,DNA repair
RAD51AP1,DNA repair
RAD51AP1,Nuc acid bind
RAD51B,DNA repair
RAD51C,DNA repair
RAD51D,DNA repair
RAD52,DNA repair
RAD54B,DNA repair
RAD54L,DNA repair
RAD54L2,Chromatin
RAD54L2,Transcription
RAD9A,DNA repair
RAD9B,DNA repair
RADIL,Signaling
RADIL,Cell adhesion
RADX,Nuc acid bind
RAE1,Cell cycle
RAE1,Nuc acid bind
RAET1E,Signaling
RAET1G,Signaling
RAET1L,Signaling
RAF1,Kinase
RAF1,Signaling
RAF1,Apoptosis
RAG1,Chromatin
RAG1,Immune
RAG2,Chromatin
RAI1,Transcription
RALA,Cell cycle
RALA,Signaling
RALA,GTPase
RALB,Cell cycle
RALB,Signaling
RALB,Apoptosis
RALB,GTPase
RALBP1,Signaling
RALBP1,Transport
RALBP1,GTPase
RALGDS,Signaling
RALGDS,GTPase
RALGPS1,Signaling
RALGPS1,GTPase
RALGPS2,GTPase
RALY,Transcription
RALY,RNA processing
RALY,Nuc acid bind
RALYL,Nuc acid bind
RAMAC,RNA processing
RAMAC,Nuc acid bind
RAMACL,Nuc acid bind
RAMP1,Ion channel
RAMP2,Ion channel
RAMP3,Ion channel
RAN,Cell cycle
RAN,Nuc acid bind
RAN,GTPase
RANBP1,Signaling
RANBP10,Cytoskeleton
RANBP2,Transcription
RANBP2,Nuc acid bind
RANBP2,Protein folding
RANBP9,Cytoskeleton
RANGAP1,Signaling
RANGAP1,Nuc acid bind
RAP1A,Signaling
RAP1A,GTPase
RAP1B,Signaling
RAP1B,GTPase
RAP1BL,Signaling
RAP1BL,GTPase
RAP1GAP,Signaling
RAP1GAP,GTPase
RAP2A,Signaling
RAP2A,GTPase
RAP2B,Signaling
RAP2B,GTPase
RAP2C,Signaling
RAP2C,GTPase
RAPGEF1,Signaling
RAPGEF1,GTPase
RAPGEF2,Signaling
RAPGEF2,GTPase
RAPGEF3,Signaling
RAPGEF3,GTPase
RAPGEF4,Signaling
RAPGEF4,GTPase
RAPGEF5,GTPase
RAPGEF6,Signaling
RAPGEF6,GTPase
RAPGEFL1,GTPase
RAPH1,Signaling
RARA,Transcription
RARA,Kinase
RARB,Transcription
RARB,Signaling
RARG,Transcription
RARG,Apoptosis
RARRES2,Immune
RARS1,Translation
RARS2,Nuc acid bind
RARS2,Translation
RASA1,Signaling
RASA1,GTPase
RASA2,Signaling
RASA3,Signaling
RASA4,Signaling
RASA4B,Signaling
RASAL1,Signaling
RASAL2,Signaling
RASD1,Signaling
RASD1,GTPase
RASD2,Signaling
RASD2,GTPase
RASEF,Transport
RASEF,GTPase
RASGEF1A,GTPase
RASGEF1B,GTPase
RASGEF1C,GTPase
RASGRF1,Signaling
RASGRF1,GTPase
RASGRF2,GTPase
RASGRP1,Signaling
RASGRP1,GTPase
RASGRP2,Signaling
RASGRP2,GTPase
RASGRP3,GTPase
RASGRP4,GTPase
RASIP1,Signaling
RASL10A,GTPase
RASL10B,GTPase
RASL11A,GTPase
RASL11B,GTPase
RASL12,GTPase
RASSF1,Signaling
RASSF10,Signaling
RASSF2,Kinase
RASSF2,Signaling
RASSF2,Apoptosis
RASSF3,Signaling
RASSF4,Signaling
RASSF5,Signaling
RASSF5,Apoptosis
RASSF6,Signaling
RASSF6,Apoptosis
RASSF7,Signaling
RASSF7,Apoptosis
RASSF8,Signaling
RASSF9,Signaling
RAVER1,Nuc acid bind
RAVER2,Nuc acid bind
RAX,Transcription
RAX2,Transcription
RB1,Chromatin
RB1,Transcription
RB1,Apoptosis
RBAK,Transcription
RBBP4,Chromatin
RBBP4,Transcription
RBBP4,DNA repair
RBBP5,Chromatin
RBBP5,DNA repair
RBBP6,Ubiquitin
RBBP6,RNA processing
RBBP6,DNA repair
RBBP6,Nuc acid bind
RBBP7,Chromatin
RBBP7,Transcription
RBBP7,Nuc acid bind
RBBP8,Cell cycle
RBBP8,DNA repair
RBCK1,Ubiquitin
RBCK1,Apoptosis
RBFOX1,RNA processing
RBFOX1,Nuc acid bind
RBFOX2,RNA processing
RBFOX2,Nuc acid bind
RBFOX3,RNA processing
RBFOX3,Nuc acid bind
RBL1,Chromatin
RBL1,Transcription
RBL2,Chromatin
RBL2,Transcription
RBM10,RNA processing
RBM10,Nuc acid bind
RBM11,RNA processing
RBM11,Nuc acid bind
RBM12,Nuc acid bind
RBM12B,Nuc acid bind
RBM14,Transcription
RBM14,Nuc acid bind
RBM14,Immune
RBM15,Nuc acid bind
RBM15B,RNA processing
RBM15B,Nuc acid bind
RBM17,RNA processing
RBM17,Nuc acid bind
RBM18,Nuc acid bind
RBM19,Nuc acid bind
RBM20,RNA processing
RBM20,Nuc acid bind
RBM22,RNA processing
RBM22,Nuc acid bind
RBM23,RNA processing
RBM23,Nuc acid bind
RBM24,RNA processing
RBM24,DNA repair
RBM24,Nuc acid bind
RBM25,RNA processing
RBM25,Nuc acid bind
RBM26,Nuc acid bind
RBM27,Nuc acid bind
RBM28,RNA processing
RBM28,Nuc acid bind
RBM3,RNA processing
RBM3,Nuc acid bind
RBM33,Nuc acid bind
RBM34,Nuc acid bind
RBM38,RNA processing
RBM38,Nuc acid bind
RBM39,RNA processing
RBM39,Nuc acid bind
RBM4,RNA processing
RBM4,Nuc acid bind
RBM41,Nuc acid bind
RBM42,Nuc acid bind
RBM43,Nuc acid bind
RBM44,Nuc acid bind
RBM45,Nuc acid bind
RBM46,Nuc acid bind
RBM47,RNA processing
RBM47,Nuc acid bind
RBM48,RNA processing
RBM48,Nuc acid bind
RBM4B,RNA processing
RBM4B,Nuc acid bind
RBM5,RNA processing
RBM5,Nuc acid bind
RBM5,Apoptosis
RBM6,RNA processing
RBM6,Nuc acid bind
RBM7,Nuc acid bind
RBM8A,RNA processing
RBM8A,Nuc acid bind
RBMS1,RNA processing
RBMS1,Nuc acid bind
RBMS2,RNA processing
RBMS2,Nuc acid bind
RBMS3,Nuc acid bind
RBMX,Transcription
RBMX,RNA processing
RBMX,Nuc acid bind
RBMX2,RNA processing
RBMX2,Nuc acid bind
RBMXL1,RNA processing
RBMXL1,Nuc acid bind
RBMXL2,Nuc acid bind
RBMXL3,Nuc acid bind
RBMY1A1,RNA processing
RBMY1A1,Nuc acid bind
RBMY1B,RNA processing
RBMY1B,Nuc acid bind
RBMY1C,RNA processing
RBMY1C,Nuc acid bind
RBMY1D,RNA processing
RBMY1D,Nuc acid bind
RBMY1E,RNA processing
RBMY1E,Nuc acid bind
RBMY1F,RNA processing
RBMY1F,Nuc acid bind
RBP3,Proteolysis
RBPJ,Transcription
RBPJL,Transcription
RBPJL,Signaling
RBPMS,RNA processing
RBPMS,Nuc acid bind
RBPMS2,Nuc acid bind
RBX1,Transcription
RBX1,Ubiquitin
RBX1,DNA repair
RC3H1,Ubiquitin
RC3H1,Nuc acid bind
RC3H2,Ubiquitin
RC3H2,Nuc acid bind
RCAN1,Nuc acid bind
RCAN2,Nuc acid bind
RCAN3,Nuc acid bind
RCBTB1,Chromatin
RCC1,Cell cycle
RCC1L,Nuc acid bind
RCC2,Cell cycle
RCC2,Nuc acid bind
RCCD1,Chromatin
RCE1,Proteolysis
RCHY1,Ubiquitin
RCL1,RNA processing
RCOR1,Chromatin
RCOR1,Transcription
RCOR2,Transcription
RCOR3,Transcription
RCVRN,Signaling
RDM1,Nuc acid bind
RDUR,Immune
RDX,Nuc acid bind
RECQL,DNA repair
RECQL,Nuc acid bind
RECQL4,DNA repair
RECQL4,Nuc acid bind
RECQL5,Transcription
RECQL5,Cell cycle
RECQL5,DNA repair
RECQL5,Nuc acid bind
REDIC1,Nuc acid bind
REEP3,Cell cycle
REEP4,Cell cycle
REG1A,Signaling
REG1B,Signaling
REG3A,Signaling
REG3A,Immune
REG3G,Immune
REL,Transcription
REL,Immune
RELA,Chromatin
RELA,Transcription
RELA,Signaling
RELA,Immune
RELB,Transcription
RELB,Immune
RELN,Proteolysis
RELN,Cell adhesion
RELT,Apoptosis
REM1,GTPase
REM2,GTPase
REN,Proteolysis
REPIN1,Transcription
REPIN1,Nuc acid bind
RERE,Transcription
RERG,GTPase
RERGL,GTPase
REST,Chromatin
REST,Transcription
RET,Kinase
RET,Signaling
RET,Cell adhesion
RETN,Signaling
RETNLB,Signaling
REV1,DNA repair
REV3L,DNA repair
REV3L,Nuc acid bind
REXO1,Nuc acid bind
REXO1L1P,Nuc acid bind
REXO2,Nuc acid bind
REXO4,Transcription
REXO4,RNA processing
REXO4,DNA repair
REXO4,Nuc acid bind
REXO5,Nuc acid bind
RFC1,Transcription
RFC1,DNA repair
RFC2,DNA repair
RFC3,DNA repair
RFC4,DNA repair
RFC5,DNA repair
RFFL,Ubiquitin
RFFL,Apoptosis
RFK,Apoptosis
RFPL1,Immune
RFPL2,Immune
RFPL3,Immune
RFPL4A,Immune
RFPL4AL1,Immune
RFPL4B,Immune
RFWD3,Ubiquitin
RFWD3,DNA repair
RFX1,Transcription
RFX1,Immune
RFX2,Transcription
RFX3,Transcription
RFX4,Transcription
RFX5,Transcription
RFX6,Transcription
RFX7,Transcription
RFX8,Transcription
RFXANK,Transcription
RFXAP,Transcription
RGCC,Transcription
RGL1,Signaling
RGL1,GTPase
RGL2,Signaling
RGL2,GTPase
RGL3,Signaling
RGL3,GTPase
RGL4,GTPase
RGMA,Transcription
RGMB,Signaling
RGMB,Cell adhesion
RGR,Signaling
RGS1,Signaling
RGS1,Immune
RGS1,GTPase
RGS10,GTPase
RGS11,Signaling
RGS11,GTPase
RGS12,Signaling
RGS12,GTPase
RGS13,GTPase
RGS14,Cell cycle
RGS14,Signaling
RGS14,GTPase
RGS16,GTPase
RGS17,GTPase
RGS18,GTPase
RGS19,GTPase
RGS2,GTPase
RGS20,GTPase
RGS21,GTPase
RGS3,GTPase
RGS4,GTPase
RGS5,GTPase
RGS6,Signaling
RGS6,GTPase
RGS7,Signaling
RGS7,GTPase
RGS8,GTPase
RGS9,Signaling
RGS9,GTPase
RHAG,Transport
RHBDD1,Proteolysis
RHBDD1,Apoptosis
RHBDL1,Signaling
RHBDL1,Proteolysis
RHBDL2,Proteolysis
RHBDL3,Proteolysis
RHEB,Signaling
RHEB,GTPase
RHEBL1,Signaling
RHEBL1,GTPase
RHNO1,Chromatin
RHNO1,DNA repair
RHO,Signaling
RHOA,Cell cycle
RHOA,GTPase
RHOB,Signaling
RHOB,Apoptosis
RHOB,Cell adhesion
RHOB,GTPase
RHOBTB1,Signaling
RHOBTB1,GTPase
RHOBTB2,Ubiquitin
RHOBTB2,Signaling
RHOBTB2,GTPase
RHOBTB3,GTPase
RHOC,Signaling
RHOC,GTPase
RHOD,GTPase
RHOF,Signaling
RHOF,GTPase
RHOG,GTPase
RHOH,Transcription
RHOH,Signaling
RHOH,GTPase
RHOJ,Signaling
RHOJ,GTPase
RHOQ,Transcription
RHOQ,Signaling
RHOQ,GTPase
RHOT1,GTPase
RHOT2,GTPase
RHOU,Signaling
RHOU,Cytoskeleton
RHOU,GTPase
RHOV,Signaling
RHOV,Cytoskeleton
RHOV,GTPase
RHOXF1,Transcription
RHOXF2,Transcription
RHOXF2B,Transcription
RHPN1,Signaling
RHPN2,Signaling
RIC3,Protein folding
RIC8A,Protein folding
RIC8B,Protein folding
RICTOR,Cytoskeleton
RIDA,Nuc acid bind
RIF1,Transcription
RIF1,DNA repair
RIGI,Transcription
RIGI,Nuc acid bind
RIGI,Immune
RIMS1,Nuc acid bind
RIN1,Signaling
RIN1,Transport
RIN2,Signaling
RIN2,Transport
RIN2,GTPase
RIN3,Signaling
RIN3,Transport
RING1,Chromatin
RING1,Ubiquitin
RINL,Transport
RINT1,Transport
RIOK2,Kinase
RIOK3,Immune
RIOX1,Chromatin
RIOX2,Chromatin
RIPK1,Transcription
RIPK1,Kinase
RIPK1,Signaling
RIPK1,Immune
RIPK1,Apoptosis
RIPK2,Transcription
RIPK2,Kinase
RIPK2,Signaling
RIPK2,Immune
RIPK2,Apoptosis
RIPK3,Kinase
RIPK3,Signaling
RIPK3,Apoptosis
RIPK4,Kinase
RIPK4,Signaling
RIPOR2,Cell adhesion
RIPPLY1,Transcription
RIPPLY2,Transcription
RIPPLY3,Transcription
RIT1,Signaling
RIT1,GTPase
RIT2,Transcription
RIT2,Signaling
RIT2,GTPase
RITA1,Transcription
RLF,Transcription
RLIM,Ubiquitin
RLN1,Signaling
RLN2,Signaling
RLN3,Signaling
RMDN3,Apoptosis
RMI2,DNA repair
RMND1,Translation
RMND5A,Ubiquitin
RMP24,RNA processing
RMP24,Nuc acid bind
RMP64,RNA processing
RMP64,Nuc acid bind
RNASE1,Nuc acid bind
RNASE10,Nuc acid bind
RNASE10,Cell adhesion
RNASE11,Nuc acid bind
RNASE12,Nuc acid bind
RNASE13,Nuc acid bind
RNASE2,Nuc acid bind
RNASE3,Nuc acid bind
RNASE3,Immune
RNASE4,Nuc acid bind
RNASE6,Nuc acid bind
RNASE6,Immune
RNASE7,Nuc acid bind
RNASE7,Immune
RNASE8,Nuc acid bind
RNASE8,Immune
RNASE9,Nuc acid bind
RNASEH1,Nuc acid bind
RNASEH2A,Nuc acid bind
RNASEK,Ion channel
RNASEL,Transcription
RNASEL,Kinase
RNASEL,RNA processing
RNASEL,Nuc acid bind
RNASEL,Immune
RNASET2,Nuc acid bind
RNASET2,Immune
RND1,Signaling
RND1,GTPase
RND2,Signaling
RND2,GTPase
RND3,Signaling
RND3,Cell adhesion
RND3,GTPase
RNF10,Transcription
RNF10,Ubiquitin
RNF103,Ubiquitin
RNF111,Ubiquitin
RNF111,DNA repair
RNF112,Ubiquitin
RNF112,GTPase
RNF113A,Ubiquitin
RNF113A,RNA processing
RNF113A,DNA repair
RNF114,Ubiquitin
RNF115,Ubiquitin
RNF121,Ubiquitin
RNF122,Apoptosis
RNF123,Ubiquitin
RNF125,Ubiquitin
RNF126,Ubiquitin
RNF128,Ubiquitin
RNF13,Ubiquitin
RNF130,Ubiquitin
RNF130,Apoptosis
RNF133,Ubiquitin
RNF135,Ubiquitin
RNF135,Immune
RNF138,Ubiquitin
RNF138,DNA repair
RNF139,Ubiquitin
RNF14,Transcription
RNF14,Ubiquitin
RNF14,Signaling
RNF144A,Ubiquitin
RNF144B,Ubiquitin
RNF144B,Apoptosis
RNF146,Ubiquitin
RNF149,Ubiquitin
RNF152,Ubiquitin
RNF152,Apoptosis
RNF157,Ubiquitin
RNF166,Ubiquitin
RNF166,Immune
RNF167,Ubiquitin
RNF168,Chromatin
RNF168,Ubiquitin
RNF168,DNA repair
RNF169,Chromatin
RNF169,Ubiquitin
RNF169,DNA repair
RNF170,Ubiquitin
RNF180,Ubiquitin
RNF181,Ubiquitin
RNF182,Ubiquitin
RNF183,Ubiquitin
RNF183,Apoptosis
RNF185,Ubiquitin
RNF185,Transport
RNF185,Immune
RNF186,Ubiquitin
RNF187,Ubiquitin
RNF19A,Ubiquitin
RNF19A,Cytoskeleton
RNF19B,Ubiquitin
RNF2,Chromatin
RNF2,Transcription
RNF2,Ubiquitin
RNF20,Chromatin
RNF20,Transcription
RNF20,Ubiquitin
RNF208,Ubiquitin
RNF212B,Ubiquitin
RNF213,Ubiquitin
RNF216,Ubiquitin
RNF216,Apoptosis
RNF217,Ubiquitin
RNF220,Transcription
RNF220,Ubiquitin
RNF223,Ubiquitin
RNF225,Ubiquitin
RNF227,Ubiquitin
RNF228,Ubiquitin
RNF25,Ubiquitin
RNF26,Ubiquitin
RNF31,Ubiquitin
RNF31,Signaling
RNF34,Ubiquitin
RNF34,Apoptosis
RNF38,Ubiquitin
RNF39,Immune
RNF4,Transcription
RNF4,Ubiquitin
RNF40,Chromatin
RNF40,Transcription
RNF40,Ubiquitin
RNF41,Ubiquitin
RNF41,Apoptosis
RNF43,Ubiquitin
RNF44,Ubiquitin
RNF5,Ubiquitin
RNF5,Transport
RNF6,Transcription
RNF6,Ubiquitin
RNF7,Ubiquitin
RNF7,Signaling
RNF8,Chromatin
RNF8,Cell cycle
RNF8,Ubiquitin
RNF8,DNA repair
RNFT1,Ubiquitin
RNGTT,RNA processing
RNGTT,Phosphatase
RNMT,RNA processing
RNMT,Nuc acid bind
RNMT,Methylation
RNPC3,RNA processing
RNPC3,Nuc acid bind
RNPEP,Proteolysis
RNPEPL1,Proteolysis
RNPS1,RNA processing
RNPS1,Nuc acid bind
RNPS1,Apoptosis
RO60,Nuc acid bind
ROBO1,Cell adhesion
ROCK1,Kinase
ROCK1,Signaling
ROCK1,Apoptosis
ROCK2,Kinase
ROCK2,Signaling
ROCK2,Nuc acid bind
ROCK2,Structural
ROM1,Cell adhesion
ROR1,Kinase
ROR2,Kinase
ROR2,Signaling
RORA,Transcription
RORB,Transcription
RORC,Transcription
ROS1,Kinase
RP1,Signaling
RP1L1,Signaling
RP2,Protein folding
RP9,RNA processing
RP9,Nuc acid bind
RPA1,Chromatin
RPA1,DNA repair
RPA1,Nuc acid bind
RPA2,DNA repair
RPA3,DNA repair
RPA4,DNA repair
RPAP2,Transcription
RPAP2,Phosphatase
RPF1,Nuc acid bind
RPF2,Nuc acid bind
RPGR,Ubiquitin
RPGR,Nuc acid bind
RPL10,Transcription
RPL10,Signaling
RPL10,Nuc acid bind
RPL10,Translation
RPL10A,Nuc acid bind
RPL10A,Translation
RPL10L,Translation
RPL11,Nuc acid bind
RPL11,Translation
RPL12,Nuc acid bind
RPL12,Translation
RPL13,Nuc acid bind
RPL13,Translation
RPL13A,Nuc acid bind
RPL13A,Translation
RPL13AP3,Translation
RPL14,Nuc acid bind
RPL14,Translation
RPL15,Nuc acid bind
RPL15,Translation
RPL17,Nuc acid bind
RPL17,Translation
RPL18,Nuc acid bind
RPL18,Translation
RPL18A,Nuc acid bind
RPL18A,Translation
RPL19,Nuc acid bind
RPL19,Translation
RPL21,Nuc acid bind
RPL21,Translation
RPL22,Nuc acid bind
RPL22,Translation
RPL22L1,Nuc acid bind
RPL22L1,Translation
RPL23,Transcription
RPL23,Nuc acid bind
RPL23,Translation
RPL23A,Nuc acid bind
RPL23A,Translation
RPL24,Nuc acid bind
RPL24,Translation
RPL26,Nuc acid bind
RPL26,Translation
RPL26L1,Nuc acid bind
RPL26L1,Translation
RPL27,Nuc acid bind
RPL27,Translation
RPL27A,Nuc acid bind
RPL27A,Translation
RPL28,Nuc acid bind
RPL28,Translation
RPL29,Nuc acid bind
RPL29,Translation
RPL3,Nuc acid bind
RPL3,Translation
RPL30,Nuc acid bind
RPL30,Translation
RPL31,Nuc acid bind
RPL31,Translation
RPL32,Nuc acid bind
RPL32,Translation
RPL34,Nuc acid bind
RPL34,Translation
RPL35,Nuc acid bind
RPL35,Translation
RPL35A,Nuc acid bind
RPL35A,Translation
RPL36,Nuc acid bind
RPL36,Translation
RPL36A,Nuc acid bind
RPL36A,Translation
RPL36AL,Translation
RPL37,Nuc acid bind
RPL37,Translation
RPL37A,Nuc acid bind
RPL37A,Translation
RPL37AP8,Translation
RPL38,Nuc acid bind
RPL38,Translation
RPL39,Nuc acid bind
RPL39,Translation
RPL39L,Translation
RPL39P5,Translation
RPL3L,Nuc acid bind
RPL3L,Translation
RPL4,Nuc acid bind
RPL4,Translation
RPL41,Nuc acid bind
RPL41,Translation
RPL5,Nuc acid bind
RPL5,Translation
RPL6,Transcription
RPL6,Nuc acid bind
RPL6,Translation
RPL7,Nuc acid bind
RPL7,Translation
RPL7A,Nuc acid bind
RPL7A,Translation
RPL7L1,Nuc acid bind
RPL7L1,Translation
RPL8,Nuc acid bind
RPL8,Translation
RPL9,Nuc acid bind
RPL9,Translation
RPLP0,Nuc acid bind
RPLP0,Translation
RPLP0P6,Translation
RPLP1,Translation
RPLP2,Translation
RPN1,Nuc acid bind
RPP14,RNA processing
RPP14,Nuc acid bind
RPP21,RNA processing
RPP21,Nuc acid bind
RPP25,RNA processing
RPP25,Nuc acid bind
RPP25L,Nuc acid bind
RPP30,RNA processing
RPP30,Nuc acid bind
RPP38,RNA processing
RPP38,Nuc acid bind
RPP40,RNA processing
RPP40,Nuc acid bind
RPRD1B,Transcription
RPS10,Nuc acid bind
RPS10,Translation
RPS10P5,Nuc acid bind
RPS10P5,Translation
RPS11,Nuc acid bind
RPS11,Translation
RPS12,Nuc acid bind
RPS12,Translation
RPS13,Nuc acid bind
RPS13,Translation
RPS14,Transcription
RPS14,Nuc acid bind
RPS14,Translation
RPS15,Nuc acid bind
RPS15,Translation
RPS15A,Nuc acid bind
RPS15A,Translation
RPS16,Nuc acid bind
RPS16,Translation
RPS17,Nuc acid bind
RPS17,Translation
RPS18,Nuc acid bind
RPS18,Translation
RPS19,Nuc acid bind
RPS19,Translation
RPS19BP1,Nuc acid bind
RPS2,Nuc acid bind
RPS2,Translation
RPS20,Nuc acid bind
RPS20,Translation
RPS21,Nuc acid bind
RPS21,Translation
RPS23,Nuc acid bind
RPS23,Translation
RPS24,Nuc acid bind
RPS24,Translation
RPS25,Nuc acid bind
RPS25,Translation
RPS26,Nuc acid bind
RPS26,Translation
RPS26P11,Translation
RPS27,Nuc acid bind
RPS27,Translation
RPS27A,Ubiquitin
RPS27A,Nuc acid bind
RPS27A,Translation
RPS27L,Nuc acid bind
RPS27L,Translation
RPS28,Nuc acid bind
RPS28,Translation
RPS29,Translation
RPS3,Transcription
RPS3,Cell cycle
RPS3,DNA repair
RPS3,Nuc acid bind
RPS3,Apoptosis
RPS3,Translation
RPS3A,Nuc acid bind
RPS3A,Translation
RPS4X,Nuc acid bind
RPS4X,Translation
RPS4Y1,Nuc acid bind
RPS4Y1,Translation
RPS4Y2,Nuc acid bind
RPS4Y2,Translation
RPS5,Nuc acid bind
RPS5,Translation
RPS6,Nuc acid bind
RPS6,Apoptosis
RPS6,Translation
RPS6KA1,Transcription
RPS6KA1,Kinase
RPS6KA1,Signaling
RPS6KA2,Kinase
RPS6KA2,Signaling
RPS6KA2,Apoptosis
RPS6KA3,Transcription
RPS6KA3,Kinase
RPS6KA3,Signaling
RPS6KA4,Chromatin
RPS6KA4,Transcription
RPS6KA4,Kinase
RPS6KA4,Signaling
RPS6KA4,Immune
RPS6KA5,Chromatin
RPS6KA5,Transcription
RPS6KA5,Kinase
RPS6KA5,Signaling
RPS6KA5,Immune
RPS6KA6,Kinase
RPS6KA6,Signaling
RPS6KB1,Kinase
RPS6KB1,Signaling
RPS6KB1,Apoptosis
RPS6KB2,Kinase
RPS6KB2,Signaling
RPS6KB2,Translation
RPS6KC1,Kinase
RPS6KC1,Signaling
RPS6KL1,Kinase
RPS7,Nuc acid bind
RPS7,Translation
RPS8,Nuc acid bind
RPS8,Translation
RPS9,Nuc acid bind
RPS9,Translation
RPSA,Nuc acid bind
RPSA,Cell adhesion
RPSA,Translation
RPSA2,Cell adhesion
RPSA2,Translation
RPTOR,DNA repair
RPUSD1,Nuc acid bind
RPUSD2,RNA processing
RPUSD2,Nuc acid bind
RPUSD3,RNA processing
RPUSD3,Nuc acid bind
RPUSD4,RNA processing
RPUSD4,Nuc acid bind
RRAD,GTPase
RRAGA,Signaling
RRAGA,Apoptosis
RRAGA,GTPase
RRAGB,GTPase
RRAGC,RNA processing
RRAGC,Apoptosis
RRAGC,GTPase
RRAGD,GTPase
RRAS,Signaling
RRAS,GTPase
RRAS2,Signaling
RRAS2,GTPase
RRBP1,Nuc acid bind
RRBP1,Translation
RREB1,Transcription
RRH,Signaling
RRM1,DNA repair
RRM2,DNA repair
RRM2B,DNA repair
RRP1,Transcription
RRP1,Nuc acid bind
RRP12,Nuc acid bind
RRP1B,Transcription
RRP1B,RNA processing
RRP1B,Nuc acid bind
RRP1B,Apoptosis
RRP36,Nuc acid bind
RRP7A,Nuc acid bind
RRP8,Chromatin
RRP8,Nuc acid bind
RRP8,Methylation
RRP9,Nuc acid bind
RRS1,Nuc acid bind
RS1,Cell adhesion
RSAD2,Immune
RSBN1,Chromatin
RSF1,Chromatin
RSF1,Transcription
RSKR,Kinase
RSL1D1,Nuc acid bind
RSL24D1,Translation
RSRC1,RNA processing
RSRC2,Nuc acid bind
RSU1,Signaling
RTCA,RNA processing
RTCA,Nuc acid bind
RTCB,RNA processing
RTCB,Nuc acid bind
RTEL1,DNA repair
RTEL1,Nuc acid bind
RTF1,Chromatin
RTF1,Transcription
RTF1,Nuc acid bind
RTKN,Signaling
RTKN,Apoptosis
RTKN2,Signaling
RTL10,Apoptosis
RTL3,Nuc acid bind
RTL4,Nuc acid bind
RTN3,Transport
RTN3,Apoptosis
RTN4,Nuc acid bind
RTN4,Apoptosis
RTN4R,Signaling
RTN4RL2,Signaling
RTRAF,Transcription
RTRAF,Nuc acid bind
RUNDC3A,GTPase
RUNX1,Transcription
RUNX2,Transcription
RUNX3,Transcription
RUNX3,Kinase
RUSC1,Ubiquitin
RUVBL1,Chromatin
RUVBL1,Transcription
RUVBL1,Cell cycle
RUVBL1,DNA repair
RUVBL2,Chromatin
RUVBL2,Transcription
RUVBL2,DNA repair
RUVBL2,Protein folding
RXFP1,Signaling
RXFP2,Signaling
RXFP3,Signaling
RXFP4,Signaling
RXRA,Transcription
RXRB,Transcription
RXRG,Transcription
RYBP,Chromatin
RYBP,Transcription
RYBP,Nuc acid bind
RYBP,Apoptosis
RYK,Kinase
RYK,Signaling
RYR1,Transport
RYR1,Ion channel
RYR2,Transport
RYR2,Ion channel
RYR3,Transport
RYR3,Ion channel
S100A1,Transcription
S100A1,Signaling
S100A10,Transcription
S100A11,Signaling
S100A12,Immune
S100A14,Apoptosis
S100A16,Nuc acid bind
S100A4,Nuc acid bind
S100A6,Signaling
S100A8,Immune
S100A8,Apoptosis
S100A9,Immune
S100A9,Apoptosis
S100B,Apoptosis
S100B,Cell adhesion
S1PR1,Transcription
S1PR1,Signaling
S1PR1,Cell adhesion
S1PR2,Signaling
S1PR3,Signaling
S1PR3,Immune
S1PR4,Signaling
S1PR5,Signaling
SAC3D1,Cell cycle
SACS,Protein folding
SAE1,Ubiquitin
SAFB,Chromatin
SAFB,Nuc acid bind
SAFB2,Nuc acid bind
SAG,Signaling
SALL1,Transcription
SALL2,Transcription
SALL3,Transcription
SALL4,Transcription
SAMD1,Chromatin
SAMD1,Transcription
SAMD11,Transcription
SAMD15,Signaling
SAMD4A,Nuc acid bind
SAMD4B,Nuc acid bind
SAMD7,Transcription
SAMD9,Immune
SAMHD1,DNA repair
SAMHD1,Nuc acid bind
SAMHD1,Immune
SAMSN1,Nuc acid bind
SAMTOR,Methylation
SAP130,Transcription
SAP18,Transcription
SAP18,RNA processing
SAP18,Nuc acid bind
SAP18,Apoptosis
SAP25,Transcription
SAP30,Transcription
SAP30BP,Transcription
SAP30BP,RNA processing
SAP30L,Transcription
SAPCD2,Cell cycle
SAR1A,Transport
SAR1A,GTPase
SAR1B,Transport
SAR1B,GTPase
SARAF,Ion channel
SARM1,Signaling
SARM1,Immune
SARNP,Nuc acid bind
SARS1,Transcription
SARS1,Translation
SARS2,Nuc acid bind
SARS2,Translation
SART1,RNA processing
SART1,Nuc acid bind
SART3,RNA processing
SART3,Nuc acid bind
SASH1,Ubiquitin
SATB1,Chromatin
SATB1,Transcription
SATB2,Chromatin
SATB2,Transcription
SAV1,Signaling
SAV1,Apoptosis
SBDS,Nuc acid bind
SBF1,Phosphatase
SBK1,Kinase
SBK2,Kinase
SBK3,Kinase
SBNO1,Transcription
SBNO1,Immune
SBNO2,Transcription
SBSPON,Structural
SCAF1,RNA processing
SCAF1,Nuc acid bind
SCAF11,RNA processing
SCAF11,Nuc acid bind
SCAF4,Nuc acid bind
SCAF8,Nuc acid bind
SCAND2P,Transcription
SCAND3,Nuc acid bind
SCAP,Transcription
SCAP,Protein folding
SCAPER,Nuc acid bind
SCARA3,Transport
SCARA5,Ion channel
SCARF1,Cell adhesion
SCARF2,Transport
SCARF2,Cell adhesion
SCART1,Transport
SCFD1,Transport
SCFD2,Transport
SCG2,Signaling
SCG2,Immune
SCG3,Nuc acid bind
SCG5,Protein folding
SCGB1A1,Signaling
SCGB3A1,Signaling
SCIN,Apoptosis
SCMH1,Transcription
SCML2,Transcription
SCN10A,Transport
SCN10A,Ion channel
SCN11A,Transport
SCN11A,Immune
SCN11A,Ion channel
SCN1A,Transport
SCN1A,Ion channel
SCN1B,Ion channel
SCN1B,Cell adhesion
SCN2A,Transport
SCN2A,Ion channel
SCN2B,Ion channel
SCN3A,Transport
SCN3A,Ion channel
SCN3B,Ion channel
SCN4A,Transport
SCN4A,Ion channel
SCN4B,Ion channel
SCN5A,Transport
SCN5A,Ion channel
SCN7A,Transport
SCN7A,Ion channel
SCN8A,Transport
SCN8A,Ion channel
SCN9A,Transport
SCN9A,Ion channel
SCNM1,RNA processing
SCNN1A,Ion channel
SCNN1B,Ion channel
SCNN1D,Ion channel
SCNN1G,Ion channel
SCPEP1,Proteolysis
SCRIB,Apoptosis
SCRN1,Proteolysis
SCRN2,Proteolysis
SCRN3,Proteolysis
SCRT1,Transcription
SCRT2,Transcription
SCTR,Signaling
SCUBE1,Signaling
SCUBE1,Immune
SCUBE2,Signaling
SCUBE3,Signaling
SCX,Transcription
SCYL1,Kinase
SCYL1,Transport
SCYL2,Kinase
SDCBP,Transcription
SDCBP,Signaling
SDCBP2,Signaling
SDE2,Cell cycle
SDE2,Ubiquitin
SDE2,RNA processing
SDE2,Nuc acid bind
SDHAF2,Phosphatase
SDHAF4,Protein folding
SDIM1,Protein folding
SDK1,Cell adhesion
SDK2,Cell adhesion
SDR16C5,Transcription
SEBOX,Transcription
SEC11A,Proteolysis
SEC11B,Proteolysis
SEC11C,Proteolysis
SEC13,Transport
SEC13,Structural
SEC14L1,Immune
SEC16A,Transport
SEC16B,Transport
SEC22A,Transport
SEC22B,Transport
SEC22C,Transport
SEC23A,Transport
SEC23B,Transport
SEC23IP,Nuc acid bind
SEC24A,Transport
SEC24B,Transport
SEC24C,Transport
SEC24D,Transport
SEC31A,Transport
SEC31A,Structural
SEC31B,Transport
SEC31B,Structural
SEC61B,Nuc acid bind
SEC63,Nuc acid bind
SECISBP2,Nuc acid bind
SECISBP2,Translation
SECISBP2L,Nuc acid bind
SECTM1,Signaling
SECTM1,Immune
SEH1L,Cell cycle
SEH1L,Structural
SELE,Immune
SELE,Cell adhesion
SELENOH,Nuc acid bind
SELENOK,Ion channel
SELL,Cell adhesion
SELP,Cell adhesion
SELPLG,Signaling
SELPLG,Cell adhesion
SEMA3C,Immune
SEMA3F,Signaling
SEMA4D,Transcription
SEMA4D,Immune
SEMA4D,Cell adhesion
SEMA5A,Cell adhesion
SEMA6A,Signaling
SEMA6A,Apoptosis
SEMA6A,Cytoskeleton
SEMA7A,Immune
SENP1,Transcription
SENP1,Proteolysis
SENP2,Proteolysis
SENP3,Proteolysis
SENP5,Cell cycle
SENP5,Proteolysis
SENP6,Proteolysis
SENP7,Proteolysis
SENP7,Immune
SENP8,Proteolysis
SEPSECS,Nuc acid bind
SEPSECS,Translation
SEPTIN1,Cell cycle
SEPTIN1,GTPase
SEPTIN10,Cell cycle
SEPTIN10,GTPase
SEPTIN11,Cell cycle
SEPTIN11,GTPase
SEPTIN12,Cell cycle
SEPTIN12,GTPase
SEPTIN14,Cell cycle
SEPTIN14,GTPase
SEPTIN2,Cell cycle
SEPTIN2,Cytoskeleton
SEPTIN2,GTPase
SEPTIN3,Cell cycle
SEPTIN3,Cytoskeleton
SEPTIN3,GTPase
SEPTIN4,Cell cycle
SEPTIN4,Structural
SEPTIN4,Apoptosis
SEPTIN4,GTPase
SEPTIN5,Cell cycle
SEPTIN5,Structural
SEPTIN5,GTPase
SEPTIN6,Cell cycle
SEPTIN6,Cytoskeleton
SEPTIN6,GTPase
SEPTIN7,Cell cycle
SEPTIN7,Structural
SEPTIN7,Cytoskeleton
SEPTIN7,GTPase
SEPTIN8,GTPase
SEPTIN9,Cell cycle
SEPTIN9,Cytoskeleton
SEPTIN9,GTPase
SERBP1,Nuc acid bind
SERGEF,Signaling
SERINC3,Immune
SERINC5,Immune
SERPINA3,Immune
SERPINB9,Immune
SERPINF2,Transcription
SERPINH1,Nuc acid bind
SERPINH1,Protein folding
SERTAD3,Transcription
SETBP1,Chromatin
SETBP1,Transcription
SETD1A,Chromatin
SETD1A,DNA repair
SETD1A,Nuc acid bind
SETD1A,Methylation
SETD1B,Chromatin
SETD1B,Nuc acid bind
SETD1B,Methylation
SETD2,Chromatin
SETD2,Transcription
SETD2,DNA repair
SETD2,Immune
SETD2,Methylation
SETD3,Chromatin
SETD3,Transcription
SETD3,Methylation
SETD4,Chromatin
SETD4,Transcription
SETD4,Immune
SETD4,Methylation
SETD5,Chromatin
SETD5,Transcription
SETD5,Methylation
SETD6,Methylation
SETD7,Chromatin
SETD7,Transcription
SETD7,DNA repair
SETD7,Methylation
SETD9,Methylation
SETDB1,Chromatin
SETDB1,Methylation
SETDB2,Chromatin
SETDB2,Cell cycle
SETDB2,Methylation
SETMAR,Chromatin
SETMAR,DNA repair
SETMAR,Nuc acid bind
SETMAR,Methylation
SETSIP,Transcription
SETX,Transcription
SETX,RNA processing
SETX,DNA repair
SETX,Nuc acid bind
SF1,RNA processing
SF1,Nuc acid bind
SF3A1,RNA processing
SF3A1,Nuc acid bind
SF3A2,RNA processing
SF3A2,Nuc acid bind
SF3A3,RNA processing
SF3A3,Nuc acid bind
SF3B1,Chromatin
SF3B1,Transcription
SF3B1,RNA processing
SF3B1,Nuc acid bind
SF3B2,RNA processing
SF3B2,Nuc acid bind
SF3B3,RNA processing
SF3B3,Nuc acid bind
SF3B4,RNA processing
SF3B4,Nuc acid bind
SF3B5,RNA processing
SF3B5,Nuc acid bind
SF3B6,RNA processing
SF3B6,Nuc acid bind
SFMBT1,Chromatin
SFMBT1,Transcription
SFMBT2,Transcription
SFN,Signaling
SFPQ,Chromatin
SFPQ,Transcription
SFPQ,RNA processing
SFPQ,DNA repair
SFPQ,Nuc acid bind
SFPQ,Immune
SFR1,DNA repair
SFRP1,Apoptosis
SFRP2,Transcription
SFRP2,Apoptosis
SFRP4,Transcription
SFRP4,Apoptosis
SFRP5,Transcription
SFRP5,Signaling
SFRP5,Apoptosis
SFSWAP,RNA processing
SFSWAP,Nuc acid bind
SFT2D1,Transport
SFT2D2,Transport
SFT2D3,Transport
SFTPD,Immune
SFXN1,Transport
SFXN1,Ion channel
SFXN2,Transport
SFXN2,Ion channel
SFXN3,Transport
SFXN3,Ion channel
SFXN4,Transport
SFXN4,Ion channel
SFXN5,Transport
SFXN5,Ion channel
SGF29,Chromatin
SGF29,Transcription
SGK1,Kinase
SGK1,Signaling
SGK1,Apoptosis
SGK2,Kinase
SGK2,Signaling
SGK3,Kinase
SGK3,Signaling
SGMS1,Apoptosis
SGO1,Cell cycle
SGO2,Cell cycle
SGPL1,Apoptosis
SH2B1,Signaling
SH2B2,Signaling
SH2B3,Signaling
SH2D1A,Immune
SH2D1B,Immune
SH2D2A,Signaling
SH2D3A,GTPase
SH2D3C,GTPase
SH2D6,Signaling
SH3BGRL3,Cytoskeleton
SH3BP1,Signaling
SH3BP2,Signaling
SH3BP5,Signaling
SH3BP5L,Signaling
SH3D19,Cytoskeleton
SH3GL1,Signaling
SH3GL2,Signaling
SH3GL3,Signaling
SH3GLB1,Apoptosis
SH3KBP1,Apoptosis
SH3RF1,Ubiquitin
SH3RF2,Ubiquitin
SH3RF3,Ubiquitin
SHARPIN,Ubiquitin
SHB,Signaling
SHB,Apoptosis
SHC1,Signaling
SHC2,Signaling
SHC3,Signaling
SHC4,Signaling
SHF,Signaling
SHF,Apoptosis
SHFL,Nuc acid bind
SHFL,Immune
SHH,Transcription
SHH,Proteolysis
SHISA5,Apoptosis
SHLD1,DNA repair
SHLD2,DNA repair
SHLD3,DNA repair
SHOC2,Signaling
SHOX,Transcription
SHOX2,Transcription
SHPK,Kinase
SHPRH,Ubiquitin
SHPRH,DNA repair
SHQ1,Protein folding
SIAH1,Ubiquitin
SIAH1,Apoptosis
SIAH2,Ubiquitin
SIAH2,Apoptosis
SIAH2,GTPase
SIDT1,Nuc acid bind
SIDT2,Nuc acid bind
SIGIRR,Signaling
SIGLEC1,Immune
SIGLEC1,Cell adhesion
SIGLEC10,Immune
SIGLEC10,Cell adhesion
SIGLEC11,Cell adhesion
SIGLEC12,Cell adhesion
SIGLEC14,Cell adhesion
SIGLEC16,Cell adhesion
SIGLEC5,Cell adhesion
SIGLEC6,Cell adhesion
SIGLEC7,Cell adhesion
SIGLEC8,Signaling
SIGLEC8,Cell adhesion
SIGLEC9,Signaling
SIGLEC9,Cell adhesion
SIK1,Transcription
SIK1,Kinase
SIK1,Signaling
SIK2,Kinase
SIK2,Signaling
SIK3,Kinase
SIK3,Signaling
SIK3,Cytoskeleton
SIL1,Protein folding
SIM1,Transcription
SIM2,Transcription
SIN3A,Transcription
SIN3A,Nuc acid bind
SIN3B,Transcription
SINHCAF,Transcription
SIPA1,Signaling
SIPA1,Cytoskeleton
SIPA1L3,Cytoskeleton
SIRPA,Cell adhesion
SIRPB1,Signaling
SIRPG,Signaling
SIRPG,Cell adhesion
SIRT1,Chromatin
SIRT1,Transcription
SIRT1,Ubiquitin
SIRT1,DNA repair
SIRT1,Apoptosis
SIRT2,Transcription
SIRT2,Cell cycle
SIRT2,Immune
SIRT3,Chromatin
SIRT4,Chromatin
SIRT4,DNA repair
SIRT5,Chromatin
SIRT6,Chromatin
SIRT6,Transcription
SIRT6,DNA repair
SIRT6,Nuc acid bind
SIRT7,Chromatin
SIRT7,Transcription
SIRT7,DNA repair
SIT1,Signaling
SIVA1,Apoptosis
SIX1,Transcription
SIX1,Apoptosis
SIX2,Transcription
SIX3,Transcription
SIX4,Transcription
SIX5,Transcription
SIX6,Transcription
SKA1,Cell cycle
SKA2,Cell cycle
SKA3,Cell cycle
SKAP1,Transcription
SKAP2,Signaling
SKI,Transcription
SKIC2,Nuc acid bind
SKIDA1,Transcription
SKIL,Transcription
SKOR1,Transcription
SKOR2,Transcription
SKP1,Chromatin
SKP1,Transcription
SKP1,Ubiquitin
SKP2,Ubiquitin
SKP2,Immune
SLA,Signaling
SLA2,Transcription
SLAMF1,Immune
SLAMF1,Cell adhesion
SLAMF6,Immune
SLAMF7,Immune
SLAMF7,Cell adhesion
SLAMF8,Immune
SLAMF9,Immune
SLBP,RNA processing
SLBP,Nuc acid bind
SLC10A1,Transport
SLC10A1,Ion channel
SLC10A2,Transport
SLC10A2,Ion channel
SLC10A3,Transport
SLC10A4,Transport
SLC10A4,Ion channel
SLC10A5,Transport
SLC10A5,Ion channel
SLC10A6,Transport
SLC10A6,Ion channel
SLC10A7,Transport
SLC10A7,Ion channel
SLC11A1,Transcription
SLC11A1,Immune
SLC11A1,Ion channel
SLC11A2,Ion channel
SLC12A1,Transport
SLC12A1,Ion channel
SLC12A2,Transport
SLC12A2,Ion channel
SLC12A3,Transport
SLC12A3,Ion channel
SLC12A4,Transport
SLC12A4,Ion channel
SLC12A5,Transport
SLC12A5,Ion channel
SLC12A6,Transport
SLC12A6,Ion channel
SLC12A7,Transport
SLC12A7,Ion channel
SLC12A8,Transport
SLC12A8,Ion channel
SLC12A9,Transport
SLC12A9,Ion channel
SLC13A1,Transport
SLC13A1,Ion channel
SLC13A2,Transport
SLC13A2,Ion channel
SLC13A3,Transport
SLC13A3,Ion channel
SLC13A4,Transport
SLC13A4,Ion channel
SLC13A5,Transport
SLC13A5,Ion channel
SLC15A1,Transport
SLC15A2,Transport
SLC15A2,Immune
SLC15A3,Transport
SLC15A3,Immune
SLC15A4,Transport
SLC15A4,Immune
SLC15A5,Transport
SLC16A1,Transport
SLC16A10,Transport
SLC16A11,Transport
SLC16A12,Transport
SLC16A13,Transport
SLC16A14,Transport
SLC16A2,Transport
SLC16A3,Nuc acid bind
SLC16A3,Transport
SLC16A4,Transport
SLC16A5,Transport
SLC16A6,Transport
SLC16A7,Transport
SLC16A8,Transport
SLC16A9,Transport
SLC17A1,Transport
SLC17A1,Ion channel
SLC17A2,Transport
SLC17A2,Ion channel
SLC17A3,Transport
SLC17A3,Ion channel
SLC17A4,Transport
SLC17A4,Ion channel
SLC17A5,Transport
SLC17A6,Transport
SLC17A6,Ion channel
SLC17A7,Transport
SLC17A7,Ion channel
SLC17A8,Transport
SLC17A8,Ion channel
SLC17A9,Transport
SLC18A1,Transport
SLC18A2,Transport
SLC18A3,Transport
SLC18B1,Transport
SLC20A2,Ion channel
SLC22A1,Transport
SLC22A1,Ion channel
SLC22A10,Transport
SLC22A11,Transport
SLC22A11,Ion channel
SLC22A12,Transport
SLC22A12,Ion channel
SLC22A13,Transport
SLC22A14,Transport
SLC22A15,Transport
SLC22A15,Ion channel
SLC22A16,Transport
SLC22A16,Ion channel
SLC22A17,Transport
SLC22A17,Ion channel
SLC22A2,Transport
SLC22A2,Ion channel
SLC22A20P,Transport
SLC22A20P,Ion channel
SLC22A23,Transport
SLC22A23,Ion channel
SLC22A24,Transport
SLC22A24,Ion channel
SLC22A25,Transport
SLC22A3,Transport
SLC22A3,Ion channel
SLC22A31,Transport
SLC22A31,Ion channel
SLC22A4,Transport
SLC22A4,Ion channel
SLC22A5,Transport
SLC22A5,Ion channel
SLC22A6,Transport
SLC22A7,Transport
SLC22A7,Ion channel
SLC22A8,Transport
SLC22A8,Ion channel
SLC22A9,Transport
SLC23A1,Transport
SLC23A1,Ion channel
SLC23A2,Transport
SLC23A2,Ion channel
SLC23A2,Cell adhesion
SLC23A3,Transport
SLC24A1,Transport
SLC24A1,Ion channel
SLC24A2,Transport
SLC24A2,Ion channel
SLC24A3,Transport
SLC24A3,Ion channel
SLC24A4,Transport
SLC24A4,Ion channel
SLC24A5,Transport
SLC24A5,Ion channel
SLC25A1,Transport
SLC25A10,Transport
SLC25A11,Nuc acid bind
SLC25A11,Transport
SLC25A12,Transport
SLC25A13,Transport
SLC25A14,Transport
SLC25A16,Transport
SLC25A17,Transport
SLC25A18,Transport
SLC25A19,Transport
SLC25A21,Transport
SLC25A22,Transport
SLC25A23,Transport
SLC25A24,Transport
SLC25A25,Transport
SLC25A27,Transport
SLC25A28,Ion channel
SLC25A29,Transport
SLC25A30,Transport
SLC25A31,Transport
SLC25A32,Transport
SLC25A36,Transport
SLC25A37,Ion channel
SLC25A4,Transport
SLC25A40,Transport
SLC25A41,Transport
SLC25A42,Transport
SLC25A43,Transport
SLC25A44,Transport
SLC25A45,Transport
SLC25A47,Transport
SLC25A48,Transport
SLC25A5,Nuc acid bind
SLC25A5,Transport
SLC25A6,Transport
SLC25A6,Apoptosis
SLC26A1,Transport
SLC26A1,Ion channel
SLC26A10P,Transport
SLC26A11,Transport
SLC26A11,Ion channel
SLC26A2,Transport
SLC26A3,Transport
SLC26A4,Transport
SLC26A5,Transport
SLC26A6,Transport
SLC26A6,Ion channel
SLC26A7,Transport
SLC26A7,Ion channel
SLC26A8,Transport
SLC26A8,Ion channel
SLC26A9,Transport
SLC27A4,Apoptosis
SLC29A4,Transport
SLC2A1,Transport
SLC2A10,Transport
SLC2A11,Transport
SLC2A12,Transport
SLC2A13,Transport
SLC2A14,Transport
SLC2A2,Transport
SLC2A3,Transport
SLC2A4,Transport
SLC2A4RG,Transcription
SLC2A5,Transport
SLC2A6,Transport
SLC2A7,Transport
SLC2A8,Transport
SLC2A9,Transport
SLC30A1,Transport
SLC30A1,Ion channel
SLC30A10,Transport
SLC30A10,Ion channel
SLC30A2,Transport
SLC30A2,Ion channel
SLC30A3,Transport
SLC30A3,Ion channel
SLC30A4,Transport
SLC30A4,Ion channel
SLC30A5,Transport
SLC30A5,Ion channel
SLC30A6,Transport
SLC30A6,Ion channel
SLC30A7,Transport
SLC30A7,Ion channel
SLC30A8,Transport
SLC30A8,Ion channel
SLC30A9,Transport
SLC30A9,Ion channel
SLC31A1,Ion channel
SLC31A2,Ion channel
SLC33A1,Transport
SLC33A2,Transport
SLC34A1,Ion channel
SLC34A2,Ion channel
SLC34A3,Ion channel
SLC35A3,Transport
SLC35A4,Transport
SLC35A5,Transport
SLC35B1,Transport
SLC35B2,Transport
SLC35B3,Transport
SLC35B4,Transport
SLC35D3,Transport
SLC35E1,Transport
SLC35E2A,Transport
SLC35E2B,Transport
SLC35E3,Transport
SLC35E4,Transport
SLC35F1,Transport
SLC35F2,Transport
SLC35F6,Transport
SLC37A1,Transport
SLC37A2,Transport
SLC37A3,Transport
SLC37A4,Transport
SLC38A1,Ion channel
SLC38A11,Ion channel
SLC38A12,Ion channel
SLC38A2,Ion channel
SLC38A3,Ion channel
SLC38A4,Ion channel
SLC38A7,Ion channel
SLC39A1,Transport
SLC39A1,Ion channel
SLC39A10,Transport
SLC39A10,Ion channel
SLC39A11,Transport
SLC39A11,Ion channel
SLC39A12,Transport
SLC39A12,Ion channel
SLC39A13,Transport
SLC39A13,Ion channel
SLC39A14,Transport
SLC39A14,Ion channel
SLC39A2,Transport
SLC39A2,Ion channel
SLC39A3,Transport
SLC39A3,Ion channel
SLC39A4,Transport
SLC39A4,Ion channel
SLC39A5,Transport
SLC39A5,Ion channel
SLC39A6,Transport
SLC39A6,Ion channel
SLC39A7,Transport
SLC39A7,Ion channel
SLC39A8,Transcription
SLC39A8,Transport
SLC39A8,Ion channel
SLC39A9,Transport
SLC39A9,Ion channel
SLC3A2,Nuc acid bind
SLC3A2,Ion channel
SLC40A1,Transport
SLC40A1,Ion channel
SLC41A1,Ion channel
SLC41A2,Ion channel
SLC41A3,Ion channel
SLC43A1,Transport
SLC43A2,Transport
SLC44A1,Transport
SLC44A2,Transport
SLC44A3,Transport
SLC44A4,Transport
SLC44A5,Transport
SLC45A1,Transport
SLC45A2,Transport
SLC45A3,Transport
SLC45A4,Transport
SLC46A1,Transport
SLC46A2,Transport
SLC46A2,Immune
SLC46A3,Transport
SLC47A1,Transport
SLC47A2,Transport
SLC49A3,Transport
SLC49A4,Transport
SLC4A1,Transport
SLC4A1,Ion channel
SLC4A10,Transport
SLC4A10,Ion channel
SLC4A11,Transport
SLC4A11,Ion channel
SLC4A2,Transport
SLC4A2,Ion channel
SLC4A3,Transport
SLC4A3,Ion channel
SLC4A4,Transport
SLC4A4,Ion channel
SLC4A5,Transport
SLC4A5,Ion channel
SLC4A7,Transport
SLC4A7,Ion channel
SLC4A8,Transport
SLC4A8,Ion channel
SLC4A9,Transport
SLC4A9,Ion channel
SLC51A,Transport
SLC51B,Transport
SLC5A1,Transport
SLC5A1,Ion channel
SLC5A10,Transport
SLC5A10,Ion channel
SLC5A11,Transport
SLC5A11,Apoptosis
SLC5A11,Ion channel
SLC5A12,Transport
SLC5A12,Ion channel
SLC5A2,Transport
SLC5A2,Ion channel
SLC5A3,Transport
SLC5A3,Ion channel
SLC5A4,Transport
SLC5A4,Ion channel
SLC5A5,Transport
SLC5A5,Ion channel
SLC5A6,Transport
SLC5A6,Ion channel
SLC5A7,Transport
SLC5A7,Ion channel
SLC5A8,Transport
SLC5A8,Apoptosis
SLC5A8,Ion channel
SLC5A9,Transport
SLC5A9,Ion channel
SLC60A1,Transport
SLC60A2,Transport
SLC60A2,Ion channel
SLC61A1,Ion channel
SLC66A1,Transport
SLC67A1,Transport
SLC67A2,Transport
SLC6A15,Ion channel
SLC6A17,Ion channel
SLC6A8,Ion channel
SLC71A1,Transport
SLC71A2,Transport
SLC71A3P,Transport
SLC75A1,Transport
SLC75A1,Apoptosis
SLC7A1,Transport
SLC7A10,Transport
SLC7A11,Transport
SLC7A13,Transport
SLC7A14,Transport
SLC7A2,Transport
SLC7A3,Transport
SLC7A4,Transport
SLC7A5,Transport
SLC7A5P1,Transport
SLC7A5P2,Transport
SLC7A6,Transport
SLC7A7,Transport
SLC7A8,Transport
SLC7A9,Transport
SLC8A1,Transport
SLC8A1,Ion channel
SLC8A2,Transport
SLC8A2,Ion channel
SLC8A3,Transport
SLC8A3,Ion channel
SLC8B1,Transport
SLC8B1,Ion channel
SLC9A1,Transcription
SLC9A1,Transport
SLC9A1,Apoptosis
SLC9A1,Ion channel
SLC9A2,Transport
SLC9A2,Ion channel
SLC9A3,Transport
SLC9A3,Ion channel
SLC9A4,Transport
SLC9A4,Ion channel
SLC9A5,Transport
SLC9A5,Ion channel
SLC9A6,Transport
SLC9A6,Ion channel
SLC9A7,Transport
SLC9A7,Ion channel
SLC9A8,Transport
SLC9A8,Ion channel
SLC9A9,Transport
SLC9A9,Ion channel
SLC9B1,Transport
SLC9B1,Ion channel
SLC9B1P1,Transport
SLC9B1P1,Ion channel
SLC9B2,Transport
SLC9B2,Ion channel
SLC9C1,Transport
SLC9C1,Ion channel
SLC9C2,Transport
SLC9C2,Ion channel
SLC9D1,Transport
SLC9D1,Ion channel
SLCO1A2,Transport
SLCO1A2,Ion channel
SLCO1B1,Transport
SLCO1B1,Ion channel
SLCO1B3,Transport
SLCO1B3,Ion channel
SLCO1B3-SLCO1B7,Transport
SLCO1B7,Transport
SLCO1C1,Transport
SLCO1C1,Ion channel
SLCO2A1,Transport
SLCO2B1,Transport
SLCO2B1,Ion channel
SLCO3A1,Transport
SLCO3A1,Ion channel
SLCO4A1,Transport
SLCO4A1,Ion channel
SLCO4C1,Transport
SLCO4C1,Ion channel
SLCO5A1,Transport
SLCO6A1,Transport
SLF1,DNA repair
SLF2,DNA repair
SLFN11,Chromatin
SLFN11,DNA repair
SLFN11,Nuc acid bind
SLIRP,Nuc acid bind
SLIT2,Apoptosis
SLK,Kinase
SLK,Signaling
SLK,Apoptosis
SLN,Ion channel
SLPI,Immune
SLTM,Nuc acid bind
SLTM,Apoptosis
SLU7,RNA processing
SLURP1,Cell adhesion
SLX1A,DNA repair
SLX4,DNA repair
SMAD1,Transcription
SMAD1,Signaling
SMAD1,Immune
SMAD2,Transcription
SMAD2,Signaling
SMAD3,Transcription
SMAD3,Immune
SMAD4,Transcription
SMAD4,Signaling
SMAD5,Transcription
SMAD5,Signaling
SMAD5-AS1,Signaling
SMAD6,Transcription
SMAD6,Immune
SMAD7,Transcription
SMAD9,Transcription
SMARCA1,Chromatin
SMARCA1,Transcription
SMARCA2,Chromatin
SMARCA2,Transcription
SMARCA4,Chromatin
SMARCA4,Transcription
SMARCA4,Nuc acid bind
SMARCA5,Chromatin
SMARCA5,Transcription
SMARCA5,DNA repair
SMARCAD1,Chromatin
SMARCAD1,Transcription
SMARCAD1,DNA repair
SMARCAL1,Transcription
SMARCAL1,DNA repair
SMARCB1,Chromatin
SMARCB1,Transcription
SMARCC1,Chromatin
SMARCC1,Transcription
SMARCC2,Chromatin
SMARCC2,Transcription
SMARCD1,Chromatin
SMARCD1,Transcription
SMARCD2,Chromatin
SMARCD2,Transcription
SMARCD3,Chromatin
SMARCD3,Transcription
SMARCE1,Chromatin
SMARCE1,Transcription
SMARCE1,Nuc acid bind
SMC1A,Cell cycle
SMC1A,DNA repair
SMC1A,Nuc acid bind
SMC2,Cell cycle
SMC3,Cell cycle
SMC3,DNA repair
SMC4,Cell cycle
SMC5,Cell cycle
SMC5,DNA repair
SMC6,DNA repair
SMCHD1,Chromatin
SMCHD1,DNA repair
SMDT1,Ion channel
SMG1,Kinase
SMG1,DNA repair
SMG1,Nuc acid bind
SMG6,Nuc acid bind
SMIM30,Immune
SMN1,RNA processing
SMN1,Nuc acid bind
SMNDC1,RNA processing
SMNDC1,Nuc acid bind
SMNDC1,Apoptosis
SMO,Transcription
SMO,Signaling
SMPD1,Signaling
SMPD1,Apoptosis
SMPD2,Signaling
SMPDL3B,Immune
SMU1,RNA processing
SMUG1,DNA repair
SMURF1,Ubiquitin
SMURF2,Transcription
SMURF2,Ubiquitin
SMYD1,Chromatin
SMYD1,Methylation
SMYD2,Chromatin
SMYD2,Transcription
SMYD2,Methylation
SMYD3,Chromatin
SMYD3,Methylation
SMYD4,Methylation
SMYD5,Methylation
SNAI1,Transcription
SNAI2,Transcription
SNAI3,Transcription
SNCA,Transcription
SNCA,Apoptosis
SND1,Nuc acid bind
SNF8,Transcription
SNHG28,Nuc acid bind
SNIP1,RNA processing
SNIP1,Nuc acid bind
SNRK,Kinase
SNRNP200,RNA processing
SNRNP200,Nuc acid bind
SNRNP25,RNA processing
SNRNP27,RNA processing
SNRNP27,Nuc acid bind
SNRNP35,RNA processing
SNRNP35,Nuc acid bind
SNRNP40,RNA processing
SNRNP40,Nuc acid bind
SNRNP48,RNA processing
SNRNP70,RNA processing
SNRNP70,Nuc acid bind
SNRPA,RNA processing
SNRPA,Nuc acid bind
SNRPA1,RNA processing
SNRPA1,Nuc acid bind
SNRPB,RNA processing
SNRPB,Nuc acid bind
SNRPB2,RNA processing
SNRPB2,Nuc acid bind
SNRPC,Nuc acid bind
SNRPD1,RNA processing
SNRPD1,Nuc acid bind
SNRPD2,RNA processing
SNRPD2,Nuc acid bind
SNRPD3,RNA processing
SNRPD3,Nuc acid bind
SNRPE,RNA processing
SNRPE,Nuc acid bind
SNRPF,RNA processing
SNRPF,Nuc acid bind
SNRPG,RNA processing
SNRPG,Nuc acid bind
SNRPGP15,RNA processing
SNRPGP15,Nuc acid bind
SNRPN,RNA processing
SNRPN,Nuc acid bind
SNTA1,Structural
SNTB1,Structural
SNTB2,Nuc acid bind
SNTB2,Structural
SNTG1,Structural
SNTG2,Structural
SNU13,RNA processing
SNU13,Nuc acid bind
SNUPN,Nuc acid bind
SNUPN,Cytoskeleton
SNW1,Transcription
SNW1,RNA processing
SNW1,Nuc acid bind
SNX17,Signaling
SNX17,Transport
SNX18,Cell cycle
SNX27,Signaling
SNX33,Cell cycle
SNX9,Cell cycle
SOCS1,Ubiquitin
SOCS1,Signaling
SOCS2,Ubiquitin
SOCS2,Signaling
SOCS3,Ubiquitin
SOCS3,Signaling
SOCS4,Ubiquitin
SOCS4,Signaling
SOCS5,Ubiquitin
SOCS5,Signaling
SOCS6,Ubiquitin
SOCS6,Signaling
SOCS7,Ubiquitin
SOCS7,Signaling
SOD1,Apoptosis
SOD2,Transcription
SOHLH1,Transcription
SOHLH2,Transcription
SON,RNA processing
SON,Nuc acid bind
SON,Cytoskeleton
SORBS1,Cytoskeleton
SORBS2,Nuc acid bind
SORBS2,Structural
SORBS2,Cytoskeleton
SORBS3,Structural
SORBS3,Cell adhesion
SORBS3,Cytoskeleton
SOS1,Transcription
SOS1,Signaling
SOS1,GTPase
SOS2,GTPase
SOX1,Chromatin
SOX1,Transcription
SOX10,Transcription
SOX11,Transcription
SOX12,Transcription
SOX13,Transcription
SOX14,Transcription
SOX15,Chromatin
SOX15,Transcription
SOX17,Transcription
SOX18,Transcription
SOX2,Chromatin
SOX2,Transcription
SOX21,Transcription
SOX3,Transcription
SOX30,Transcription
SOX4,Transcription
SOX4,Apoptosis
SOX5,Transcription
SOX6,Transcription
SOX7,Transcription
SOX8,Transcription
SOX8,Signaling
SOX9,Chromatin
SOX9,Transcription
SOX9,Signaling
SP1,Transcription
SP100,Transcription
SP100,Immune
SP110,Transcription
SP140,Transcription
SP140L,Transcription
SP2,Transcription
SP2,Immune
SP3,Transcription
SP4,Transcription
SP5,Transcription
SP6,Transcription
SP7,Transcription
SP8,Transcription
SP9,Transcription
SPACA4,Cell adhesion
SPAG4,Structural
SPAG5,Cell cycle
SPAG7,Nuc acid bind
SPAG8,Transcription
SPAG9,Transport
SPAM1,Cell adhesion
SPARC,Structural
SPARCL1,Signaling
SPART,Cell cycle
SPAST,Cell cycle
SPATA7,Cytoskeleton
SPATS2,Nuc acid bind
SPATS2L,Nuc acid bind
SPC24,Cell cycle
SPC25,Cell cycle
SPCS1,Proteolysis
SPCS3,Proteolysis
SPDEF,Transcription
SPDEF,Apoptosis
SPDL1,Cell cycle
SPDYA,DNA repair
SPECC1L,Cell cycle
SPECC1L,Cell adhesion
SPEG,Kinase
SPEGNB,Kinase
SPEN,Transcription
SPEN,Nuc acid bind
SPG21,Signaling
SPG7,Proteolysis
SPG7,Protein folding
SPHK1,Signaling
SPHK2,Signaling
SPHK2,Apoptosis
SPI1,Transcription
SPI1,Nuc acid bind
SPIB,Transcription
SPIC,Transcription
SPICE1,Cell cycle
SPIDR,DNA repair
SPIN1,Chromatin
SPIN1,Transcription
SPIN2A,Chromatin
SPIN2A,Transcription
SPIN2B,Chromatin
SPIN2B,Transcription
SPIN2B,Apoptosis
SPIN3,Chromatin
SPIN3,Transcription
SPIN4,Chromatin
SPIN4,Transcription
SPINDOC,DNA repair
SPINK7,Immune
SPIRE1,Transport
SPIRE1,Immune
SPIRE2,Transport
SPN,Signaling
SPN,Immune
SPNS1,Transport
SPNS2,Transport
SPNS3,Transport
SPOCK1,Structural
SPOCK1,Cell adhesion
SPON1,Structural
SPON1,Cell adhesion
SPON2,Immune
SPON2,Cell adhesion
SPOP,Ubiquitin
SPOPL,Ubiquitin
SPOUT1,Cell cycle
SPOUT1,RNA processing
SPOUT1,Nuc acid bind
SPOUT1,Methylation
SPP1,Signaling
SPP1,Cell adhesion
SPPL2A,Proteolysis
SPPL2B,Proteolysis
SPPL2C,Proteolysis
SPPL3,Proteolysis
SPRN,Nuc acid bind
SPRR1A,Structural
SPRR1B,Structural
SPRR2E,Structural
SPRR3,Structural
SPRTN,DNA repair
SPRTN,Proteolysis
SPSB1,Ubiquitin
SPSB2,Ubiquitin
SPSB2,Signaling
SPSB3,Ubiquitin
SPSB4,Ubiquitin
SPSB4,Signaling
SPTA1,Structural
SPTAN1,Structural
SPTB,Structural
SPTBN1,Nuc acid bind
SPTBN1,Transport
SPTBN1,Structural
SPTBN2,Transport
SPTBN2,Structural
SPTBN4,Transport
SPTBN4,Structural
SPTY2D1,Transcription
SPX,Signaling
SPZ1,Transcription
SQSTM1,Transcription
SQSTM1,Signaling
SQSTM1,Apoptosis
SRA1,Transcription
SRA1,Apoptosis
SRBD1,Nuc acid bind
SRBD1,Translation
SRC,Transcription
SRC,Kinase
SRC,Signaling
SRC,Cell adhesion
SRCAP,Chromatin
SRCAP,Transcription
SREBF1,Transcription
SREBF2,Transcription
SREK1,RNA processing
SREK1,Nuc acid bind
SREK1IP1,RNA processing
SREK1IP1,Nuc acid bind
SRF,Transcription
SRFBP1,Nuc acid bind
SRGAP1,Signaling
SRGAP2,Signaling
SRGAP3,Signaling
SRGN,Apoptosis
SRI,Signaling
SRMS,Kinase
SRP14,Nuc acid bind
SRP19,Nuc acid bind
SRP54,Nuc acid bind
SRP54,GTPase
SRP68,Nuc acid bind
SRP72,Nuc acid bind
SRP9,Nuc acid bind
SRPK1,Kinase
SRPK1,Signaling
SRPK1,RNA processing
SRPK1,Nuc acid bind
SRPK1,Immune
SRPK2,Kinase
SRPK2,Signaling
SRPK2,RNA processing
SRPK2,Nuc acid bind
SRPK2,Immune
SRPK3,Kinase
SRPK3,Signaling
SRPRA,Nuc acid bind
SRPRA,GTPase
SRPX,Structural
SRPX,Cell adhesion
SRPX2,Structural
SRPX2,Cell adhesion
SRRM1,RNA processing
SRRM1,Nuc acid bind
SRRM2,RNA processing
SRRM2,Nuc acid bind
SRRM3,RNA processing
SRRM4,RNA processing
SRRM4,Nuc acid bind
SRRT,Transcription
SRRT,Nuc acid bind
SRSF1,RNA processing
SRSF1,Nuc acid bind
SRSF10,Transcription
SRSF10,RNA processing
SRSF10,Nuc acid bind
SRSF10,Protein folding
SRSF11,RNA processing
SRSF11,Nuc acid bind
SRSF12,RNA processing
SRSF12,Nuc acid bind
SRSF12,Protein folding
SRSF2,RNA processing
SRSF2,Nuc acid bind
SRSF3,RNA processing
SRSF3,Nuc acid bind
SRSF4,RNA processing
SRSF4,Nuc acid bind
SRSF5,RNA processing
SRSF5,Nuc acid bind
SRSF6,RNA processing
SRSF6,Nuc acid bind
SRSF7,RNA processing
SRSF7,Nuc acid bind
SRSF8,RNA processing
SRSF8,Nuc acid bind
SRSF9,RNA processing
SRSF9,Nuc acid bind
SRSP,RNA processing
SRY,Transcription
SS18,Chromatin
SS18,Transcription
SS18L1,Chromatin
SS18L1,Transcription
SSB,RNA processing
SSB,Nuc acid bind
SSBP1,Nuc acid bind
SSBP2,Transcription
SSBP3,Transcription
SSBP4,Transcription
SSC4D,Transport
SSC5D,Transport
SSC5D,Immune
SSH1,Phosphatase
SSH2,Phosphatase
SSH3,Phosphatase
SSNA1,Cell cycle
SSNA1,Cytoskeleton
SSPN,Cell adhesion
SSPOP,Structural
SSPOP,Cell adhesion
SSRP1,DNA repair
SSRP1,Nuc acid bind
SST,Signaling
SSTR1,Signaling
SSTR2,Signaling
SSTR3,Signaling
SSTR4,Signaling
SSTR5,Signaling
SSU72,Transcription
SSU72,RNA processing
SSU72,Phosphatase
SSU72L1,Transcription
SSU72L1,RNA processing
SSU72L1,Phosphatase
SSU72L2,Transcription
SSU72L2,RNA processing
SSU72L2,Phosphatase
SSU72L3,Transcription
SSU72L3,RNA processing
SSU72L3,Phosphatase
SSU72L4,Transcription
SSU72L4,RNA processing
SSU72L4,Phosphatase
SSU72L5,Transcription
SSU72L5,RNA processing
SSU72L5,Phosphatase
SSU72L6,Transcription
SSU72L6,RNA processing
SSU72L6,Phosphatase
SSUH2,Protein folding
SSX1,Transcription
SSX2,Transcription
SSX2IP,Cell adhesion
SSX3,Transcription
SSX4,Transcription
SSX5,Transcription
SSX6P,Transcription
SSX7,Transcription
SSX8P,Transcription
SSX9P,Transcription
ST13,Protein folding
ST14,Proteolysis
ST18,Transcription
STAB1,Immune
STAB1,Cell adhesion
STAB2,Cell adhesion
STAC,Signaling
STAG1,Cell cycle
STAG2,Cell cycle
STAM,Signaling
STAM2,Signaling
STAMBP,Proteolysis
STAMBPL1,Proteolysis
STARD13,Signaling
STARD8,Signaling
STAT1,Transcription
STAT1,Signaling
STAT2,Transcription
STAT2,Signaling
STAT3,Transcription
STAT3,Signaling
STAT3,Nuc acid bind
STAT3,Immune
STAT4,Transcription
STAT4,Signaling
STAT4,Immune
STAT5A,Transcription
STAT5A,Signaling
STAT5B,Transcription
STAT5B,Signaling
STAT6,Transcription
STAT6,Signaling
STAU1,Nuc acid bind
STAU2,Nuc acid bind
STBD1,Transport
STC1,Signaling
STC2,Signaling
STEAP2,Ion channel
STEAP3,Apoptosis
STEAP3,Ion channel
STEAP4,Ion channel
STIM1,Ion channel
STIM2,Ion channel
STING1,Transcription
STING1,Immune
STING1,Ion channel
STIP1,Nuc acid bind
STK10,Kinase
STK10,Signaling
STK11,Kinase
STK11,Signaling
STK11,DNA repair
STK11,Apoptosis
STK11,Phosphatase
STK16,Transcription
STK16,Kinase
STK17A,Kinase
STK17A,Signaling
STK17A,Apoptosis
STK17B,Kinase
STK17B,Signaling
STK17B,Apoptosis
STK24,Kinase
STK24,Signaling
STK24,Apoptosis
STK25,Kinase
STK25,Signaling
STK26,Kinase
STK26,Signaling
STK26,Apoptosis
STK3,Kinase
STK3,Signaling
STK3,Apoptosis
STK31,Kinase
STK32A,Kinase
STK32A,Signaling
STK32B,Kinase
STK32B,Signaling
STK32C,Kinase
STK32C,Signaling
STK33,Kinase
STK35,Kinase
STK36,Kinase
STK38,Chromatin
STK38,Kinase
STK38,Signaling
STK38,DNA repair
STK38L,Kinase
STK38L,Signaling
STK39,Kinase
STK39,Signaling
STK39,Immune
STK4,Kinase
STK4,Signaling
STK4,Apoptosis
STK40,Kinase
STKLD1,Kinase
STMN1,Signaling
STMP1,Immune
STN1,Nuc acid bind
STOM,Ion channel
STOX1,Transcription
STOX1,Cell cycle
STOX2,Transcription
STPG1,Apoptosis
STPG4,Chromatin
STRA8,Transcription
STRADA,Kinase
STRADB,Kinase
STRAP,RNA processing
STRAP,Nuc acid bind
STRBP,Nuc acid bind
STRIP1,Cytoskeleton
STRIP2,Cytoskeleton
STUB1,Ubiquitin
STUB1,Signaling
STUB1,DNA repair
STX10,Transport
STX11,Transport
STX12,Transport
STX16,Transport
STX17,Transport
STX18,Transport
STX19,Transport
STX1A,Transport
STX1B,Transport
STX2,Signaling
STX2,Transport
STX2,Structural
STX3,Transport
STX4,Transport
STX5,Transport
STX6,Transport
STX7,Transport
STXBP1,Nuc acid bind
STXBP1,Transport
STXBP2,Transport
STXBP3,Transport
STXBP3,Immune
STXBP4,DNA repair
STYK1,Kinase
STYXL1,Signaling
SUB1,Transcription
SUB1,Nuc acid bind
SUCLG1,Nuc acid bind
SUCNR1,Signaling
SUDS3,Chromatin
SUDS3,Transcription
SUDS3,Apoptosis
SUFU,Transcription
SUFU,Signaling
SUGP1,RNA processing
SUGP1,Nuc acid bind
SUGP2,RNA processing
SUGP2,Nuc acid bind
SULF1,Apoptosis
SULT2B1,Nuc acid bind
SUMO1,Transcription
SUMO1,DNA repair
SUMO1,Nuc acid bind
SUMO2,Nuc acid bind
SUPT16H,DNA repair
SUPT16H,Nuc acid bind
SUPT20H,Transcription
SUPT20HL1,Transcription
SUPT20HL2,Transcription
SUPT3H,Transcription
SUPT4H1,Transcription
SUPT5H,Transcription
SUPT5H,Nuc acid bind
SUPT6H,RNA processing
SUPT6H,Nuc acid bind
SUPV3L1,Nuc acid bind
SURF6,Nuc acid bind
SUSD4,Immune
SUSD5,Cell adhesion
SUSD6,DNA repair
SUV39H1,Chromatin
SUV39H1,Transcription
SUV39H1,DNA repair
SUV39H1,Methylation
SUV39H2,Chromatin
SUV39H2,Transcription
SUV39H2,Methylation
SUZ12,Chromatin
SUZ12,Transcription
SUZ12,Nuc acid bind
SV2A,Transport
SV2B,Transport
SV2C,Transport
SVBP,Proteolysis
SVEP1,Cell adhesion
SVIL,Cytoskeleton
SVOP,Transport
SVOPL,Transport
SWI5,DNA repair
SWSAP1,DNA repair
SYCE1,Cell cycle
SYCE2,Cell cycle
SYCE3,Cell cycle
SYCP1,Cell cycle
SYCP2,Cell cycle
SYCP3,Cell cycle
SYDE1,Signaling
SYDE2,Signaling
SYF2,RNA processing
SYF2,Nuc acid bind
SYK,Transcription
SYK,Kinase
SYK,Signaling
SYK,Immune
SYMPK,RNA processing
SYMPK,Cell adhesion
SYNCRIP,RNA processing
SYNCRIP,Nuc acid bind
SYNE1,Nuc acid bind
SYNE3,Cytoskeleton
SYNJ1,Nuc acid bind
SYNJ2,Nuc acid bind
SYNM,Structural
SYT1,Transport
SYT10,Transport
SYT11,Transport
SYT12,Transport
SYT13,Transport
SYT14P1,Signaling
SYT15,Transport
SYT15B,Transport
SYT17,Transport
SYT2,Transport
SYT3,Transport
SYT4,Transport
SYT5,Transport
SYT6,Transport
SYT7,Transport
SYT8,Transport
SYT9,Transport
SYTL2,Transport
SYVN1,Ubiquitin
SYVN1,Protein folding
TAAR1,Signaling
TAAR2,Signaling
TAAR3P,Signaling
TAAR5,Signaling
TAAR6,Signaling
TAAR8,Signaling
TAAR9,Signaling
TAB1,Signaling
TAB2,Immune
TAC1,Immune
TAC4,Immune
TACC1,Cell cycle
TACC3,Cell cycle
TACR1,Signaling
TACR1,Immune
TACR2,Signaling
TACR3,Signaling
TADA1,Transcription
TADA2A,Chromatin
TADA2A,Transcription
TADA2B,Chromatin
TADA2B,Transcription
TADA3,Transcription
TAF1,Chromatin
TAF1,Transcription
TAF1,Ubiquitin
TAF1,Kinase
TAF1,DNA repair
TAF10,Chromatin
TAF10,Transcription
TAF12,Transcription
TAF15,Transcription
TAF15,Nuc acid bind
TAF1A,Transcription
TAF1B,Transcription
TAF1C,Transcription
TAF1D,Transcription
TAF1L,Chromatin
TAF1L,Transcription
TAF2,Transcription
TAF3,Chromatin
TAF3,Transcription
TAF4,Transcription
TAF5,Transcription
TAF5L,Transcription
TAF6,Transcription
TAF6,Apoptosis
TAF6L,Chromatin
TAF6L,Transcription
TAF7,Chromatin
TAF7,Transcription
TAF9,Chromatin
TAF9,Transcription
TAF9,DNA repair
TAF9B,Transcription
TAFA1,Signaling
TAFA2,Signaling
TAFA3,Signaling
TAFA4,Signaling
TAGAP,Signaling
TAL1,Transcription
TAL2,Transcription
TAMALIN,Signaling
TANK,Signaling
TANK,DNA repair
TAOK1,Kinase
TAOK1,DNA repair
TAOK1,Apoptosis
TAOK1,Cytoskeleton
TAOK2,Kinase
TAOK2,DNA repair
TAOK2,Apoptosis
TAOK3,Kinase
TAOK3,DNA repair
TAP1,Transport
TAP2,Transport
TAPBP,Protein folding
TARBP1,Transcription
TARBP1,RNA processing
TARBP1,Nuc acid bind
TARBP1,Methylation
TARBP2,Nuc acid bind
TARDBP,RNA processing
TARDBP,Nuc acid bind
TARM1,Signaling
TARM1,Immune
TARS1,Nuc acid bind
TARS1,Translation
TARS2,Translation
TARS3,Translation
TAS1R1,Signaling
TAS1R2,Signaling
TAS1R3,Signaling
TAS2R1,Signaling
TAS2R10,Signaling
TAS2R13,Signaling
TAS2R14,Signaling
TAS2R16,Signaling
TAS2R19,Signaling
TAS2R2,Signaling
TAS2R20,Signaling
TAS2R3,Signaling
TAS2R30,Signaling
TAS2R31,Signaling
TAS2R33,Signaling
TAS2R36,Signaling
TAS2R38,Signaling
TAS2R39,Signaling
TAS2R4,Signaling
TAS2R40,Signaling
TAS2R41,Signaling
TAS2R42,Signaling
TAS2R43,Signaling
TAS2R45,Signaling
TAS2R46,Signaling
TAS2R5,Signaling
TAS2R50,Signaling
TAS2R60,Signaling
TAS2R7,Signaling
TAS2R8,Signaling
TAS2R9,Signaling
TASL,Immune
TASOR,Nuc acid bind
TASP1,Proteolysis
TAX1BP1,Immune
TAX1BP1,Apoptosis
TBC1D12,Transport
TBC1D14,Transport
TBC1D20,Transport
TBC1D23,Transport
TBC1D4,Transport
TBC1D8B,Transport
TBCA,Nuc acid bind
TBCA,Protein folding
TBCC,Protein folding
TBCC,GTPase
TBCD,Cytoskeleton
TBCD,Protein folding
TBCE,Cytoskeleton
TBCE,Protein folding
TBCEL,Cytoskeleton
TBCK,Kinase
TBK1,Transcription
TBK1,Kinase
TBK1,Nuc acid bind
TBK1,Immune
TBKBP1,Immune
TBL1X,Transcription
TBL1X,Proteolysis
TBL1XR1,Chromatin
TBL1XR1,Transcription
TBL1Y,Transcription
TBL2,Nuc acid bind
TBL3,Nuc acid bind
TBP,Transcription
TBR1,Chromatin
TBR1,Transcription
TBRG4,Nuc acid bind
TBX1,Transcription
TBX10,Transcription
TBX15,Transcription
TBX18,Transcription
TBX19,Transcription
TBX2,Transcription
TBX2,Apoptosis
TBX20,Transcription
TBX20,Apoptosis
TBX21,Transcription
TBX22,Transcription
TBX3,Transcription
TBX4,Transcription
TBX5,Transcription
TBX6,Transcription
TBXA2R,Signaling
TBXA2R,Immune
TBXT,Transcription
TBXT,Signaling
TCEA1,Nuc acid bind
TCEA2,Nuc acid bind
TCEA3,Nuc acid bind
TCERG1,Transcription
TCERG1,RNA processing
TCERG1,Nuc acid bind
TCF12,Transcription
TCF12,Immune
TCF15,Transcription
TCF20,Transcription
TCF20,Nuc acid bind
TCF21,Transcription
TCF23,Transcription
TCF24,Transcription
TCF3,Transcription
TCF4,Transcription
TCF7,Transcription
TCF7,Immune
TCF7L1,Chromatin
TCF7L1,Transcription
TCF7L2,Transcription
TCFL5,Transcription
TCHP,Apoptosis
TCIM,Transcription
TCIM,Apoptosis
TCIRG1,Ion channel
TCL1A,Signaling
TCL1B,Signaling
TCN1,Ion channel
TCN2,Ion channel
TCOF1,Nuc acid bind
TCP1,Nuc acid bind
TCP1,Protein folding
TCP10L,Transcription
TCP11L1,Signaling
TCP11L2,Signaling
TCTN3,Apoptosis
TDG,Chromatin
TDG,DNA repair
TDG,Nuc acid bind
TDP1,DNA repair
TDP2,Signaling
TDP2,DNA repair
TDRD10,Nuc acid bind
TDRD12,Nuc acid bind
TDRD3,Chromatin
TDRD3,Nuc acid bind
TDRD7,Nuc acid bind
TDRD9,Nuc acid bind
TDRKH,Nuc acid bind
TEAD1,Transcription
TEAD2,Transcription
TEAD3,Transcription
TEAD4,Transcription
TEC,Kinase
TEC,Signaling
TECTA,Structural
TECTB,Structural
TEDC1,Cytoskeleton
TEDC2,Cytoskeleton
TEF,Transcription
TEFM,Nuc acid bind
TEK,Kinase
TEK,Signaling
TENM1,Signaling
TENM1,Immune
TENM2,Transcription
TENM2,Signaling
TENM2,Cell adhesion
TENM3,Signaling
TENM3,Cell adhesion
TENM4,Signaling
TENT2,RNA processing
TENT4A,RNA processing
TENT4B,Cell cycle
TENT4B,RNA processing
TENT4B,Nuc acid bind
TENT5A,Nuc acid bind
TENT5C,Nuc acid bind
TEP1,Nuc acid bind
TERF1,Cell cycle
TERF2IP,Transcription
TERF2IP,Signaling
TERT,Nuc acid bind
TES,Nuc acid bind
TESK1,Kinase
TESK2,Kinase
TESMIN,Transcription
TET1,Chromatin
TET1,Transcription
TET2,Chromatin
TET2,Transcription
TET3,Chromatin
TET3,Transcription
TEX13A,Nuc acid bind
TEX14,Cell cycle
TEX14,Kinase
TEX15,DNA repair
TEX2,Signaling
TEX264,DNA repair
TF,Signaling
TF,Ion channel
TFAM,Nuc acid bind
TFAP2A,Transcription
TFAP2B,Transcription
TFAP2C,Transcription
TFAP2D,Transcription
TFAP2E,Transcription
TFAP4,Transcription
TFAP4,Apoptosis
TFB1M,Nuc acid bind
TFB1M,Methylation
TFB2M,Nuc acid bind
TFB2M,Methylation
TFCP2,Transcription
TFCP2L1,Transcription
TFDP1,Transcription
TFDP2,Transcription
TFDP3,Transcription
TFDP3,DNA repair
TFE3,Transcription
TFEB,Transcription
TFEC,Transcription
TFF1,Signaling
TFG,Transport
TFIP11,RNA processing
TFIP11,Nuc acid bind
TFPI2,Structural
TFPT,Chromatin
TFPT,DNA repair
TFPT,Apoptosis
TFR2,Transcription
TFRC,Signaling
TFRC,Nuc acid bind
TG,Signaling
TGFA,Signaling
TGFB1,Transcription
TGFB1,Apoptosis
TGFB1I1,Cell adhesion
TGFB2,Apoptosis
TGFB3,Transcription
TGFB3,Apoptosis
TGFBI,Structural
TGFBI,Cell adhesion
TGFBR1,Transcription
TGFBR1,Kinase
TGFBR1,Signaling
TGFBR1,Apoptosis
TGFBR2,Kinase
TGFBR2,Apoptosis
TGFBR3,Signaling
TGFBR3,Immune
TGFBRAP1,Transcription
TGFBRAP1,Signaling
TGFBRAP1,Transport
TGIF1,Transcription
TGIF2,Transcription
TGIF2LX,Transcription
TGIF2LY,Transcription
TGM2,Chromatin
TGM2,Proteolysis
TGM2,Apoptosis
TGM3,Structural
TGS1,Methylation
THAP1,Transcription
THAP11,Transcription
THAP12,Signaling
THAP3,Transcription
THAP5,Transcription
THAP7,Chromatin
THAP7,Transcription
THBD,Proteolysis
THBS1,Immune
THBS1,Structural
THBS1,Apoptosis
THBS1,Cell adhesion
THBS2,Structural
THBS2,Cell adhesion
THBS3,Structural
THBS3,Cell adhesion
THBS4,Signaling
THBS4,Cell adhesion
THEM4,Apoptosis
THEMIS2,Immune
THEMIS2,Cell adhesion
THNSL2,Signaling
THOC1,Signaling
THOC1,RNA processing
THOC1,Nuc acid bind
THOC1,Apoptosis
THOC2,RNA processing
THOC2,Nuc acid bind
THOC3,RNA processing
THOC3,Nuc acid bind
THOC5,RNA processing
THOC5,Nuc acid bind
THOC6,RNA processing
THOC6,Nuc acid bind
THOC6,Apoptosis
THOC7,RNA processing
THOC7,Nuc acid bind
THOP1,Ubiquitin
THOP1,Proteolysis
THRA,Transcription
THRAP3,Transcription
THRAP3,RNA processing
THRAP3,Nuc acid bind
THRB,Transcription
THSD4,Structural
THUMPD1,Nuc acid bind
THUMPD2,Nuc acid bind
THUMPD2,Methylation
THUMPD3,Nuc acid bind
THUMPD3,Methylation
THY1,Signaling
THY1,Cell adhesion
THY1,Cytoskeleton
TIA1,RNA processing
TIA1,Nuc acid bind
TIA1,Apoptosis
TIAL1,Transcription
TIAL1,Nuc acid bind
TIAL1,Apoptosis
TIAM1,Signaling
TIAM1,GTPase
TIAM2,Signaling
TIAM2,GTPase
TICAM1,Signaling
TICAM1,Immune
TICAM1,Apoptosis
TICAM2,Signaling
TICAM2,Immune
TICRR,DNA repair
TIE1,Kinase
TIE1,Signaling
TIFA,Immune
TIGAR,DNA repair
TIGAR,Apoptosis
TIGD1,Nuc acid bind
TIGD2,Nuc acid bind
TIGD3,Nuc acid bind
TIGD4,Nuc acid bind
TIGD5,Nuc acid bind
TIGD6,Nuc acid bind
TIGD7,Nuc acid bind
TIMELESS,Cell cycle
TIMELESS,DNA repair
TIMM10B,Protein folding
TIMM50,Nuc acid bind
TIMM50,Phosphatase
TIMP1,Signaling
TINAG,Proteolysis
TINAG,Cell adhesion
TINAGL1,Proteolysis
TINAGL1,Structural
TIPIN,Cell cycle
TIPIN,DNA repair
TIRAP,Signaling
TIRAP,Immune
TLE1,Transcription
TLE1,Signaling
TLE2,Transcription
TLE2,Signaling
TLE3,Transcription
TLE3,Signaling
TLE4,Transcription
TLE5,Transcription
TLE6,Transcription
TLE7,Transcription
TLK1,Chromatin
TLK1,Kinase
TLK1,Signaling
TLK1,DNA repair
TLK2,Chromatin
TLK2,Kinase
TLK2,Signaling
TLK2,DNA repair
TLL1,Proteolysis
TLL2,Proteolysis
TLN1,Structural
TLN1,Cell adhesion
TLN2,Structural
TLN2,Cell adhesion
TLR1,Signaling
TLR1,Immune
TLR10,Signaling
TLR10,Immune
TLR2,Transcription
TLR2,Signaling
TLR2,Immune
TLR2,Apoptosis
TLR3,Transcription
TLR3,Signaling
TLR3,Nuc acid bind
TLR3,Immune
TLR4,Transcription
TLR4,Signaling
TLR4,Immune
TLR5,Signaling
TLR5,Immune
TLR6,Signaling
TLR6,Immune
TLR7,Transcription
TLR7,Signaling
TLR7,Immune
TLR8,Signaling
TLR8,Nuc acid bind
TLR8,Immune
TLR9,Transcription
TLR9,Signaling
TLR9,Immune
TLX1,Transcription
TLX2,Transcription
TLX3,Transcription
TM2D1,Apoptosis
TM9SF4,Cell adhesion
TMBIM4,Apoptosis
TMBIM6,Transcription
TMBIM6,Apoptosis
TMC1,Ion channel
TMC2,Ion channel
TMC4,Ion channel
TMC8,Apoptosis
TMCO1,Ion channel
TMDD1,Signaling
TMED1,Signaling
TMED1,Immune
TMED10,Transport
TMED2,Transport
TMEM102,Signaling
TMEM102,Apoptosis
TMEM106A,Signaling
TMEM106A,Immune
TMEM109,Ion channel
TMEM116,Signaling
TMEM120A,Immune
TMEM120A,Ion channel
TMEM120B,Ion channel
TMEM129,Ubiquitin
TMEM14A,Apoptosis
TMEM14C,Transport
TMEM165,Ion channel
TMEM175,Ion channel
TMEM184A,Transport
TMEM184B,Transport
TMEM184C,Transport
TMEM196,Apoptosis
TMEM214,Apoptosis
TMEM219,Apoptosis
TMEM266,Transport
TMEM266,Ion channel
TMEM30A,Structural
TMEM33,Immune
TMEM37,Ion channel
TMEM38A,Ion channel
TMEM38B,Ion channel
TMEM43,Immune
TMEM45B,Immune
TMEM59,Proteolysis
TMEM63A,Nuc acid bind
TMEM63A,Ion channel
TMEM63B,Ion channel
TMEM63C,Ion channel
TMEM67,Protein folding
TMEM8B,Cell adhesion
TMEM94,Ion channel
TMF1,Transcription
TMIGD3,Signaling
TMIGD3,Immune
TMPRSS11A,Proteolysis
TMPRSS11B,Proteolysis
TMPRSS11D,Proteolysis
TMPRSS11E,Proteolysis
TMPRSS11F,Proteolysis
TMPRSS12,Proteolysis
TMPRSS13,Proteolysis
TMPRSS15,Proteolysis
TMPRSS2,Proteolysis
TMPRSS3,Proteolysis
TMPRSS4,Proteolysis
TMPRSS5,Proteolysis
TMPRSS6,Transcription
TMPRSS6,Proteolysis
TMPRSS7,Proteolysis
TMPRSS9,Proteolysis
TMSB4X,Nuc acid bind
TMT1A,Methylation
TMT1B,Methylation
TMTC1,RNA processing
TNC,Structural
TNC,Cell adhesion
TNF,Chromatin
TNF,Transcription
TNF,Immune
TNF,Apoptosis
TNFAIP1,Ubiquitin
TNFAIP1,Immune
TNFAIP1,Apoptosis
TNFAIP3,Proteolysis
TNFAIP3,Immune
TNFAIP3,Apoptosis
TNFAIP6,Signaling
TNFAIP6,Immune
TNFAIP6,Cell adhesion
TNFAIP8,Apoptosis
TNFAIP8L2,Immune
TNFRSF10A,Signaling
TNFRSF10A,Apoptosis
TNFRSF10B,Signaling
TNFRSF10B,Apoptosis
TNFRSF10C,Apoptosis
TNFRSF10D,Signaling
TNFRSF10D,Apoptosis
TNFRSF11A,Signaling
TNFRSF11B,Signaling
TNFRSF11B,Apoptosis
TNFRSF12A,Apoptosis
TNFRSF12A,Cell adhesion
TNFRSF13B,Signaling
TNFRSF14,Signaling
TNFRSF14,Immune
TNFRSF17,Signaling
TNFRSF18,Signaling
TNFRSF18,Apoptosis
TNFRSF19,Apoptosis
TNFRSF1A,Transcription
TNFRSF1A,Signaling
TNFRSF1A,Immune
TNFRSF1A,Apoptosis
TNFRSF1B,Immune
TNFRSF1B,Apoptosis
TNFRSF21,Signaling
TNFRSF21,Apoptosis
TNFRSF25,Signaling
TNFRSF25,Apoptosis
TNFRSF4,Transcription
TNFRSF4,Immune
TNFRSF6B,Apoptosis
TNFRSF8,Signaling
TNFRSF8,Apoptosis
TNFRSF9,Apoptosis
TNFSF10,Signaling
TNFSF10,Immune
TNFSF10,Apoptosis
TNFSF11,Transcription
TNFSF11,Signaling
TNFSF11,Immune
TNFSF12,Signaling
TNFSF12,Immune
TNFSF12,Apoptosis
TNFSF13,Signaling
TNFSF13,Immune
TNFSF13B,Signaling
TNFSF13B,Immune
TNFSF14,Signaling
TNFSF14,Immune
TNFSF14,Apoptosis
TNFSF15,Signaling
TNFSF15,Immune
TNFSF18,Signaling
TNFSF18,Immune
TNFSF4,Transcription
TNFSF4,Signaling
TNFSF4,Immune
TNFSF8,Signaling
TNFSF8,Immune
TNFSF9,Signaling
TNFSF9,Immune
TNIK,Kinase
TNIK,Signaling
TNIK,Cytoskeleton
TNIP1,Transcription
TNIP1,Immune
TNIP1,Translation
TNIP2,Transcription
TNIP2,Immune
TNIP2,Apoptosis
TNIP3,Transcription
TNIP3,Immune
TNK1,Kinase
TNK2,Kinase
TNK2,Signaling
TNK2,GTPase
TNKS,Transcription
TNKS,Cell cycle
TNKS,Ubiquitin
TNKS2,Ubiquitin
TNNI3K,Kinase
TNP1,Chromatin
TNPO1,Nuc acid bind
TNR,Cell adhesion
TNRC18,Chromatin
TNRC6A,Nuc acid bind
TNRC6B,Nuc acid bind
TNRC6C,Nuc acid bind
TNS1,Nuc acid bind
TNS1,Phosphatase
TNS2,Phosphatase
TNS3,Phosphatase
TNXB,Structural
TNXB,Cell adhesion
TOE1,Nuc acid bind
TOGARAM1,Cytoskeleton
TOGARAM2,Cytoskeleton
TOLLIP,Kinase
TOLLIP,Signaling
TOLLIP,Immune
TOM1,Signaling
TOM1L1,Signaling
TOM1L2,Signaling
TOMM20,Protein folding
TOMM40,Transport
TOMM40,Ion channel
TOMM40L,Transport
TOMM40L,Ion channel
TOMT,Methylation
TONSL,Chromatin
TONSL,DNA repair
TOP1,Chromatin
TOP1,Nuc acid bind
TOP2A,Chromatin
TOP2A,DNA repair
TOP2A,Nuc acid bind
TOP2A,Apoptosis
TOP3A,DNA repair
TOP3B,DNA repair
TOP3B,Nuc acid bind
TOPBP1,Chromatin
TOPBP1,DNA repair
TOPORS,Ubiquitin
TOPORS,DNA repair
TOR1A,Cell adhesion
TOR1A,Protein folding
TOX,Chromatin
TOX,Transcription
TOX2,Transcription
TOX3,Transcription
TOX3,Apoptosis
TOX4,Transcription
TP53,Transcription
TP53,DNA repair
TP53,Apoptosis
TP53AIP1,Apoptosis
TP53BP1,Chromatin
TP53BP1,Transcription
TP53BP1,DNA repair
TP53BP2,Signaling
TP53BP2,Apoptosis
TP53I3,Apoptosis
TP53INP1,Apoptosis
TP53RK,Kinase
TP53TG5,Signaling
TP63,Transcription
TP63,DNA repair
TP63,Apoptosis
TP73,Transcription
TP73,DNA repair
TP73,Apoptosis
TPBG,Cell adhesion
TPCN1,Transport
TPCN1,Ion channel
TPCN2,Transport
TPCN2,Ion channel
TPD52L2,Nuc acid bind
TPM1,Structural
TPM1,Cytoskeleton
TPMT,Methylation
TPP1,Proteolysis
TPP2,Ubiquitin
TPP2,Proteolysis
TPPP,Cell cycle
TPPP,GTPase
TPR,Transcription
TPR,Cell cycle
TPR,Nuc acid bind
TPRX1,Transcription
TPRX2,Transcription
TPRXL,Transcription
TPSAB1,Proteolysis
TPSB2,Proteolysis
TPSD1,Proteolysis
TPSG1,Proteolysis
TPT1,Nuc acid bind
TPT1,Ion channel
TPT1P8,Apoptosis
TPTE,Signaling
TPTE,Transport
TPTE,Ion channel
TPTE,Phosphatase
TPTE2,Transport
TPTE2,Ion channel
TPX2,Cell cycle
TPX2,Apoptosis
TRA2A,RNA processing
TRA2A,Nuc acid bind
TRA2B,RNA processing
TRA2B,Nuc acid bind
TRABD2A,Proteolysis
TRABD2B,Proteolysis
TRADD,Signaling
TRADD,Immune
TRADD,Apoptosis
TRAF1,Signaling
TRAF1,Apoptosis
TRAF2,Ubiquitin
TRAF2,Signaling
TRAF2,Immune
TRAF2,Apoptosis
TRAF3,Signaling
TRAF3,Immune
TRAF3,Apoptosis
TRAF3IP2,Ubiquitin
TRAF3IP2,Signaling
TRAF3IP2,Immune
TRAF4,Signaling
TRAF4,Immune
TRAF4,Apoptosis
TRAF5,Signaling
TRAF5,Immune
TRAF5,Apoptosis
TRAF6,Transcription
TRAF6,Ubiquitin
TRAF6,Signaling
TRAF6,DNA repair
TRAF6,Immune
TRAF7,Ubiquitin
TRAF7,Apoptosis
TRAIP,Ubiquitin
TRAIP,Signaling
TRAIP,DNA repair
TRAIP,Apoptosis
TRAK1,Transcription
TRAK2,Transcription
TRAP1,Nuc acid bind
TRAP1,Protein folding
TRAPPC1,Transport
TRAPPC10,Transport
TRAPPC11,Transport
TRAPPC12,Transport
TRAPPC2,Transport
TRAPPC2B,Transport
TRAPPC2L,Transport
TRAPPC3,Transport
TRAPPC3L,Transport
TRAPPC4,Transport
TRAPPC5,Transport
TRAPPC6A,Transport
TRAPPC8,Transport
TRAT1,Signaling
TRAV14DV4,Immune
TRAV19,Immune
TRAV2,Immune
TRAV27,Immune
TRAV29DV5,Immune
TRAV38-1,Immune
TRAV38-2DV8,Immune
TRAV8-4,Immune
TRB,Signaling
TRBC1,Immune
TRBV10-1,Signaling
TRBV10-2,Signaling
TRBV10-3,Signaling
TRBV11-1,Signaling
TRBV11-2,Signaling
TRBV11-3,Signaling
TRBV12-3,Signaling
TRBV12-3,Immune
TRBV12-4,Signaling
TRBV12-5,Signaling
TRBV13,Signaling
TRBV14,Signaling
TRBV15,Signaling
TRBV16,Signaling
TRBV17,Signaling
TRBV18,Signaling
TRBV19,Signaling
TRBV2,Signaling
TRBV20-1,Signaling
TRBV20OR9-2,Signaling
TRBV23-1,Signaling
TRBV24-1,Signaling
TRBV25-1,Signaling
TRBV27,Signaling
TRBV28,Signaling
TRBV29-1,Signaling
TRBV3-1,Signaling
TRBV30,Signaling
TRBV4-1,Signaling
TRBV4-2,Signaling
TRBV4-3,Signaling
TRBV5-1,Signaling
TRBV5-3,Signaling
TRBV5-4,Signaling
TRBV5-5,Signaling
TRBV5-6,Signaling
TRBV5-7,Signaling
TRBV5-8,Signaling
TRBV6-1,Signaling
TRBV6-2,Signaling
TRBV6-3,Signaling
TRBV6-4,Signaling
TRBV6-5,Signaling
TRBV6-6,Signaling
TRBV6-7,Signaling
TRBV6-8,Signaling
TRBV6-9,Signaling
TRBV7-1,Signaling
TRBV7-2,Signaling
TRBV7-3,Signaling
TRBV7-4,Signaling
TRBV7-6,Signaling
TRBV7-7,Signaling
TRBV7-8,Signaling
TRBV7-9,Signaling
TRBV7-9,Immune
TRBV9,Signaling
TRDMT1,Nuc acid bind
TRDMT1,Methylation
TRDV1,Immune
TRDV2,Immune
TRDV3,Immune
TREM1,Signaling
TREM1,Immune
TREM2,Signaling
TREM2,Immune
TREML1,Signaling
TREML1,Immune
TREML4,Immune
TRERF1,Transcription
TREX1,DNA repair
TREX1,Nuc acid bind
TREX2,DNA repair
TREX2,Nuc acid bind
TRGC2,Immune
TRGV2,Immune
TRGV3,Immune
TRGV4,Immune
TRGV5,Immune
TRGV8,Immune
TRGV9,Immune
TRH,Signaling
TRHDE,Signaling
TRHDE,Proteolysis
TRHR,Signaling
TRIAP1,Transcription
TRIAP1,Apoptosis
TRIB1,Transcription
TRIB1,Kinase
TRIB2,Kinase
TRIB3,Transcription
TRIB3,Apoptosis
TRIL,Immune
TRIM10,Immune
TRIM11,Ubiquitin
TRIM11,Immune
TRIM13,Ubiquitin
TRIM13,Immune
TRIM14,Immune
TRIM15,Immune
TRIM17,Ubiquitin
TRIM17,Immune
TRIM2,Ubiquitin
TRIM21,Ubiquitin
TRIM21,Nuc acid bind
TRIM21,Immune
TRIM22,Transcription
TRIM22,Ubiquitin
TRIM22,Immune
TRIM23,Ubiquitin
TRIM23,Transport
TRIM23,Immune
TRIM23,GTPase
TRIM24,Chromatin
TRIM24,Ubiquitin
TRIM24,Kinase
TRIM25,Ubiquitin
TRIM25,Nuc acid bind
TRIM25,Immune
TRIM26,Immune
TRIM27,Transcription
TRIM27,Ubiquitin
TRIM27,Nuc acid bind
TRIM27,Immune
TRIM28,Chromatin
TRIM28,Ubiquitin
TRIM28,Kinase
TRIM28,DNA repair
TRIM28,Nuc acid bind
TRIM28,Immune
TRIM29,Immune
TRIM3,Ubiquitin
TRIM31,Ubiquitin
TRIM31,Immune
TRIM32,Ubiquitin
TRIM32,Nuc acid bind
TRIM32,Immune
TRIM33,Transcription
TRIM33,Ubiquitin
TRIM34,Ubiquitin
TRIM34,Immune
TRIM35,Ubiquitin
TRIM35,Immune
TRIM35,Apoptosis
TRIM37,Transcription
TRIM37,Ubiquitin
TRIM38,Ubiquitin
TRIM38,Immune
TRIM39,Ubiquitin
TRIM39,Immune
TRIM39,Apoptosis
TRIM4,Ubiquitin
TRIM4,Immune
TRIM40,Immune
TRIM41,Ubiquitin
TRIM41,Immune
TRIM42,Ubiquitin
TRIM43,Immune
TRIM43B,Immune
TRIM44,Immune
TRIM47,Ubiquitin
TRIM48,Immune
TRIM49,Immune
TRIM49B,Immune
TRIM49C,Immune
TRIM49D1,Immune
TRIM5,Ubiquitin
TRIM5,Immune
TRIM50,Immune
TRIM51,Immune
TRIM51G,Immune
TRIM52,Ubiquitin
TRIM52,Immune
TRIM54,Signaling
TRIM54,Immune
TRIM55,Signaling
TRIM55,Immune
TRIM56,Ubiquitin
TRIM56,Nuc acid bind
TRIM56,Immune
TRIM58,Ubiquitin
TRIM58,Immune
TRIM59,Ubiquitin
TRIM59,Immune
TRIM6,Ubiquitin
TRIM6,Immune
TRIM60,Immune
TRIM61,Immune
TRIM62,Ubiquitin
TRIM62,Immune
TRIM63,Ubiquitin
TRIM63,Signaling
TRIM63,Immune
TRIM64,Immune
TRIM64B,Immune
TRIM64C,Immune
TRIM65,Ubiquitin
TRIM65,Immune
TRIM68,Ubiquitin
TRIM68,Immune
TRIM69,Ubiquitin
TRIM69,Immune
TRIM69,Apoptosis
TRIM7,Ubiquitin
TRIM7,Immune
TRIM71,Ubiquitin
TRIM71,Nuc acid bind
TRIM72,Immune
TRIM73,Immune
TRIM74,Immune
TRIM75,Immune
TRIM77,Immune
TRIM8,Ubiquitin
TRIM8,Immune
TRIM9,Ubiquitin
TRIML1,Ubiquitin
TRIML1,Immune
TRIML2,Ubiquitin
TRIML2,Immune
TRIO,Kinase
TRIOBP,Cell cycle
TRIP10,Signaling
TRIP12,Ubiquitin
TRIP12,DNA repair
TRIP4,Transcription
TRIP6,Signaling
TRIP6,Nuc acid bind
TRIP6,Cell adhesion
TRIR,Nuc acid bind
TRIT1,Nuc acid bind
TRMO,Methylation
TRMT1,Nuc acid bind
TRMT1,Methylation
TRMT10A,Nuc acid bind
TRMT10A,Methylation
TRMT10B,Methylation
TRMT10C,RNA processing
TRMT10C,Nuc acid bind
TRMT10C,Methylation
TRMT11,Nuc acid bind
TRMT11,Methylation
TRMT13,Methylation
TRMT1L,Nuc acid bind
TRMT1L,Methylation
TRMT2A,RNA processing
TRMT2A,Nuc acid bind
TRMT2A,Methylation
TRMT2B,RNA processing
TRMT2B,Methylation
TRMT44,Methylation
TRMT5,Methylation
TRMT6,RNA processing
TRMT6,Nuc acid bind
TRMT61A,RNA processing
TRMT61A,Methylation
TRMT61B,RNA processing
TRMT61B,Methylation
TRMT9B,Methylation
TRMU,Nuc acid bind
TRNAU1AP,Nuc acid bind
TRNAU1AP,Translation
TRNT1,RNA processing
TRNT1,Nuc acid bind
TRO,Transcription
TRO,Cell adhesion
TROAP,Cell adhesion
TRPA1,Signaling
TRPA1,Transport
TRPA1,Ion channel
TRPC1,Transport
TRPC1,Ion channel
TRPC3,Transport
TRPC3,Ion channel
TRPC4,Transport
TRPC4,Ion channel
TRPC4AP,Ubiquitin
TRPC5,Transport
TRPC5,Ion channel
TRPC6,Transport
TRPC6,Ion channel
TRPC7,Transport
TRPC7,Ion channel
TRPM1,Transport
TRPM1,Ion channel
TRPM2,Transport
TRPM2,Ion channel
TRPM3,Transport
TRPM3,Ion channel
TRPM4,Transport
TRPM4,Ion channel
TRPM5,Transport
TRPM5,Ion channel
TRPM6,Kinase
TRPM6,Transport
TRPM6,Ion channel
TRPM7,Kinase
TRPM7,Ion channel
TRPM8,Transport
TRPM8,Ion channel
TRPS1,Transcription
TRPV1,Transcription
TRPV1,Signaling
TRPV1,Transport
TRPV1,Ion channel
TRPV2,Transport
TRPV2,Ion channel
TRPV3,Transport
TRPV3,Ion channel
TRPV4,Transcription
TRPV4,Transport
TRPV4,Ion channel
TRPV5,Transport
TRPV5,Ion channel
TRPV6,Transport
TRPV6,Ion channel
TRRAP,Chromatin
TRRAP,Transcription
TRUB1,RNA processing
TRUB1,Nuc acid bind
TRUB2,RNA processing
TRUB2,Nuc acid bind
TSC1,Protein folding
TSC2,Transport
TSC22D1,Transcription
TSC22D1,Apoptosis
TSC22D2,Transcription
TSC22D3,Transcription
TSC22D4,Transcription
TSEN15,RNA processing
TSEN15,Nuc acid bind
TSEN2,RNA processing
TSEN2,Nuc acid bind
TSEN34,RNA processing
TSEN34,Nuc acid bind
TSEN54,RNA processing
TSFM,Nuc acid bind
TSFM,Translation
TSG101,Transcription
TSG101,Cell cycle
TSHB,Signaling
TSHR,Signaling
TSHZ1,Transcription
TSHZ2,Transcription
TSHZ3,Transcription
TSN,Nuc acid bind
TSNARE1,Transport
TSNAX,Nuc acid bind
TSPAN12,Signaling
TSPAN18,Immune
TSPEAR,Signaling
TSPO,Apoptosis
TSPO,Ion channel
TSPYL2,Chromatin
TSR1,Nuc acid bind
TSR1,GTPase
TSSC4,RNA processing
TSSK1B,Kinase
TSSK2,Kinase
TSSK3,Kinase
TSSK4,Kinase
TSSK6,Kinase
TST,Nuc acid bind
TTBK1,Kinase
TTBK1,Signaling
TTBK2,Kinase
TTBK2,Signaling
TTBK2,Cytoskeleton
TTC1,Protein folding
TTC14,Nuc acid bind
TTC19,Cell cycle
TTC21B,Transcription
TTC28,Cell cycle
TTC3,Ubiquitin
TTC4,Immune
TTC4,Protein folding
TTC5,DNA repair
TTF2,RNA processing
TTF2,DNA repair
TTK,Kinase
TTL,Cytoskeleton
TTLL1,Cytoskeleton
TTLL11,Cytoskeleton
TTLL12,Chromatin
TTLL12,Immune
TTLL2,Cytoskeleton
TTLL4,Cytoskeleton
TTLL7,Cytoskeleton
TTLL9,Cytoskeleton
TTN,Kinase
TTN,Structural
TTR,Signaling
TTYH1,Ion channel
TTYH1,Cell adhesion
TTYH2,Ion channel
TTYH3,Ion channel
TUBA1A,Cell cycle
TUBA1A,Structural
TUBA1A,Cytoskeleton
TUBA1B,Cell cycle
TUBA1B,Structural
TUBA1B,Cytoskeleton
TUBA1B,GTPase
TUBA1C,Cell cycle
TUBA1C,Structural
TUBA1C,Cytoskeleton
TUBA3C,Structural
TUBA3C,Cytoskeleton
TUBA3D,Structural
TUBA3D,Cytoskeleton
TUBA3E,Structural
TUBA3E,Cytoskeleton
TUBA4A,Structural
TUBA4A,Cytoskeleton
TUBA4B,Structural
TUBA4B,Cytoskeleton
TUBA8,Structural
TUBA8,Cytoskeleton
TUBAL3,Structural
TUBAL3,Cytoskeleton
TUBB,Cell cycle
TUBB,Structural
TUBB,Cytoskeleton
TUBB,GTPase
TUBB1,Structural
TUBB1,Cytoskeleton
TUBB1,GTPase
TUBB2A,Structural
TUBB2A,Cytoskeleton
TUBB2A,GTPase
TUBB2B,Structural
TUBB2B,Cytoskeleton
TUBB2B,GTPase
TUBB3,Structural
TUBB3,Cytoskeleton
TUBB3,GTPase
TUBB4A,Structural
TUBB4A,Cytoskeleton
TUBB4A,GTPase
TUBB4B,Structural
TUBB4B,Cytoskeleton
TUBB4B,Protein folding
TUBB4B,GTPase
TUBB6,Structural
TUBB6,Cytoskeleton
TUBB6,GTPase
TUBB8,Structural
TUBB8,Cytoskeleton
TUBB8,GTPase
TUBB8B,Structural
TUBB8B,Cytoskeleton
TUBB8B,GTPase
TUBD1,Structural
TUBD1,Cytoskeleton
TUBE1,Structural
TUBE1,Cytoskeleton
TUBG1,Structural
TUBG1,Cytoskeleton
TUBG2,Structural
TUBGCP2,Cytoskeleton
TUBGCP3,Structural
TUBGCP3,Cytoskeleton
TUBGCP4,Structural
TUBGCP4,Cytoskeleton
TUBGCP5,Cytoskeleton
TUBGCP6,Cytoskeleton
TUFM,Nuc acid bind
TUFM,Translation
TUFM,GTPase
TULP3,Transcription
TULP4,Ubiquitin
TUSC2,Immune
TUSC3,Transport
TUT1,RNA processing
TUT1,Nuc acid bind
TUT4,Nuc acid bind
TUT7,Nuc acid bind
TVP23A,Transport
TVP23B,Transport
TVP23C,Transport
TWF2,Nuc acid bind
TWIST1,Transcription
TWIST2,Transcription
TXK,Transcription
TXK,Kinase
TXN,Nuc acid bind
TXNDC5,Protein folding
TXNDC9,Cytoskeleton
TXNIP,Immune
TXNIP,Apoptosis
TXNL4A,Cell cycle
TXNL4A,RNA processing
TXNL4B,RNA processing
TXNRD1,Signaling
TYK2,Kinase
TYK2,Signaling
TYMP,Signaling
TYMS,Methylation
TYRO3,Kinase
TYRO3,Signaling
TYRO3,Cell adhesion
TYROBP,Signaling
TYROBP,Immune
TYSND1,Proteolysis
TYW3,Methylation
U2AF1,RNA processing
U2AF1,Nuc acid bind
U2AF1L4,RNA processing
U2AF1L4,Nuc acid bind
U2AF2,RNA processing
U2AF2,Nuc acid bind
U2SURP,RNA processing
U2SURP,Nuc acid bind
UAP1,Immune
UBA1,Ubiquitin
UBA1,DNA repair
UBA1,Nuc acid bind
UBA3,Proteolysis
UBA52,Ubiquitin
UBA52,Translation
UBA6,Ubiquitin
UBA6,DNA repair
UBA7,Ubiquitin
UBA7,DNA repair
UBA7,Immune
UBAC1,Ubiquitin
UBAP2,Nuc acid bind
UBAP2L,Nuc acid bind
UBASH3B,Phosphatase
UBB,Ubiquitin
UBB,Translation
UBC,Ubiquitin
UBC,Nuc acid bind
UBC,Translation
UBD,Ubiquitin
UBD,Proteolysis
UBD,Apoptosis
UBE2A,Chromatin
UBE2A,Ubiquitin
UBE2A,DNA repair
UBE2B,Ubiquitin
UBE2B,DNA repair
UBE2C,Cell cycle
UBE2C,Ubiquitin
UBE2D1,Transcription
UBE2D1,Ubiquitin
UBE2D2,Ubiquitin
UBE2D3,Transcription
UBE2D3,Ubiquitin
UBE2D3,DNA repair
UBE2D3,Apoptosis
UBE2D4,Ubiquitin
UBE2E1,Transcription
UBE2E1,Ubiquitin
UBE2E2,Ubiquitin
UBE2E2,DNA repair
UBE2E3,Ubiquitin
UBE2G1,Ubiquitin
UBE2G2,Ubiquitin
UBE2H,Ubiquitin
UBE2I,Transcription
UBE2I,Cell cycle
UBE2I,Nuc acid bind
UBE2J1,Ubiquitin
UBE2J2,Ubiquitin
UBE2K,Ubiquitin
UBE2L3,Transcription
UBE2L3,Ubiquitin
UBE2L3,Nuc acid bind
UBE2L5,Ubiquitin
UBE2L6,Ubiquitin
UBE2L6,Immune
UBE2N,Ubiquitin
UBE2N,DNA repair
UBE2N,Nuc acid bind
UBE2NL,Ubiquitin
UBE2O,Ubiquitin
UBE2O,Nuc acid bind
UBE2Q1,Ubiquitin
UBE2Q2,Ubiquitin
UBE2QL1,Ubiquitin
UBE2R2,Ubiquitin
UBE2S,Cell cycle
UBE2S,Ubiquitin
UBE2T,Ubiquitin
UBE2T,DNA repair
UBE2U,Ubiquitin
UBE2U,DNA repair
UBE2V1,Transcription
UBE2V1,Ubiquitin
UBE2V2,Ubiquitin
UBE2W,Ubiquitin
UBE2W,DNA repair
UBE2Z,Ubiquitin
UBE2Z,Apoptosis
UBE3A,Ubiquitin
UBE3A,Proteolysis
UBE3B,Ubiquitin
UBE3C,Ubiquitin
UBE3D,Ubiquitin
UBE4A,Ubiquitin
UBE4B,Ubiquitin
UBFD1,Nuc acid bind
UBL7,Immune
UBLCP1,Phosphatase
UBN1,Chromatin
UBN2,Chromatin
UBOX5,Ubiquitin
UBP1,Transcription
UBQLN4,DNA repair
UBR1,Ubiquitin
UBR2,Ubiquitin
UBR3,Ubiquitin
UBR4,Ubiquitin
UBR5,Ubiquitin
UBR5,DNA repair
UBR5,Nuc acid bind
UBR7,Ubiquitin
UBTF,Nuc acid bind
UCHL1,Proteolysis
UCHL3,Ubiquitin
UCHL3,Proteolysis
UCHL5,Chromatin
UCHL5,DNA repair
UCHL5,Nuc acid bind
UCHL5,Proteolysis
UCN,Transcription
UCP1,Transport
UCP1,Ion channel
UCP2,Transport
UCP3,Transport
UEVLD,Transcription
UFL1,DNA repair
UFSP1,Proteolysis
UFSP2,Proteolysis
UGGT1,Protein folding
UGGT2,Protein folding
UGT8,Cytoskeleton
UHMK1,Kinase
UHMK1,Nuc acid bind
UHRF1,Chromatin
UHRF1,Transcription
UHRF1,Ubiquitin
UHRF1,DNA repair
UHRF1,Nuc acid bind
UHRF2,Transcription
UHRF2,Ubiquitin
UIMC1,Chromatin
UIMC1,DNA repair
ULBP1,Signaling
ULBP2,Signaling
ULBP3,Signaling
ULK1,Kinase
ULK1,Signaling
ULK2,Kinase
ULK2,Signaling
ULK3,Kinase
ULK4,Kinase
ULK4,Cytoskeleton
UMOD,Immune
UNC13B,Apoptosis
UNC45A,Protein folding
UNC45B,Protein folding
UNC50,Nuc acid bind
UNC5A,Signaling
UNC5A,Apoptosis
UNC5B,Signaling
UNC5B,Apoptosis
UNC5C,Signaling
UNC5C,Apoptosis
UNC5CL,Signaling
UNC5D,Signaling
UNC5D,Apoptosis
UNC93B1,Immune
UNCX,Transcription
UNG,DNA repair
UNK,Nuc acid bind
UNKL,Ubiquitin
UNQ5830/PRO19650/PRO19816,Signaling
UPF1,DNA repair
UPF1,Nuc acid bind
UPF2,Nuc acid bind
UPF3A,Nuc acid bind
UPF3B,Nuc acid bind
UPK1B,Structural
UQCRC2,Proteolysis
URB1,Nuc acid bind
URI1,Transcription
USB1,RNA processing
USE1,Transport
USF1,Transcription
USF2,Transcription
USF3,Transcription
USO1,Nuc acid bind
USO1,Transport
USP1,DNA repair
USP1,Proteolysis
USP10,DNA repair
USP10,Nuc acid bind
USP10,Proteolysis
USP10,Immune
USP11,Proteolysis
USP12,Proteolysis
USP13,Transcription
USP13,Proteolysis
USP14,Proteolysis
USP14,Immune
USP15,Proteolysis
USP16,Chromatin
USP16,Transcription
USP16,Cell cycle
USP16,DNA repair
USP16,Proteolysis
USP17L1,Proteolysis
USP17L1,Apoptosis
USP17L10,Proteolysis
USP17L11,Proteolysis
USP17L12,Proteolysis
USP17L13,Proteolysis
USP17L15,Proteolysis
USP17L17,Proteolysis
USP17L18,Proteolysis
USP17L19,Proteolysis
USP17L2,Proteolysis
USP17L2,Apoptosis
USP17L20,Proteolysis
USP17L21,Proteolysis
USP17L22,Proteolysis
USP17L24,Nuc acid bind
USP17L24,Proteolysis
USP17L24,Apoptosis
USP17L3,Proteolysis
USP17L3,Apoptosis
USP17L4,Proteolysis
USP17L5,Proteolysis
USP17L5,Apoptosis
USP17L6P,Nuc acid bind
USP17L6P,Proteolysis
USP17L7,Proteolysis
USP17L8,Proteolysis
USP18,Proteolysis
USP19,Proteolysis
USP2,Transcription
USP2,Proteolysis
USP20,Proteolysis
USP21,Chromatin
USP21,Proteolysis
USP22,Chromatin
USP22,Transcription
USP22,Proteolysis
USP24,Proteolysis
USP25,Proteolysis
USP26,Proteolysis
USP27X,Proteolysis
USP27X,Immune
USP27X,Apoptosis
USP28,DNA repair
USP28,Proteolysis
USP29,Proteolysis
USP29,Immune
USP3,Chromatin
USP3,DNA repair
USP3,Proteolysis
USP30,Proteolysis
USP31,Proteolysis
USP32,Proteolysis
USP33,Proteolysis
USP34,Proteolysis
USP35,Proteolysis
USP36,Chromatin
USP36,Nuc acid bind
USP36,Proteolysis
USP37,Cell cycle
USP37,Proteolysis
USP38,Proteolysis
USP39,Cell cycle
USP39,RNA processing
USP4,Proteolysis
USP40,Proteolysis
USP42,Proteolysis
USP43,Proteolysis
USP44,Cell cycle
USP44,Proteolysis
USP44,Immune
USP45,DNA repair
USP45,Proteolysis
USP46,Proteolysis
USP47,DNA repair
USP47,Proteolysis
USP48,Proteolysis
USP49,Chromatin
USP49,RNA processing
USP49,Proteolysis
USP5,Ubiquitin
USP5,Proteolysis
USP51,DNA repair
USP51,Proteolysis
USP54,Proteolysis
USP6,Nuc acid bind
USP6,Proteolysis
USP7,Ubiquitin
USP7,DNA repair
USP7,Proteolysis
USP8,Proteolysis
USP9X,Transcription
USP9X,Cell cycle
USP9X,Ubiquitin
USP9X,Proteolysis
USP9Y,Proteolysis
USPL1,Proteolysis
UTF1,Transcription
UTP11,Nuc acid bind
UTP11,Apoptosis
UTP14A,Nuc acid bind
UTP15,Nuc acid bind
UTP18,Nuc acid bind
UTP20,Nuc acid bind
UTP23,Nuc acid bind
UTP25,Nuc acid bind
UTP3,Chromatin
UTP3,Nuc acid bind
UTP4,Transcription
UTP4,Nuc acid bind
UTP6,RNA processing
UTS2,Signaling
UTS2B,Signaling
UTS2R,Signaling
UTY,Chromatin
UVRAG,DNA repair
UVRAG,Transport
UVSSA,Chromatin
UVSSA,Ubiquitin
UVSSA,DNA repair
UXT,Transcription
UXT,Apoptosis
UXT,Cytoskeleton
VAC14,Signaling
VAMP1,Transport
VAMP2,Transport
VAMP3,Transport
VAMP4,Transport
VAMP5,Transport
VAMP7,Transport
VAMP8,Transport
VARS1,Translation
VARS2,Translation
VASH1,Proteolysis
VASH2,Proteolysis
VAV1,Signaling
VAV1,GTPase
VAV2,Signaling
VAV2,GTPase
VAV3,Signaling
VAV3,DNA repair
VAV3,GTPase
VAX1,Transcription
VAX2,Transcription
VBP1,Protein folding
VCAM1,Immune
VCAM1,Cell adhesion
VCAN,Cell adhesion
VCL,Structural
VCL,Cell adhesion
VCP,Ubiquitin
VCP,DNA repair
VCP,Nuc acid bind
VCPIP1,Ubiquitin
VCPIP1,DNA repair
VCPIP1,Proteolysis
VCPKMT,Methylation
VCX,Chromatin
VDAC1,Transport
VDAC1,Apoptosis
VDAC1,Ion channel
VDAC2,Transport
VDAC2,Ion channel
VDAC3,Transport
VDAC3,Ion channel
VDR,Transcription
VEGFA,Transcription
VEGFC,Signaling
VENTX,Transcription
VEZF1,Transcription
VGF,Signaling
VGLL1,Transcription
VGLL2,Transcription
VGLL3,Transcription
VGLL4,Transcription
VHL,Transcription
VHL,Ubiquitin
VHL,Proteolysis
VIL1,Apoptosis
VIL1,Cytoskeleton
VILL,Structural
VILL,Cytoskeleton
VIM,Nuc acid bind
VIM,Structural
VIPR1,Signaling
VIPR2,Signaling
VIRMA,RNA processing
VIRMA,Nuc acid bind
VLDLR,Signaling
VMA22,Protein folding
VMP1,Cell adhesion
VN1R1,Signaling
VN1R17P,Signaling
VN1R2,Signaling
VN1R3,Signaling
VN1R4,Signaling
VN1R5,Signaling
VNN1,Immune
VPREB1,Immune
VPREB3,Immune
VPS11,Ubiquitin
VPS11,Transport
VPS13B,Transport
VPS18,Ubiquitin
VPS18,Transport
VPS25,Structural
VPS33A,Transport
VPS33B,Transport
VPS39,Transport
VPS41,Transport
VPS45,Transport
VPS4A,Cell cycle
VPS4A,Transport
VPS4B,Cell cycle
VPS53,Transport
VPS72,Chromatin
VPS72,Transcription
VPS9D1,Transport
VRK1,Chromatin
VRK1,Cell cycle
VRK1,Kinase
VRK1,Signaling
VRK1,DNA repair
VRK2,Kinase
VRK2,Signaling
VRK2,DNA repair
VRK3,Kinase
VRK3,Signaling
VRK3,DNA repair
VRTN,Transcription
VSIG4,Immune
VSIG8,Nuc acid bind
VSTM1,Signaling
VSTM5,Immune
VSX1,Transcription
VSX2,Transcription
VTI1A,Transport
VTI1B,Transport
VTN,Transport
VTN,Immune
VTN,Structural
VTN,Cell adhesion
VWA1,Structural
VWF,Structural
VWF,Cell adhesion
WAC,Chromatin
WAC,DNA repair
WAPL,Cell cycle
WARS1,Signaling
WARS1,Translation
WARS2,Translation
WAS,Transcription
WAS,Immune
WASL,Transcription
WASL,Cell cycle
WBP11,RNA processing
WBP11,Nuc acid bind
WBP2,Transcription
WBP4,RNA processing
WBP4,Nuc acid bind
WDHD1,DNA repair
WDHD1,Nuc acid bind
WDR24,Ubiquitin
WDR3,Nuc acid bind
WDR33,RNA processing
WDR33,Nuc acid bind
WDR36,Nuc acid bind
WDR4,DNA repair
WDR43,Transcription
WDR43,Nuc acid bind
WDR46,Nuc acid bind
WDR48,DNA repair
WDR5,Chromatin
WDR5,Transcription
WDR6,Nuc acid bind
WDR75,Nuc acid bind
WDR76,DNA repair
WDR77,Ubiquitin
WDR83,RNA processing
WDR83OS,Protein folding
WDSUB1,Ubiquitin
WDTC1,Ubiquitin
WEE1,Cell cycle
WEE1,Kinase
WEE2,Kinase
WFDC10A,Immune
WFDC10B,Immune
WFDC11,Immune
WFDC12,Immune
WFDC13,Immune
WFDC2,Proteolysis
WFDC2,Immune
WFDC3,Immune
WFDC5,Immune
WFDC9,Immune
WFS1,Transcription
WFS1,Signaling
WHR1,DNA repair
WHR1,Nuc acid bind
WIF1,Signaling
WIPF1,Protein folding
WIZ,Transcription
WNK1,Kinase
WNK1,Signaling
WNK1,DNA repair
WNK1,Ion channel
WNK2,Kinase
WNK2,Signaling
WNK2,DNA repair
WNK3,Kinase
WNK3,Signaling
WNK3,DNA repair
WNK4,Kinase
WNK4,Signaling
WNK4,Immune
WNT10B,Apoptosis
WNT11,Signaling
WNT2,Transcription
WNT3A,Transcription
WNT5A,Transcription
WNT5A,Immune
WNT7A,Transcription
WNT8A,Transcription
WNT8B,Signaling
WRAP53,DNA repair
WRAP53,Nuc acid bind
WRN,DNA repair
WRN,Nuc acid bind
WRNIP1,DNA repair
WRNIP1,Immune
WSB1,Ubiquitin
WSB1,Signaling
WSB2,Ubiquitin
WSB2,Signaling
WT1,Transcription
WT1,RNA processing
WT1,Nuc acid bind
WTAP,RNA processing
WTIP,Transcription
WTIP,Cytoskeleton
WWC1,Transcription
WWC2,Transcription
WWC3,Transcription
WWOX,Transcription
WWOX,Apoptosis
WWP1,Ubiquitin
WWP2,Transcription
WWP2,Ubiquitin
WWP2,Ion channel
WWTR1,Transcription
XAB2,RNA processing
XAB2,DNA repair
XAF1,Apoptosis
XBP1,Transcription
XBP1,Immune
XBP1,Apoptosis
XCL1,Transcription
XCL1,Signaling
XCL1,Immune
XCL2,Signaling
XCL2,Immune
XCR1,Signaling
XCR1,Immune
XIAP,DNA repair
XIAP,Apoptosis
XIRP1,Nuc acid bind
XKR4,Apoptosis
XKR8,Apoptosis
XKR9,Apoptosis
XPA,DNA repair
XPC,DNA repair
XPNPEP1,Proteolysis
XPNPEP2,Proteolysis
XPNPEP3,Proteolysis
XPO1,Transcription
XPO1,Nuc acid bind
XPO5,Nuc acid bind
XPOT,Nuc acid bind
XRCC1,DNA repair
XRCC2,DNA repair
XRCC3,DNA repair
XRCC4,DNA repair
XRCC5,DNA repair
XRCC5,Nuc acid bind
XRCC5,Immune
XRCC6,Transcription
XRCC6,DNA repair
XRCC6,Nuc acid bind
XRCC6,Immune
XRN1,Nuc acid bind
XRN2,RNA processing
XRN2,Nuc acid bind
YAF2,Transcription
YAP1,Transcription
YAP1,DNA repair
YARS1,Nuc acid bind
YARS1,Apoptosis
YARS1,Translation
YARS2,Nuc acid bind
YARS2,Translation
YBX1,Transcription
YBX1,RNA processing
YBX1,Nuc acid bind
YBX2,Nuc acid bind
YBX3,Transcription
YBX3,Nuc acid bind
YEATS2,Chromatin
YEATS2,Transcription
YEATS4,Chromatin
YEATS4,Transcription
YEATS4,Structural
YEATS4,Cytoskeleton
YES1,Kinase
YIF1A,Transport
YIPF1,Transport
YIPF2,Transport
YIPF5,Transport
YJU2,RNA processing
YKT6,Transport
YLPM1,Nuc acid bind
YME1L1,Proteolysis
YOD1,Proteolysis
YTHDC1,RNA processing
YTHDC1,Nuc acid bind
YTHDC2,Nuc acid bind
YTHDF1,Nuc acid bind
YTHDF2,Cell cycle
YTHDF2,Nuc acid bind
YTHDF2,Immune
YTHDF3,Nuc acid bind
YWHAB,Transcription
YWHAB,Signaling
YWHAE,Signaling
YWHAE,Nuc acid bind
YWHAG,Signaling
YWHAG,Nuc acid bind
YWHAH,Signaling
YWHAQ,Signaling
YWHAZ,Transcription
YWHAZ,Kinase
YWHAZ,Signaling
YWHAZ,Nuc acid bind
YY1,Chromatin
YY1,Transcription
YY1,DNA repair
YY1,Nuc acid bind
YY2,Transcription
ZACN,Ion channel
ZAN,Structural
ZAN,Cell adhesion
ZAP70,Kinase
ZAP70,Signaling
ZAP70,Immune
ZAR1,Nuc acid bind
ZAR1L,Nuc acid bind
ZBED1,Transcription
ZBED2,Transcription
ZBED3,Transcription
ZBED4,Transcription
ZBED4,Nuc acid bind
ZBED6,Transcription
ZBP1,Nuc acid bind
ZBP1,Immune
ZBP1,Apoptosis
ZBTB1,Chromatin
ZBTB1,Transcription
ZBTB1,DNA repair
ZBTB1,Immune
ZBTB10,Transcription
ZBTB11,Transcription
ZBTB12,Transcription
ZBTB14,Transcription
ZBTB16,Transcription
ZBTB16,Ubiquitin
ZBTB16,Apoptosis
ZBTB17,Transcription
ZBTB18,Transcription
ZBTB2,Transcription
ZBTB20,Transcription
ZBTB21,Transcription
ZBTB22,Transcription
ZBTB24,Transcription
ZBTB25,Transcription
ZBTB26,Transcription
ZBTB3,Transcription
ZBTB32,Transcription
ZBTB33,Transcription
ZBTB33,Signaling
ZBTB34,Transcription
ZBTB37,Transcription
ZBTB38,Transcription
ZBTB38,DNA repair
ZBTB39,Transcription
ZBTB4,Transcription
ZBTB4,DNA repair
ZBTB40,Transcription
ZBTB40,DNA repair
ZBTB41,Transcription
ZBTB42,Transcription
ZBTB43,Transcription
ZBTB45,Transcription
ZBTB46,Transcription
ZBTB47,Transcription
ZBTB48,Transcription
ZBTB48,Nuc acid bind
ZBTB49,Transcription
ZBTB5,Transcription
ZBTB6,Transcription
ZBTB7A,Chromatin
ZBTB7A,Transcription
ZBTB7B,Transcription
ZBTB7C,Transcription
ZBTB8A,Transcription
ZBTB8B,Transcription
ZBTB9,Transcription
ZC3H10,Nuc acid bind
ZC3H11A,Nuc acid bind
ZC3H12A,Transcription
ZC3H12A,DNA repair
ZC3H12A,Nuc acid bind
ZC3H12A,Immune
ZC3H12A,Apoptosis
ZC3H13,RNA processing
ZC3H13,Nuc acid bind
ZC3H14,Nuc acid bind
ZC3H15,Nuc acid bind
ZC3H18,Nuc acid bind
ZC3H4,Transcription
ZC3H4,Nuc acid bind
ZC3H6,Transcription
ZC3H6,Nuc acid bind
ZC3H7A,Nuc acid bind
ZC3H7B,Nuc acid bind
ZC3H8,Transcription
ZC3H8,Nuc acid bind
ZC3H8,Apoptosis
ZC3HAV1,Nuc acid bind
ZC3HAV1,Immune
ZC3HC1,Cell cycle
ZC3HC1,Ubiquitin
ZC4H2,Transcription
ZCCHC10,Nuc acid bind
ZCCHC12,Nuc acid bind
ZCCHC13,Nuc acid bind
ZCCHC14,Nuc acid bind
ZCCHC17,Nuc acid bind
ZCCHC2,Nuc acid bind
ZCCHC24,Nuc acid bind
ZCCHC3,Nuc acid bind
ZCCHC3,Immune
ZCCHC4,Nuc acid bind
ZCCHC4,Methylation
ZCCHC7,Nuc acid bind
ZCCHC8,RNA processing
ZCCHC8,Nuc acid bind
ZCCHC9,Nuc acid bind
ZCRB1,RNA processing
ZCRB1,Nuc acid bind
ZCWPW2,Chromatin
ZDBF2,Nuc acid bind
ZDHHC16,DNA repair
ZDHHC16,Apoptosis
ZDHHC18,Immune
ZDHHC20,DNA repair
ZDHHC5,Immune
ZDHHC6,Signaling
ZEB1,Transcription
ZEB2,Transcription
ZFAND6,Apoptosis
ZFAT,Transcription
ZFC3H1,RNA processing
ZFHX2,Transcription
ZFHX2,Nuc acid bind
ZFHX3,Transcription
ZFHX3,Nuc acid bind
ZFHX4,Transcription
ZFHX4,Nuc acid bind
ZFP1,Transcription
ZFP14,Transcription
ZFP2,Transcription
ZFP28,Transcription
ZFP3,Transcription
ZFP30,Transcription
ZFP36,Transcription
ZFP36,Nuc acid bind
ZFP36L1,RNA processing
ZFP36L1,Nuc acid bind
ZFP36L2,Nuc acid bind
ZFP37,Transcription
ZFP41,Transcription
ZFP42,Transcription
ZFP57,Transcription
ZFP62,Transcription
ZFP64,Transcription
ZFP69,Transcription
ZFP69B,Transcription
ZFP82,Transcription
ZFP90,Transcription
ZFP91,Transcription
ZFP91,Ubiquitin
ZFP92,Transcription
ZFPL1,Transcription
ZFPL1,Transport
ZFPM1,Transcription
ZFPM2,Transcription
ZFR,Nuc acid bind
ZFR2,Nuc acid bind
ZFX,Transcription
ZFY,Transcription
ZFYVE16,Signaling
ZFYVE19,Cell cycle
ZFYVE26,Cell cycle
ZFYVE26,DNA repair
ZFYVE27,Transport
ZGLP1,Transcription
ZGPAT,Transcription
ZGPAT,Nuc acid bind
ZGRF1,DNA repair
ZHX1,Transcription
ZHX2,Transcription
ZHX3,Transcription
ZIC1,Transcription
ZIC2,Transcription
ZIC3,Transcription
ZIC4,Transcription
ZIC5,Transcription
ZIK1,Transcription
ZIM2,Transcription
ZIM3,Transcription
ZKSCAN1,Transcription
ZKSCAN2,Transcription
ZKSCAN3,Transcription
ZKSCAN4,Transcription
ZKSCAN5,Transcription
ZKSCAN7,Transcription
ZKSCAN8,Transcription
ZMAT1,Nuc acid bind
ZMAT2,RNA processing
ZMAT2,Nuc acid bind
ZMAT3,DNA repair
ZMAT3,Nuc acid bind
ZMAT3,Apoptosis
ZMAT4,Nuc acid bind
ZMAT5,RNA processing
ZMIZ1,Transcription
ZMIZ2,Transcription
ZMPSTE24,Proteolysis
ZMYM5,Transcription
ZMYND10,Protein folding
ZMYND11,Chromatin
ZMYND8,Chromatin
ZMYND8,Transcription
ZNF10,Transcription
ZNF100,Transcription
ZNF101,Transcription
ZNF106,Nuc acid bind
ZNF107,Transcription
ZNF112,Transcription
ZNF114,Transcription
ZNF117,Transcription
ZNF12,Transcription
ZNF121,Transcription
ZNF124,Transcription
ZNF131,Transcription
ZNF132,Transcription
ZNF133,Transcription
ZNF134,Transcription
ZNF135,Transcription
ZNF136,Transcription
ZNF137P,Transcription
ZNF138,Transcription
ZNF14,Transcription
ZNF140,Transcription
ZNF141,Transcription
ZNF142,Transcription
ZNF143,Transcription
ZNF146,Transcription
ZNF148,Transcription
ZNF154,Transcription
ZNF155,Transcription
ZNF157,Transcription
ZNF16,Transcription
ZNF16,Cell cycle
ZNF160,Transcription
ZNF165,Transcription
ZNF169,Transcription
ZNF17,Transcription
ZNF174,Transcription
ZNF175,Transcription
ZNF177,Transcription
ZNF18,Transcription
ZNF180,Transcription
ZNF181,Transcription
ZNF182,Transcription
ZNF184,Transcription
ZNF189,Transcription
ZNF19,Transcription
ZNF195,Transcription
ZNF197,Transcription
ZNF2,Transcription
ZNF20,Transcription
ZNF202,Transcription
ZNF205,Transcription
ZNF207,Cell cycle
ZNF207,Nuc acid bind
ZNF208,Transcription
ZNF211,Transcription
ZNF212,Transcription
ZNF213,Transcription
ZNF214,Transcription
ZNF215,Transcription
ZNF217,Transcription
ZNF219,Transcription
ZNF22,Transcription
ZNF221,Transcription
ZNF222,Transcription
ZNF223,Transcription
ZNF224,Transcription
ZNF225,Transcription
ZNF226,Transcription
ZNF227,Transcription
ZNF229,Transcription
ZNF23,Transcription
ZNF230,Transcription
ZNF232,Transcription
ZNF233,Transcription
ZNF234,Transcription
ZNF235,Transcription
ZNF236,Transcription
ZNF239,Transcription
ZNF239,Nuc acid bind
ZNF24,Transcription
ZNF248,Transcription
ZNF25,Transcription
ZNF250,Transcription
ZNF251,Transcription
ZNF253,Transcription
ZNF254,Transcription
ZNF256,Transcription
ZNF257,Transcription
ZNF26,Transcription
ZNF260,Transcription
ZNF263,Transcription
ZNF264,Transcription
ZNF266,Transcription
ZNF267,Transcription
ZNF268,Transcription
ZNF268,Apoptosis
ZNF273,Transcription
ZNF274,Chromatin
ZNF274,Transcription
ZNF275,Transcription
ZNF276,Transcription
ZNF28,Transcription
ZNF280A,Transcription
ZNF280B,Transcription
ZNF280C,Transcription
ZNF280D,Transcription
ZNF281,Transcription
ZNF282,Transcription
ZNF283,Transcription
ZNF284,Transcription
ZNF285,Transcription
ZNF286A,Transcription
ZNF286B,Transcription
ZNF287,Transcription
ZNF292,Transcription
ZNF296,Transcription
ZNF3,Transcription
ZNF30,Transcription
ZNF300,Transcription
ZNF302,Transcription
ZNF304,Chromatin
ZNF304,Transcription
ZNF311,Transcription
ZNF316,Transcription
ZNF317,Transcription
ZNF318,Nuc acid bind
ZNF319,Transcription
ZNF32,Transcription
ZNF320,Transcription
ZNF322,Transcription
ZNF324,Transcription
ZNF324B,Transcription
ZNF326,Transcription
ZNF326,RNA processing
ZNF326,Nuc acid bind
ZNF329,Transcription
ZNF331,Transcription
ZNF333,Transcription
ZNF334,Transcription
ZNF335,Transcription
ZNF337,Transcription
ZNF33A,Transcription
ZNF33B,Transcription
ZNF34,Transcription
ZNF341,Transcription
ZNF343,Transcription
ZNF345,Transcription
ZNF346,Nuc acid bind
ZNF347,Transcription
ZNF35,Transcription
ZNF350,Transcription
ZNF354A,Transcription
ZNF354B,Transcription
ZNF354C,Transcription
ZNF355P,Transcription
ZNF358,Transcription
ZNF362,Transcription
ZNF366,Transcription
ZNF367,Transcription
ZNF37A,Transcription
ZNF382,Transcription
ZNF383,Transcription
ZNF384,Transcription
ZNF385A,DNA repair
ZNF385A,Nuc acid bind
ZNF385A,Apoptosis
ZNF385B,Nuc acid bind
ZNF385B,Apoptosis
ZNF385C,Nuc acid bind
ZNF385D,Nuc acid bind
ZNF391,Transcription
ZNF394,Transcription
ZNF395,Transcription
ZNF396,Transcription
ZNF397,Transcription
ZNF398,Transcription
ZNF404,Transcription
ZNF407,Transcription
ZNF407,Nuc acid bind
ZNF408,Transcription
ZNF41,Transcription
ZNF410,Transcription
ZNF414,Transcription
ZNF415,Transcription
ZNF416,Transcription
ZNF417,Transcription
ZNF418,Transcription
ZNF419,Transcription
ZNF420,Transcription
ZNF423,Transcription
ZNF425,Transcription
ZNF426,Transcription
ZNF429,Transcription
ZNF43,Transcription
ZNF430,Transcription
ZNF431,Transcription
ZNF432,Transcription
ZNF432,DNA repair
ZNF433,Transcription
ZNF436,Transcription
ZNF438,Transcription
ZNF439,Transcription
ZNF44,Transcription
ZNF440,Transcription
ZNF441,Transcription
ZNF442,Transcription
ZNF443,Transcription
ZNF443,Apoptosis
ZNF444,Transcription
ZNF445,Transcription
ZNF446,Transcription
ZNF449,Transcription
ZNF45,Transcription
ZNF454,Transcription
ZNF460,Transcription
ZNF461,Transcription
ZNF462,Transcription
ZNF467,Transcription
ZNF468,Transcription
ZNF469,Transcription
ZNF470,Transcription
ZNF471,Transcription
ZNF473,Transcription
ZNF479,Transcription
ZNF48,Transcription
ZNF480,Transcription
ZNF483,Transcription
ZNF484,Transcription
ZNF485,Transcription
ZNF486,Transcription
ZNF487,Transcription
ZNF488,Transcription
ZNF490,Transcription
ZNF491,Transcription
ZNF492,Transcription
ZNF493,Transcription
ZNF496,Transcription
ZNF497,Transcription
ZNF500,Transcription
ZNF501,Transcription
ZNF502,Transcription
ZNF506,Transcription
ZNF507,Transcription
ZNF510,Transcription
ZNF511,Transcription
ZNF512,Transcription
ZNF512B,Transcription
ZNF513,Transcription
ZNF514,Transcription
ZNF516,Transcription
ZNF517,Transcription
ZNF518A,Chromatin
ZNF518A,Transcription
ZNF518B,Chromatin
ZNF518B,Transcription
ZNF519,Transcription
ZNF521,Transcription
ZNF524,Transcription
ZNF525,Transcription
ZNF527,Transcription
ZNF528,Transcription
ZNF529,Transcription
ZNF530,Transcription
ZNF532,Transcription
ZNF534,Transcription
ZNF536,Transcription
ZNF540,Transcription
ZNF541,Transcription
ZNF542P,Transcription
ZNF543,Transcription
ZNF544,Transcription
ZNF546,Transcription
ZNF547,Transcription
ZNF548,Transcription
ZNF549,Transcription
ZNF550,Transcription
ZNF551,Transcription
ZNF552,Transcription
ZNF554,Transcription
ZNF555,Transcription
ZNF556,Transcription
ZNF557,Transcription
ZNF558,Transcription
ZNF559,Transcription
ZNF560,Transcription
ZNF561,Transcription
ZNF562,Transcription
ZNF563,Transcription
ZNF564,Transcription
ZNF565,Transcription
ZNF566,Transcription
ZNF567,Transcription
ZNF568,Transcription
ZNF569,Transcription
ZNF57,Transcription
ZNF570,Transcription
ZNF571,Transcription
ZNF572,Transcription
ZNF573,Transcription
ZNF574,Transcription
ZNF575,Transcription
ZNF576,Transcription
ZNF577,Transcription
ZNF578,Transcription
ZNF579,Transcription
ZNF579,Nuc acid bind
ZNF580,Transcription
ZNF580,Immune
ZNF581,Transcription
ZNF582,Transcription
ZNF583,Transcription
ZNF584,Transcription
ZNF585A,Transcription
ZNF585B,Transcription
ZNF586,Transcription
ZNF587,Transcription
ZNF587B,Transcription
ZNF589,Transcription
ZNF592,Transcription
ZNF593,Transcription
ZNF593,Nuc acid bind
ZNF594,Transcription
ZNF595,Transcription
ZNF596,Transcription
ZNF597,Transcription
ZNF598,Ubiquitin
ZNF598,Nuc acid bind
ZNF599,Transcription
ZNF600,Transcription
ZNF605,Transcription
ZNF606,Transcription
ZNF607,Transcription
ZNF608,Transcription
ZNF609,Transcription
ZNF610,Transcription
ZNF611,Transcription
ZNF613,Transcription
ZNF614,Transcription
ZNF615,Transcription
ZNF616,Transcription
ZNF618,Chromatin
ZNF618,Transcription
ZNF619,Transcription
ZNF620,Transcription
ZNF621,Transcription
ZNF622,Nuc acid bind
ZNF622,Apoptosis
ZNF623,Transcription
ZNF624,Transcription
ZNF625,Transcription
ZNF626,Transcription
ZNF627,Transcription
ZNF628,Transcription
ZNF629,Transcription
ZNF630,Transcription
ZNF638,RNA processing
ZNF638,Nuc acid bind
ZNF639,Transcription
ZNF641,Transcription
ZNF644,Transcription
ZNF646,Transcription
ZNF648,Transcription
ZNF649,Transcription
ZNF652,Transcription
ZNF653,Transcription
ZNF654,Transcription
ZNF655,Transcription
ZNF658,Transcription
ZNF658B,Transcription
ZNF66,Transcription
ZNF660,Transcription
ZNF662,Transcription
ZNF664,Transcription
ZNF665,Transcription
ZNF667,Transcription
ZNF668,Transcription
ZNF668,DNA repair
ZNF669,Transcription
ZNF670,Transcription
ZNF671,Transcription
ZNF672,Transcription
ZNF674,Transcription
ZNF675,Transcription
ZNF676,Transcription
ZNF677,Transcription
ZNF678,Transcription
ZNF679,Transcription
ZNF680,Transcription
ZNF681,Transcription
ZNF682,Transcription
ZNF683,Transcription
ZNF683,Immune
ZNF684,Transcription
ZNF687,Transcription
ZNF688,Transcription
ZNF689,Transcription
ZNF69,Transcription
ZNF691,Transcription
ZNF692,Transcription
ZNF695,Transcription
ZNF696,Transcription
ZNF697,Transcription
ZNF699,Transcription
ZNF7,Transcription
ZNF70,Transcription
ZNF700,Transcription
ZNF701,Transcription
ZNF702P,Transcription
ZNF703,Transcription
ZNF704,Transcription
ZNF705A,Transcription
ZNF705B,Transcription
ZNF705D,Transcription
ZNF705EP,Transcription
ZNF705G,Transcription
ZNF707,Transcription
ZNF708,Transcription
ZNF709,Transcription
ZNF71,Transcription
ZNF710,Transcription
ZNF711,Transcription
ZNF713,Transcription
ZNF714,Transcription
ZNF716,Transcription
ZNF717,Transcription
ZNF718,Transcription
ZNF721,Transcription
ZNF722,Transcription
ZNF723,Transcription
ZNF724,Transcription
ZNF726,Transcription
ZNF726P1,Transcription
ZNF727,Transcription
ZNF728,Transcription
ZNF729,Transcription
ZNF730,Transcription
ZNF732,Transcription
ZNF735,Transcription
ZNF736,Transcription
ZNF737,Transcription
ZNF738,Transcription
ZNF738,Ubiquitin
ZNF74,Transcription
ZNF74,Nuc acid bind
ZNF740,Transcription
ZNF746,Transcription
ZNF747,Transcription
ZNF749,Transcription
ZNF750,Transcription
ZNF75A,Transcription
ZNF75CP,Transcription
ZNF75D,Transcription
ZNF76,Transcription
ZNF761,Transcription
ZNF763,Transcription
ZNF764,Transcription
ZNF765,Transcription
ZNF766,Transcription
ZNF768,Transcription
ZNF768,Nuc acid bind
ZNF77,Transcription
ZNF770,Transcription
ZNF771,Transcription
ZNF772,Transcription
ZNF773,Transcription
ZNF774,Transcription
ZNF775,Transcription
ZNF776,Transcription
ZNF777,Transcription
ZNF778,Transcription
ZNF780A,Transcription
ZNF780B,Transcription
ZNF781,Transcription
ZNF782,Transcription
ZNF783,Transcription
ZNF784,Transcription
ZNF785,Transcription
ZNF786,Transcription
ZNF787,Transcription
ZNF788P,Transcription
ZNF789,Transcription
ZNF79,Transcription
ZNF790,Transcription
ZNF791,Transcription
ZNF792,Transcription
ZNF793,Transcription
ZNF799,Transcription
ZNF8,Transcription
ZNF80,Transcription
ZNF800,Transcription
ZNF805,Transcription
ZNF808,Transcription
ZNF81,Transcription
ZNF813,Transcription
ZNF814,Transcription
ZNF816,Transcription
ZNF821,Transcription
ZNF823,Transcription
ZNF826P,Transcription
ZNF827,Chromatin
ZNF827,Transcription
ZNF829,Transcription
ZNF83,Transcription
ZNF830,Cell cycle
ZNF830,RNA processing
ZNF830,Nuc acid bind
ZNF835,Transcription
ZNF836,Transcription
ZNF837,Transcription
ZNF84,Transcription
ZNF840P,Transcription
ZNF841,Transcription
ZNF844,Transcription
ZNF845,Transcription
ZNF846,Transcription
ZNF85,Transcription
ZNF850,Transcription
ZNF852,Transcription
ZNF853,Transcription
ZNF860,Transcription
ZNF861P,Transcription
ZNF862,Transcription
ZNF865,Transcription
ZNF875,Transcription
ZNF876P,Transcription
ZNF878,Transcription
ZNF879,Transcription
ZNF880,Transcription
ZNF883,Transcription
ZNF888,Transcription
ZNF891,Transcription
ZNF892,Transcription
ZNF90,Transcription
ZNF91,Transcription
ZNF92,Transcription
ZNF93,Transcription
ZNF98,Transcription
ZNF99,Transcription
ZNFX1,Nuc acid bind
ZNFX1,Immune
ZNG1E,GTPase
ZNHIT1,Chromatin
ZNHIT1,Transcription
ZNHIT3,Transcription
ZNRD2,Cell cycle
ZNRF1,Ubiquitin
ZNRF2,Ubiquitin
ZNRF3,Ubiquitin
ZNRF4,Ubiquitin
ZP3,Signaling
ZP3,Structural
ZPR1,Signaling
ZPR1,RNA processing
ZPR1,Cytoskeleton
ZPR1,Protein folding
ZRANB1,Proteolysis
ZRANB2,RNA processing
ZRANB2,Nuc acid bind
ZRANB3,DNA repair
ZRANB3,Nuc acid bind
ZRSR2,RNA processing
ZRSR2,Nuc acid bind
ZRSR2P1,Nuc acid bind
ZSCAN1,Transcription
ZSCAN10,Transcription
ZSCAN12,Transcription
ZSCAN16,Transcription
ZSCAN18,Transcription
ZSCAN2,Transcription
ZSCAN20,Transcription
ZSCAN21,Transcription
ZSCAN22,Transcription
ZSCAN23,Transcription
ZSCAN25,Transcription
ZSCAN26,Transcription
ZSCAN29,Transcription
ZSCAN30,Transcription
ZSCAN31,Transcription
ZSCAN32,Transcription
ZSCAN4,Transcription
ZSCAN5A,Transcription
ZSCAN5B,Transcription
ZSCAN5C,Transcription
ZSCAN5DP,Transcription
ZSCAN9,Transcription
ZSWIM2,Ubiquitin
ZSWIM2,Apoptosis
ZSWIM7,DNA repair
ZSWIM8,Ubiquitin
ZUP1,Transcription
ZW10,Cell cycle
ZW10,Transport
ZWILCH,Cell cycle
ZWINT,Cell cycle
ZXDA,Transcription
ZXDB,Transcription
ZXDC,Transcription
ZYX,Nuc acid bind
ZYX,Cell adhesion
ZZZ3,Chromatin
ZZZ3,Transcription
