word_hex,word_length,occurrences,expected,token_enrichment,carrier_proteins,carrier_genes_go,carrier_genes_total,primary_function,primary_func_enrichment,primary_func_p_value,primary_func_carriers_in_cat,n_significant_functions,all_significant_functions
0xC71C,2,81,0.6,141.5,81,44,54,Transcription,3.34,1.8623044238543712e-13,33,1,Transcription(3.34x)
0x4426,2,58,0.4,134.8,58,44,47,Transcription,4.35,3.619134421701839e-27,43,1,Transcription(4.35x)
0x0BD4,2,56,0.7,79.1,56,50,55,Transcription,4.36,4.92207018362419e-31,49,1,Transcription(4.36x)
0xCB2C,2,439,6.6,66.6,439,169,225,Chromatin,4.71,5.351929826895689e-16,38,3,Chromatin(4.71x); Transcription(2.79x); Nuc acid bind(2.23x)
0xC4DA,2,103,1.6,66.1,103,76,86,Transcription,4.27,7.866090855995379e-44,73,1,Transcription(4.27x)
0xE79E,2,153,2.7,56.7,153,70,104,RNA processing,5.89,7.479193342096456e-09,16,3,RNA processing(5.89x); Cytoskeleton(3.51x); Nuc acid bind(3.23x)
0xC72E,2,60,1.1,53.6,60,48,56,Transcription,4.45,5.66964401895435e-32,48,1,Transcription(4.45x)
0xB2CB,2,327,7.2,45.2,327,109,148,Chromatin,4.04,3.7176286926661674e-08,21,3,Chromatin(4.04x); Transcription(2.57x); Nuc acid bind(2.27x)
0xF7DF,2,776,17.8,43.6,776,317,467,RNA processing,3.17,1.488154810021043e-10,39,5,RNA processing(3.17x); Cytoskeleton(2.2x); Transcription(2.03x); Nuc acid bind(1.97x); Chromatin(1.92x)
0x71C7,2,121,2.8,42.9,121,62,76,Transcription,2.8,9.359763398637536e-12,39,2,Transcription(2.8x); Chromatin(2.7x)
0xA69A,2,430,10.3,41.8,430,201,274,Nuc acid bind,2.46,5.79115503038972e-09,46,4,Nuc acid bind(2.46x); RNA processing(2.31x); Transcription(2.19x); Chromatin(2.09x)
0x6690,2,136,3.5,38.9,136,103,122,Transcription,4.1,2.585705236538532e-52,95,1,Transcription(4.1x)
0xF56F,2,198,5.2,38.1,198,84,145,Transcription,1.75,0.00037965902699631373,33,1,Transcription(1.75x)
0xC96C,2,203,5.6,36.2,203,74,129,Cell cycle,4.66,2.0606642911318355e-05,11,1,Cell cycle(4.66x)
0x8798,2,98,3.0,32.2,98,62,73,Cell adhesion,11.29,8.028519383433963e-28,33,2,Cell adhesion(11.29x); RNA processing(4.15x)
0xF69F,2,183,6.1,29.9,183,99,145,Cell adhesion,3.0,0.00021550243941705102,14,2,Cell adhesion(3.0x); Transcription(1.53x)
0xE5DE,2,159,5.6,28.6,159,64,97,RNA processing,14.48,1.8594638259709615e-34,36,2,RNA processing(14.48x); Nuc acid bind(5.38x)
0x0B90,2,99,3.5,28.1,99,45,68,Chromatin,4.19,0.0002288712990200637,9,5,Chromatin(4.19x); Cell cycle(4.18x); RNA processing(3.43x); DNA repair(3.14x); Transcription(1.98x)
0xB6DB,2,675,24.6,27.5,675,313,440,Transcription,2.5,3.6360802743636145e-39,176,4,Transcription(2.5x); RNA processing(2.39x); Chromatin(1.87x); Nuc acid bind(1.79x)
0x0960,2,210,8.0,26.4,210,76,138,Chromatin,3.58,5.574225676711665e-05,13,2,Chromatin(3.58x); Cell cycle(3.3x)
0xF42F,2,59,2.3,26.1,59,25,41,Unclassified,0,1.0,0,0,
0x34D3,2,82,3.2,25.4,82,30,48,Cell adhesion,5.65,5.428680504392504e-05,8,1,Cell adhesion(5.65x)
0xE45C,2,74,2.9,25.2,74,53,62,Transcription,3.94,1.348963955685939e-24,47,1,Transcription(3.94x)
0x8B98,2,165,6.8,24.1,165,64,110,RNA processing,5.63,1.182467217192083e-07,14,3,RNA processing(5.63x); Cytoskeleton(3.84x); Nuc acid bind(2.86x)
0xB79B,2,59,2.5,23.7,59,36,51,Unclassified,0,1.0,0,0,
0x8968,2,422,17.9,23.5,422,163,288,Cytoskeleton,5.02,2.7965456835335795e-09,20,3,Cytoskeleton(5.02x); Cell cycle(4.81x); DNA repair(2.36x)
0xE79C,2,61,2.6,23.4,61,29,47,Unclassified,0,1.0,0,0,
0xE56E,2,90,3.9,23.3,90,35,61,Unclassified,0,1.0,0,0,
0x8618,2,222,9.5,23.3,222,104,150,Translation,5.24,4.0907630522791597e-07,14,3,Translation(5.24x); Chromatin(4.63x); Nuc acid bind(2.8x)
0x8B9E,2,67,2.9,23.2,67,28,49,Nuc acid bind,3.08,0.003099610287451758,8,1,Nuc acid bind(3.08x)
0xB56E,2,139,6.1,22.9,139,53,98,Unclassified,0,1.0,0,0,
0x2CB2,2,576,25.4,22.7,576,199,288,Chromatin,4.21,5.2625125049960525e-15,40,4,Chromatin(4.21x); Transcription(2.28x); Nuc acid bind(2.16x); DNA repair(1.83x)
0x0820,2,323,14.6,22.2,323,155,238,Chromatin,3.79,9.330581099286316e-10,28,3,Chromatin(3.79x); RNA processing(3.16x); Nuc acid bind(2.29x)
0x882F,2,134,6.1,21.9,134,92,117,Transcription,3.77,4.9306491106891404e-37,78,1,Transcription(3.77x)
0x8B9B,2,58,2.7,21.3,58,21,30,Unclassified,0,1.0,0,0,
0x3563,2,66,3.1,21.2,66,33,46,Cell adhesion,7.71,1.5463660053972426e-08,12,1,Cell adhesion(7.71x)
0x896C,2,197,9.6,20.6,197,69,136,Kinase,3.75,3.319634299262692e-05,13,1,Kinase(3.75x)
0xA79A,2,101,4.9,20.6,101,50,67,RNA processing,8.24,3.0461799657732084e-11,16,2,RNA processing(8.24x); Nuc acid bind(6.89x)
0xE42E,2,65,3.2,20.4,65,32,47,Chromatin,5.24,9.748440461982113e-05,8,3,Chromatin(5.24x); DNA repair(3.79x); Nuc acid bind(3.03x)
0xB56B,2,179,9.0,20.0,179,81,144,Transport,2.36,0.0020699723516744047,14,1,Transport(2.36x)
0xE79B,2,51,2.6,20.0,51,20,37,Kinase,4.97,0.002610522841426644,5,1,Kinase(4.97x)
0xA7DA,2,137,6.9,19.9,137,62,94,RNA processing,3.32,0.0026127977659906707,8,4,RNA processing(3.32x); Cell adhesion(2.74x); Chromatin(2.7x); Transcription(1.87x)
0x8A28,2,1621,82.5,19.6,1621,604,981,Chromatin,3.43,1.6208446109429978e-28,99,6,Chromatin(3.43x); RNA processing(2.43x); Cytoskeleton(2.24x); Nuc acid bind(2.05x); DNA repair(1.87x); Transcription(1.51x)
0x3653,2,71,3.6,19.5,71,36,50,Cell adhesion,7.07,4.7888034573415586e-08,12,1,Cell adhesion(7.07x)
0xE56C,2,149,7.8,19.2,149,59,109,Structural,3.99,0.0037682129988406868,6,1,Structural(3.99x)
0xE69E,2,81,4.2,19.2,81,36,59,Cell cycle,5.23,0.0008730917019328082,6,3,Cell cycle(5.23x); Nuc acid bind(4.79x); RNA processing(4.29x)
0x75D7,2,1173,62.8,18.7,1173,462,730,Cytoskeleton,2.92,3.031919883752691e-08,33,4,Cytoskeleton(2.92x); Chromatin(2.86x); RNA processing(1.9x); Transcription(1.87x)
0xF563,2,55,3.0,18.6,55,24,37,Unclassified,0,1.0,0,0,
0x096C,2,120,6.6,18.2,120,41,92,Cell cycle,6.89,4.389266415501265e-06,9,1,Cell cycle(6.89x)
0xF65F,2,91,5.1,17.9,91,49,66,Unclassified,0,1.0,0,0,
0xB563,2,67,3.8,17.5,67,31,48,Unclassified,0,1.0,0,0,
0xA42B,2,89,5.2,17.2,89,60,78,Transcription,3.78,1.007182141587787e-24,51,1,Transcription(3.78x)
0xB56A,2,134,7.9,17.0,134,62,105,Ion channel,4.46,7.683361139394595e-07,15,2,Ion channel(4.46x); Transport(3.09x)
0xC968,2,176,10.5,16.8,176,59,131,Cytoskeleton,4.86,0.0005556216640555755,7,3,Cytoskeleton(4.86x); Cell cycle(4.79x); GTPase(4.69x)
0xB56C,2,203,12.2,16.7,203,81,145,Unclassified,0,1.0,0,0,
0x0968,2,205,12.3,16.6,205,78,143,Cytoskeleton,5.25,1.8855739655252013e-05,10,3,Cytoskeleton(5.25x); Cell cycle(3.62x); Chromatin(2.69x)
0x896E,2,79,4.8,16.5,79,28,61,Cell adhesion,3.79,0.009148388630890224,5,1,Cell adhesion(3.79x)
0x1C71,2,83,5.1,16.4,83,41,53,Transcription,3.04,4.850513979892999e-10,28,1,Transcription(3.04x)
0xE790,2,77,4.7,16.3,77,41,62,Chromatin,4.6,0.00010730243786133646,9,1,Chromatin(4.6x)
0x356F,2,88,5.5,16.1,88,50,72,Chromatin,3.35,0.002336122024061565,8,2,Chromatin(3.35x); DNA repair(3.23x)
0x8960,2,185,11.6,16.0,185,75,135,GTPase,4.92,4.849668988856523e-06,12,3,GTPase(4.92x); Cytoskeleton(4.37x); Cell cycle(2.93x)
0x756F,2,229,14.4,15.9,229,96,170,Methylation,4.39,0.0024760161885342595,6,3,Methylation(4.39x); Cytoskeleton(2.99x); Nuc acid bind(1.91x)
0xF69B,2,92,5.8,15.9,92,44,69,Unclassified,0,1.0,0,0,
0xC960,2,107,6.8,15.8,107,45,81,Chromatin,3.26,0.005085501154203566,7,1,Chromatin(3.26x)
0xA42A,2,50,3.2,15.8,50,28,41,Translation,5.56,0.005387101505318792,4,1,Translation(5.56x)
0xF693,2,56,3.6,15.7,56,27,34,Unclassified,0,1.0,0,0,
0xF62F,2,127,8.1,15.6,127,61,96,Unclassified,0,1.0,0,0,
0x8825,2,303,19.7,15.4,303,111,208,Cell cycle,3.68,5.086476207045487e-05,13,2,Cell cycle(3.68x); Cytoskeleton(2.95x)
0xF72F,2,98,6.4,15.4,98,50,70,Chromatin,4.19,0.00010341036162615944,10,3,Chromatin(4.19x); Apoptosis(2.6x); Transcription(2.49x)
0x082E,2,71,4.6,15.3,71,33,51,Chromatin,6.98,1.9756732047212895e-07,11,2,Chromatin(6.98x); Transcription(2.02x)
0x7427,2,116,7.6,15.2,116,65,88,RNA processing,3.57,0.0008603770079768338,9,1,RNA processing(3.57x)
0xE62E,2,87,5.7,15.2,87,39,52,RNA processing,10.56,3.4655618729968094e-13,16,2,RNA processing(10.56x); Nuc acid bind(4.97x)
0xCA5C,2,68,4.5,15.2,68,26,34,Chromatin,4.03,0.006950665642384006,5,2,Chromatin(4.03x); Transcription(2.74x)
0x356E,2,74,4.9,15.0,74,37,55,Ion channel,3.98,0.0006867815033213885,8,2,Ion channel(3.98x); Transport(3.32x)
0x8208,2,207,13.8,15.0,207,97,136,RNA processing,3.19,0.0003640359593077291,12,4,RNA processing(3.19x); Chromatin(3.02x); Cell adhesion(2.62x); Nuc acid bind(2.0x)
0xCB2F,2,59,4.0,14.8,59,34,40,Chromatin,4.93,0.00015464815527752463,8,2,Chromatin(4.93x); Transcription(2.49x)
0x0A20,2,331,22.5,14.7,331,140,232,RNA processing,3.86,9.919588303515624e-08,21,6,RNA processing(3.86x); Chromatin(3.29x); Cytoskeleton(2.92x); Cell cycle(2.69x); Nuc acid bind(2.46x); DNA repair(2.17x)
0x8B90,2,74,5.1,14.7,74,37,59,DNA repair,3.28,0.008980029083071842,6,1,DNA repair(3.28x)
0x9450,2,80,5.4,14.7,80,25,45,Unclassified,0,1.0,0,0,
0xF7DA,2,172,11.8,14.6,172,89,130,Structural,3.97,0.00042722428111577316,9,4,Structural(3.97x); Cell adhesion(3.1x); RNA processing(2.6x); Nuc acid bind(1.94x)
0x8B25,2,177,12.4,14.3,177,65,118,Structural,3.63,0.006085838621832785,6,2,Structural(3.63x); DNA repair(2.8x)
0x3698,2,187,13.1,14.3,187,131,153,Transcription,3.12,1.7599603346263652e-31,92,1,Transcription(3.12x)
0x0829,2,56,4.0,14.2,56,14,31,Chromatin,5.99,0.0035029308643839464,4,1,Chromatin(5.99x)
0x356C,2,139,9.9,14.1,139,72,105,Cell adhesion,3.24,0.0005143351639908801,11,1,Cell adhesion(3.24x)
0x0825,2,207,14.7,14.1,207,79,127,Chromatin,2.65,0.00420090602299017,10,2,Chromatin(2.65x); Nuc acid bind(2.59x)
0xE568,2,204,14.5,14.1,204,86,146,Unclassified,0,1.0,0,0,
0xE798,2,90,6.4,14.0,90,41,63,RNA processing,5.02,0.00015051024236833153,8,3,RNA processing(5.02x); Kinase(3.4x); Nuc acid bind(3.15x)
0xA69F,2,82,5.9,14.0,82,40,58,RNA processing,4.51,0.000780758242800464,7,3,RNA processing(4.51x); Nuc acid bind(3.77x); Kinase(3.48x)
0xB568,2,316,22.8,13.9,316,132,233,Cell adhesion,2.73,0.00015357487552955501,17,1,Cell adhesion(2.73x)
0x3560,2,165,12.0,13.8,165,67,125,Cell adhesion,3.48,0.0002706362827980707,11,1,Cell adhesion(3.48x)
0xB560,2,203,14.7,13.8,203,76,166,Cytoskeleton,5.93,2.14569977641151e-06,11,2,Cytoskeleton(5.93x); Cell cycle(3.3x)
0x0560,2,68,4.9,13.8,68,35,54,Unclassified,0,1.0,0,0,
0x6CB2,2,178,12.9,13.8,178,66,112,Chromatin,4.13,1.1570127392662233e-05,13,3,Chromatin(4.13x); DNA repair(3.37x); Transcription(2.02x)
0x8A21,2,177,13.1,13.5,177,72,119,Cell cycle,3.92,0.00044612214568268534,9,1,Cell cycle(3.92x)
0xB7DF,2,130,9.8,13.2,130,66,94,Unclassified,0,1.0,0,0,
0xF5DF,2,230,17.5,13.2,230,115,170,Chromatin,2.37,0.0032654119440069036,13,3,Chromatin(2.37x); Apoptosis(2.01x); Transcription(1.74x)
0x772F,2,122,9.2,13.2,122,59,82,Chromatin,3.91,9.220742727850894e-05,11,3,Chromatin(3.91x); Kinase(2.7x); Transcription(1.88x)
0x8821,2,76,5.8,13.2,76,31,54,Unclassified,0,1.0,0,0,
0xF79F,2,63,4.8,13.2,63,34,49,Proteolysis,3.39,0.007551814186578249,6,1,Proteolysis(3.39x)
0x7423,2,52,4.0,13.1,52,22,39,Cytoskeleton,7.45,0.0018017683678350294,4,2,Cytoskeleton(7.45x); Cell cycle(5.71x)
0x3568,2,240,18.5,13.0,240,108,173,Structural,2.91,0.006291956547706168,8,2,Structural(2.91x); GTPase(2.56x)
0xB7DB,2,108,8.3,13.0,108,55,81,Cell adhesion,3.86,0.00021588507812041335,10,3,Cell adhesion(3.86x); Chromatin(3.05x); Transcription(2.18x)
0x0568,2,99,7.6,13.0,99,39,74,Unclassified,0,1.0,0,0,
0xE56B,2,73,5.7,12.8,73,34,55,Unclassified,0,1.0,0,0,
0x0821,2,55,4.3,12.8,55,32,44,DNA repair,4.42,0.0007997290064352425,7,1,DNA repair(4.42x)
0xA28A,2,972,77.3,12.6,972,388,642,Chromatin,3.08,1.9498633882547682e-14,57,5,Chromatin(3.08x); DNA repair(2.14x); Cytoskeleton(2.01x); Nuc acid bind(1.83x); RNA processing(1.79x)
0x0A21,2,83,6.6,12.6,83,32,69,Kinase,5.59,1.9189903298571022e-05,9,2,Kinase(5.59x); Cell cycle(4.9x)
0xE56F,2,54,4.3,12.6,54,25,40,Unclassified,0,1.0,0,0,
0xA427,2,56,4.4,12.6,56,29,38,Transcription,2.76,5.261558679108228e-06,18,1,Transcription(2.76x)
0xF56C,2,118,9.4,12.5,118,49,73,Cytoskeleton,4.18,0.006657509374990694,5,3,Cytoskeleton(4.18x); Chromatin(3.85x); Ubiquitin(3.14x)
0xB798,2,78,6.3,12.5,78,31,56,Unclassified,0,1.0,0,0,
0xB69B,2,91,7.4,12.4,91,45,68,Transcription,2.27,2.4438187386147498e-05,23,1,Transcription(2.27x)
0x3567,2,140,11.4,12.3,140,63,99,Unclassified,0,1.0,0,0,
0xA7DF,2,128,10.4,12.3,128,64,92,RNA processing,5.23,8.336752661446639e-07,13,3,RNA processing(5.23x); Nuc acid bind(3.03x); Cell adhesion(2.98x)
0xB7DA,2,80,6.5,12.3,80,46,63,Transcription,1.93,0.0012164560729502447,20,1,Transcription(1.93x)
0x896B,2,86,7.0,12.2,86,42,64,Unclassified,0,1.0,0,0,
0xC568,2,57,4.7,12.1,57,23,49,Cell adhesion,7.38,6.096463089769489e-06,8,1,Cell adhesion(7.38x)
0xB72B,2,60,5.0,12.0,60,27,41,Structural,5.82,0.004556997994075164,4,1,Structural(5.82x)
0xE420,2,119,10.0,11.9,119,53,94,Chromatin,3.56,0.0008147546690694003,9,1,Chromatin(3.56x)
0xB56F,2,80,6.7,11.9,80,40,58,Unclassified,0,1.0,0,0,
0x8828,2,426,36.2,11.8,426,166,283,Chromatin,3.91,4.8117893767517325e-11,31,4,Chromatin(3.91x); Cytoskeleton(3.7x); Cell cycle(2.27x); DNA repair(2.07x)
0x6081,2,82,6.9,11.8,82,29,58,Cytoskeleton,7.06,0.0006166144508856247,5,1,Cytoskeleton(7.06x)
0xDCBD,2,415,35.6,11.7,415,216,310,Chromatin,2.52,1.2928570693980453e-05,26,3,Chromatin(2.52x); Nuc acid bind(2.24x); Transcription(2.02x)
0x356B,2,85,7.3,11.7,85,39,64,Cell adhesion,3.81,0.002062674608433717,7,2,Cell adhesion(3.81x); Chromatin(3.22x)
0x082C,2,88,7.5,11.7,88,45,65,Unclassified,0,1.0,0,0,
0x0B2C,2,52,4.4,11.7,52,22,35,Unclassified,0,1.0,0,0,
0x2082,2,787,67.6,11.6,787,321,492,Chromatin,3.72,2.9518777901777727e-18,57,6,Chromatin(3.72x); RNA processing(3.21x); Nuc acid bind(2.48x); Cytoskeleton(2.17x); Cell cycle(1.96x); DNA repair(1.83x)
0x25B2,2,639,55.1,11.6,639,236,416,Cytoskeleton,2.95,6.858800227202143e-05,17,2,Cytoskeleton(2.95x); Cell cycle(2.79x)
0xA56F,2,134,11.6,11.6,134,55,93,Structural,4.28,0.002638694999842276,6,3,Structural(4.28x); Cell adhesion(3.86x); Nuc acid bind(2.54x)
0x8A18,2,257,22.6,11.4,257,124,176,Chromatin,3.38,1.5583040926625693e-06,20,4,Chromatin(3.38x); RNA processing(2.7x); Nuc acid bind(2.26x); Transcription(1.72x)
0x365F,2,52,4.6,11.4,52,32,41,Unclassified,0,1.0,0,0,
0xD5BD,2,1215,107.8,11.3,1215,527,865,Cytoskeleton,2.41,5.29686690697665e-06,31,3,Cytoskeleton(2.41x); Chromatin(1.87x); Kinase(1.62x)
0x8967,2,125,11.0,11.3,125,53,92,Unclassified,0,1.0,0,0,
0x0567,2,53,4.7,11.3,53,27,42,Unclassified,0,1.0,0,0,
0x1099,2,58,5.1,11.3,58,45,51,Transcription,3.66,2.6568904411768147e-17,37,1,Transcription(3.66x)
0x28A2,2,2060,183.3,11.2,2060,764,1285,Chromatin,2.85,2.8321646527693005e-23,104,6,Chromatin(2.85x); Cytoskeleton(2.68x); Cell cycle(2.18x); RNA processing(1.99x); DNA repair(1.85x); Nuc acid bind(1.78x)
0x8A25,2,503,44.9,11.2,503,201,344,Cell cycle,3.9,5.445192959247699e-09,25,3,Cell cycle(3.9x); DNA repair(2.31x); Chromatin(2.09x)
0xB42B,2,51,4.6,11.1,51,16,31,Unclassified,0,1.0,0,0,
0x7DF7,2,1215,110.4,11.0,1215,465,719,RNA processing,3.05,9.995209061668832e-14,55,6,RNA processing(3.05x); Chromatin(2.66x); Cytoskeleton(2.11x); Nuc acid bind(1.94x); Transcription(1.82x); Kinase(1.58x)
0x7627,2,183,16.7,11.0,183,93,139,Chromatin,4.73,1.8501653772121326e-09,21,4,Chromatin(4.73x); DNA repair(3.91x); Cytoskeleton(3.52x); RNA processing(2.49x)
0xA69B,2,61,5.5,11.0,61,33,50,Transcription,1.89,0.008306349086256729,14,1,Transcription(1.89x)
0xA65F,2,53,4.9,10.9,53,24,38,Unclassified,0,1.0,0,0,
0xE69A,2,80,7.4,10.8,80,42,50,RNA processing,7.97,3.5421271160580878e-09,13,2,RNA processing(7.97x); Nuc acid bind(6.41x)
0x7693,2,65,6.0,10.8,65,29,51,Cell adhesion,6.58,4.653636553817163e-06,9,2,Cell adhesion(6.58x); Kinase(4.8x)
0xCA25,2,165,15.3,10.8,165,65,122,Unclassified,0,1.0,0,0,
0xE56A,2,54,5.0,10.8,54,20,38,Kinase,4.97,0.002610522841426644,5,1,Kinase(4.97x)
0x8850,2,74,6.9,10.8,74,30,48,Cytoskeleton,5.46,0.005791790601654769,4,2,Cytoskeleton(5.46x); Kinase(4.64x)
0xCA2B,2,73,6.8,10.8,73,24,52,Unclassified,0,1.0,0,0,
0x082B,2,70,6.5,10.8,70,29,44,Nuc acid bind,3.71,0.00017732027879899793,10,1,Nuc acid bind(3.71x)
0x0A25,2,241,22.6,10.7,241,107,174,Cytoskeleton,4.97,1.9690782242310334e-06,13,4,Cytoskeleton(4.97x); GTPase(2.87x); Cell cycle(2.64x); Kinase(2.23x)
0xD5B1,2,236,22.1,10.7,236,91,170,Chromatin,2.53,0.00393418188027019,11,2,Chromatin(2.53x); Ubiquitin(2.42x)
0x87D8,2,69,6.4,10.7,69,33,56,DNA repair,3.67,0.005055522806155949,6,1,DNA repair(3.67x)
0xF567,2,116,10.9,10.7,116,62,87,Cell adhesion,3.42,0.0005900380627219588,10,2,Cell adhesion(3.42x); Transcription(1.65x)
0x7560,2,337,31.7,10.6,337,119,222,Cell cycle,2.9,0.001447314990819702,11,2,Cell cycle(2.9x); DNA repair(2.72x)
0x7727,2,119,11.2,10.6,119,54,90,Unclassified,0,1.0,0,0,
0xCB25,2,135,12.8,10.6,135,52,85,Chromatin,4.43,2.695792158089887e-05,11,3,Chromatin(4.43x); DNA repair(3.11x); Transcription(1.8x)
0x096B,2,51,4.8,10.5,51,23,39,Cell cycle,5.46,0.005562536156680917,4,2,Cell cycle(5.46x); DNA repair(5.27x)
0xE567,2,93,8.9,10.4,93,38,64,Unclassified,0,1.0,0,0,
0x5B98,2,306,29.4,10.4,306,129,231,Cell cycle,4.38,1.3479457505698817e-07,18,4,Cell cycle(4.38x); Cytoskeleton(4.13x); Structural(2.74x); DNA repair(2.19x)
0xF56A,2,63,6.1,10.4,63,30,51,Cytoskeleton,6.82,0.0007253137620857431,5,1,Cytoskeleton(6.82x)
0xC825,2,73,7.0,10.4,73,29,65,Unclassified,0,1.0,0,0,
0x9E79,2,416,39.8,10.4,416,176,283,RNA processing,3.95,8.71830107198063e-10,27,5,RNA processing(3.95x); Cytoskeleton(3.02x); Nuc acid bind(2.08x); Chromatin(2.02x); Kinase(1.92x)
0x3650,2,86,8.2,10.4,86,43,72,Unclassified,0,1.0,0,0,
0x8568,2,242,23.6,10.3,242,104,170,Structural,4.15,6.644061052664448e-05,11,3,Structural(4.15x); Cell cycle(3.02x); Cell adhesion(2.45x)
0xA56A,2,140,13.5,10.3,140,60,104,Unclassified,0,1.0,0,0,
0xF56B,2,71,6.9,10.3,71,36,52,Methylation,7.8,0.00164583814961535,4,3,Methylation(7.8x); Chromatin(3.49x); Transcription(2.22x)
0xCB2B,2,58,5.7,10.3,58,29,40,Chromatin,4.34,0.0021354332930503695,6,2,Chromatin(4.34x); Transcription(2.76x)
0x882B,2,89,8.7,10.2,89,32,58,Unclassified,0,1.0,0,0,
0x882A,2,54,5.3,10.2,54,22,38,Cell adhesion,4.82,0.0030943467221088206,5,1,Cell adhesion(4.82x)
0x7798,2,166,16.4,10.1,166,69,109,RNA processing,4.48,1.2045244725923895e-05,12,4,RNA processing(4.48x); Cytoskeleton(3.56x); Cell cycle(3.18x); Nuc acid bind(2.65x)
0xA69E,2,59,5.8,10.1,59,31,47,RNA processing,6.65,1.7488455869636954e-05,8,2,RNA processing(6.65x); Nuc acid bind(4.51x)
0xCBDC,2,72,7.1,10.1,72,39,54,Transcription,2.51,4.503944141118163e-06,22,2,Transcription(2.51x); Nuc acid bind(2.48x)
0x75D3,2,186,18.6,10.0,186,98,139,Kinase,2.64,0.001213180014892738,13,2,Kinase(2.64x); Transcription(2.0x)
0x8628,2,346,34.7,10.0,346,156,248,Chromatin,4.43,2.971815439892278e-13,33,5,Chromatin(4.43x); RNA processing(2.64x); DNA repair(2.59x); Nuc acid bind(1.79x); Transcription(1.68x)
0x0A10,2,56,5.6,10.0,56,21,41,Unclassified,0,1.0,0,0,
0x7567,2,303,30.2,10.0,303,132,228,Cytoskeleton,3.72,9.252099640024306e-05,12,1,Cytoskeleton(3.72x)
0x37DF,2,88,8.8,10.0,88,45,61,Chromatin,3.26,0.005085501154203566,7,2,Chromatin(3.26x); Transcription(1.88x)
0x5B90,2,216,21.7,10.0,216,91,154,Kinase,2.84,0.0005969001343599064,13,1,Kinase(2.84x)
0x896F,2,53,5.3,10.0,53,18,36,RNA processing,5.72,0.004453343291130165,4,1,RNA processing(5.72x)
0xE5DC,2,92,9.2,10.0,92,25,70,Unclassified,0,1.0,0,0,
0x77D7,2,331,33.4,9.9,331,147,238,Cytoskeleton,4.46,5.888152395151792e-07,16,4,Cytoskeleton(4.46x); Kinase(2.71x); Chromatin(2.42x); Transcription(1.88x)
0xB567,2,139,14.0,9.9,139,60,107,Unclassified,0,1.0,0,0,
0x5B9C,2,119,12.0,9.9,119,58,95,Kinase,2.74,0.00811456160789427,8,1,Kinase(2.74x)
0x77DE,2,99,10.0,9.9,99,41,64,Cytoskeleton,4.99,0.0030647219855839385,5,1,Cytoskeleton(4.99x)
0x765F,2,84,8.5,9.9,84,37,61,Chromatin,4.53,0.00028978487637748096,8,2,Chromatin(4.53x); Transcription(1.92x)
0x09D0,2,84,8.5,9.9,84,44,64,RNA processing,4.1,0.0014039037168276048,7,1,RNA processing(4.1x)
0x45C4,2,76,7.7,9.9,76,53,63,Transcription,3.61,1.7735755281222473e-19,43,1,Transcription(3.61x)
0x756E,2,128,13.1,9.8,128,55,94,Transport,2.73,0.0018412864699504762,11,1,Transport(2.73x)
0x35D3,2,69,7.0,9.8,69,27,47,Cytoskeleton,7.58,0.0004362647639329629,5,1,Cytoskeleton(7.58x)
0xC820,2,69,7.0,9.8,69,25,50,Unclassified,0,1.0,0,0,
0x1CB9,2,90,9.2,9.8,90,54,75,Transcription,3.46,8.617284770419802e-18,42,1,Transcription(3.46x)
0x37DA,2,57,5.8,9.7,57,28,41,Unclassified,0,1.0,0,0,
0xE65C,2,51,5.3,9.7,51,27,39,Transcription,2.64,4.040491819833539e-05,16,1,Transcription(2.64x)
0x7136,2,229,23.6,9.7,229,148,187,Transcription,3.7,7.258913895575681e-56,123,1,Transcription(3.7x)
0x779E,2,67,6.9,9.7,67,27,49,Kinase,5.89,3.702828855701018e-05,8,3,Kinase(5.89x); Cell cycle(5.81x); Nuc acid bind(2.79x)
0x8829,2,51,5.3,9.6,51,21,34,Transport,3.9,0.0031568553825779304,6,1,Transport(3.9x)
0x356A,2,61,6.4,9.6,61,30,43,Structural,6.55,0.0008755307462200585,5,2,Structural(6.55x); Cell adhesion(4.24x)
0x0A2E,2,68,7.1,9.5,68,29,44,RNA processing,5.33,0.000737036368294253,6,2,RNA processing(5.33x); Nuc acid bind(3.71x)
0xF7DC,2,108,11.4,9.5,108,56,79,Chromatin,3.37,0.0012266311799479243,9,2,Chromatin(3.37x); Transcription(1.67x)
0x7797,2,235,24.6,9.5,235,112,158,RNA processing,10.58,9.825783601568009e-36,46,2,RNA processing(10.58x); Nuc acid bind(3.75x)
0xCA2C,2,75,7.9,9.5,75,28,52,DNA repair,4.33,0.002120887198611245,6,1,DNA repair(4.33x)
0x756C,2,245,26.2,9.4,245,112,179,Kinase,2.31,0.004043164198544227,13,1,Kinase(2.31x)
0x77DA,2,161,17.1,9.4,161,69,114,Transcription,1.68,0.0030343999743501844,26,1,Transcription(1.68x)
0xE797,2,90,9.6,9.4,90,35,60,RNA processing,10.3,1.6162864262478294e-11,14,2,RNA processing(10.3x); Nuc acid bind(3.69x)
0x769B,2,91,9.7,9.4,91,49,72,Unclassified,0,1.0,0,0,
0xF6DF,2,212,22.8,9.3,212,95,152,Transcription,2.06,2.2825071548127538e-07,44,1,Transcription(2.06x)
0x1899,2,76,8.2,9.3,76,53,64,Structural,5.19,0.0003662491137027044,7,2,Structural(5.19x); Transcription(3.27x)
0x9171,2,71,7.6,9.3,71,56,64,Transcription,3.81,1.1345032272631509e-23,48,1,Transcription(3.81x)
0xE560,2,86,9.4,9.2,86,38,70,DNA repair,4.25,0.0004489273441309568,8,2,DNA repair(4.25x); Cell cycle(4.13x)
0x0B25,2,79,8.6,9.2,79,26,51,Unclassified,0,1.0,0,0,
0x7563,2,76,8.2,9.2,76,39,56,Cell adhesion,3.81,0.002062674608433717,7,1,Cell adhesion(3.81x)
0x9CBD,2,104,11.3,9.2,104,34,78,Unclassified,0,1.0,0,0,
0x8820,2,179,19.6,9.1,179,80,124,Cytoskeleton,5.63,3.5992690411516352e-06,11,3,Cytoskeleton(5.63x); Chromatin(3.41x); Kinase(2.73x)
0xF7DB,2,137,15.1,9.1,137,66,100,Nuc acid bind,2.61,0.00027128415410488125,16,2,Nuc acid bind(2.61x); Transcription(2.02x)
0x7698,2,219,24.4,9.0,219,93,166,Cell adhesion,2.74,0.0013688158630357555,12,2,Cell adhesion(2.74x); Transcription(1.53x)
0x8420,2,63,7.0,9.0,63,25,44,Cytoskeleton,8.19,0.0002988330838093039,5,1,Cytoskeleton(8.19x)
0xBDF7,2,126,14.0,9.0,126,64,98,RNA processing,3.22,0.003197405336161825,8,2,RNA processing(3.22x); Transcription(1.67x)
0x18A1,2,185,20.5,9.0,185,82,141,Phosphatase,4.82,0.0037939451186607535,5,4,Phosphatase(4.82x); Proteolysis(2.57x); Chromatin(2.56x); DNA repair(2.46x)
0x0A2B,2,89,10.0,8.9,89,31,56,Structural,5.07,0.007544883535852397,4,1,Structural(5.07x)
0x9371,2,62,6.9,8.9,62,49,58,Transcription,3.99,1.3088036114873307e-23,44,1,Transcription(3.99x)
0x25B9,2,515,58.4,8.8,515,204,357,Chromatin,2.05,0.0018000307609370115,20,3,Chromatin(2.05x); Kinase(1.95x); DNA repair(1.88x)
0x7568,2,432,49.0,8.8,432,179,304,Cytoskeleton,2.52,0.004511978082958625,11,1,Cytoskeleton(2.52x)
0x77D3,2,87,9.9,8.8,87,41,73,Cytoskeleton,4.99,0.0030647219855839385,5,3,Cytoskeleton(4.99x); Chromatin(3.58x); Transcription(1.95x)
0x8A2B,2,175,19.8,8.8,175,66,120,Cell cycle,3.8,0.001130528505631391,8,3,Cell cycle(3.8x); RNA processing(3.51x); Nuc acid bind(2.12x)
0x6082,2,189,21.4,8.8,189,86,135,Cell cycle,4.38,1.687429682885326e-05,12,4,Cell cycle(4.38x); Chromatin(3.9x); Cytoskeleton(3.33x); Kinase(2.54x)
0x8567,2,126,14.5,8.7,126,48,94,Chromatin,3.06,0.007297369657181163,7,1,Chromatin(3.06x)
0x6F7D,2,387,44.6,8.7,387,177,262,Chromatin,2.25,0.0007948295324484827,19,2,Chromatin(2.25x); Transcription(1.66x)
0x8560,2,133,15.2,8.7,133,65,99,Kinase,4.28,3.2198522574908393e-06,14,2,Kinase(4.28x); Apoptosis(2.45x)
0xF5D7,2,196,22.6,8.7,196,85,141,Cytoskeleton,4.34,0.00022204278098224888,9,2,Cytoskeleton(4.34x); Transcription(1.83x)
0xF62A,2,61,7.1,8.7,61,29,48,Unclassified,0,1.0,0,0,
0xD59D,2,1389,161.6,8.6,1389,633,1038,Cell cycle,1.83,0.00026461831462528876,37,6,Cell cycle(1.83x); Cytoskeleton(1.68x); Ion channel(1.6x); Cell adhesion(1.57x); Chromatin(1.56x); Kinase(1.51x)
0x5960,2,564,65.9,8.6,564,225,380,Cytoskeleton,2.73,0.00042094212350762106,15,5,Cytoskeleton(2.73x); Cell cycle(2.09x); Kinase(1.94x); DNA repair(1.89x); Transport(1.76x)
0x6CAD,2,158,18.4,8.6,158,62,114,Cytoskeleton,3.96,0.003939836241181061,6,1,Cytoskeleton(3.96x)
0xF5DC,2,96,11.1,8.6,96,37,70,Chromatin,5.66,6.142849882089553e-06,10,2,Chromatin(5.66x); Transcription(2.4x)
0x74D3,2,57,6.7,8.5,57,23,32,Cell adhesion,6.45,6.33426791515804e-05,7,1,Cell adhesion(6.45x)
0x9882,2,267,31.6,8.4,267,152,216,Transcription,2.96,2.9435258963786886e-31,101,1,Transcription(2.96x)
0x0A29,2,51,6.1,8.4,51,21,38,Unclassified,0,1.0,0,0,
0xDB6D,2,2220,267.0,8.3,2220,945,1429,Chromatin,2.06,8.572676455957316e-12,93,3,Chromatin(2.06x); Transcription(1.85x); Cytoskeleton(1.52x)
0x68A2,2,464,55.8,8.3,464,164,314,Cytoskeleton,3.99,2.555150942097982e-06,16,4,Cytoskeleton(3.99x); Cell cycle(3.83x); Chromatin(2.3x); DNA repair(1.97x)
0xDC8D,2,221,26.8,8.3,221,83,142,Cell cycle,3.4,0.0012672093329224932,9,3,Cell cycle(3.4x); DNA repair(2.68x); Chromatin(2.52x)
0x5B9E,2,103,12.4,8.3,103,48,80,Unclassified,0,1.0,0,0,
0x365C,2,57,6.9,8.3,57,30,47,Cell adhesion,4.95,0.00039442108137066807,7,1,Cell adhesion(4.95x)
0xF420,2,60,7.2,8.3,60,23,38,Chromatin,4.56,0.004000621113917155,5,1,Chromatin(4.56x)
0x856E,2,52,6.3,8.3,52,24,32,Structural,8.18,0.00029594141142778906,5,1,Structural(8.18x)
0x8650,2,54,6.6,8.2,54,29,43,Cell adhesion,8.77,2.691114123924934e-09,12,1,Cell adhesion(8.77x)
0x75DA,2,265,32.1,8.2,265,114,202,Chromatin,2.57,0.001039091595370623,14,3,Chromatin(2.57x); Kinase(2.44x); Transcription(1.6x)
0x9A69,2,747,91.6,8.2,747,344,490,RNA processing,3.29,2.4311334069364352e-12,44,4,RNA processing(3.29x); Nuc acid bind(2.94x); Chromatin(1.89x); Transcription(1.67x)
0x596B,2,328,40.0,8.2,328,144,243,Ion channel,2.43,0.00028763333936219495,19,3,Ion channel(2.43x); Kinase(2.07x); Transport(1.99x)
0x8827,2,61,7.5,8.2,61,18,53,Chromatin,4.66,0.00920113103709135,4,1,Chromatin(4.66x)
0x596C,2,449,54.5,8.2,449,178,330,DNA repair,2.5,6.774702369327064e-05,22,2,DNA repair(2.5x); Kinase(2.01x)
0x896A,2,51,6.2,8.2,51,22,36,Cell cycle,7.13,0.0005389783935156031,5,1,Cell cycle(7.13x)
0x37DB,2,61,7.5,8.2,61,25,44,Chromatin,5.03,0.0009364990570852517,6,1,Chromatin(5.03x)
0xF7DE,2,56,6.9,8.2,56,29,45,Unclassified,0,1.0,0,0,
0xF7D3,2,56,6.8,8.2,56,24,39,Nuc acid bind,3.14,0.004929373800958468,7,1,Nuc acid bind(3.14x)
0xE425,2,82,10.1,8.1,82,42,60,DNA repair,3.85,0.0009100810956418948,8,1,DNA repair(3.85x)
0x6882,2,280,34.5,8.1,280,112,202,Cell cycle,4.76,8.614013169714457e-08,17,2,Cell cycle(4.76x); Cytoskeleton(3.29x)
0x37D8,2,96,11.9,8.1,96,49,75,Cytoskeleton,5.85,0.0001722745299283528,7,1,Cytoskeleton(5.85x)
0x3425,2,79,9.7,8.1,79,37,55,Cytoskeleton,5.53,0.0019299182862910166,5,1,Cytoskeleton(5.53x)
0x5451,2,78,9.6,8.1,78,32,48,Ion channel,3.45,0.00675811203541896,6,2,Ion channel(3.45x); Signaling(1.87x)
0xB69F,2,63,7.8,8.1,63,35,51,Unclassified,0,1.0,0,0,
0x769F,2,82,10.3,8.0,82,33,69,Transcription,2.29,0.0002481094809126497,17,1,Transcription(2.29x)
0x75D0,2,270,33.8,8.0,270,123,189,DNA repair,2.96,3.335094032708979e-05,18,3,DNA repair(2.96x); Chromatin(2.73x); Cell cycle(2.55x)
0x35D7,2,189,23.7,8.0,189,92,149,Cytoskeleton,6.23,4.5295361830690177e-08,14,2,Cytoskeleton(6.23x); Cell cycle(2.73x)
0x60A2,2,276,34.6,8.0,276,117,210,Cell cycle,4.56,1.656740066240739e-07,17,5,Cell cycle(4.56x); Cytoskeleton(3.5x); GTPase(2.63x); Ubiquitin(2.26x); Chromatin(2.15x)
0x0A90,2,74,9.2,8.0,74,38,57,Chromatin,4.41,0.00035192772641969076,8,2,Chromatin(4.41x); Apoptosis(3.42x)
0x5B9B,2,94,11.7,8.0,94,39,70,Ion channel,3.78,0.0009943313133943192,8,2,Ion channel(3.78x); Transport(2.8x)
0x882E,2,50,6.2,8.0,50,21,35,Unclassified,0,1.0,0,0,
0x8A2A,2,97,12.1,8.0,97,46,75,Unclassified,0,1.0,0,0,
0xC967,2,52,6.5,8.0,52,22,40,Unclassified,0,1.0,0,0,
0x8818,2,79,9.9,8.0,79,33,48,Unclassified,0,1.0,0,0,
0xD5A9,2,842,106.5,7.9,842,378,622,Kinase,2.05,1.5585098453246702e-05,39,3,Kinase(2.05x); Transport(1.7x); Cell adhesion(1.68x)
0x0A28,2,326,41.5,7.9,326,147,238,Chromatin,3.42,1.1220179511875524e-07,24,5,Chromatin(3.42x); Cytoskeleton(3.34x); Cell cycle(2.35x); RNA processing(2.28x); DNA repair(2.2x)
0xA62A,2,53,6.7,7.9,53,26,42,Unclassified,0,1.0,0,0,
0x77DB,2,172,21.9,7.9,172,72,116,Transcription,1.85,0.000206803993605379,30,1,Transcription(1.85x)
0xA798,2,52,6.6,7.9,52,26,33,Unclassified,0,1.0,0,0,
0x8288,2,143,18.1,7.9,143,66,110,Chromatin,3.17,0.0010698409358269464,10,1,Chromatin(3.17x)
0xF4DF,2,50,6.3,7.9,50,28,44,Transcription,2.22,0.0012759993765984468,14,1,Transcription(2.22x)
0x8A29,2,95,12.1,7.9,95,44,70,Cytoskeleton,5.58,0.0006524645150827969,6,1,Cytoskeleton(5.58x)
0xF568,2,137,17.6,7.8,137,63,99,Chromatin,3.33,0.0007367182793504899,10,2,Chromatin(3.33x); DNA repair(2.89x)
0x8A20,2,346,44.6,7.8,346,148,244,Chromatin,3.4,1.2803095340870084e-07,24,2,Chromatin(3.4x); Cell cycle(2.97x)
0xD58D,2,630,81.2,7.8,630,275,456,Cell adhesion,2.16,0.0001046063439908192,28,1,Cell adhesion(2.16x)
0x72CB,2,194,24.7,7.8,194,90,123,Chromatin,5.12,1.468676334225195e-10,22,3,Chromatin(5.12x); Nuc acid bind(2.39x); Transcription(2.37x)
0x0967,2,59,7.6,7.8,59,21,44,Unclassified,0,1.0,0,0,
0x608D,2,94,12.1,7.8,94,36,67,Unclassified,0,1.0,0,0,
0xC9DC,2,52,6.6,7.8,52,16,43,Unclassified,0,1.0,0,0,
0x6DB6,2,1512,195.8,7.7,1512,665,1000,Transcription,1.93,2.7112875150367907e-35,289,2,Transcription(1.93x); Chromatin(1.92x)
0x259D,2,661,86.1,7.7,661,271,477,Cytoskeleton,2.57,0.00036086100007053334,17,4,Cytoskeleton(2.57x); Cell cycle(2.32x); DNA repair(2.01x); Chromatin(1.78x)
0x7617,2,170,22.1,7.7,170,77,118,Methylation,5.47,0.0007906452340848082,6,5,Methylation(5.47x); Chromatin(5.44x); RNA processing(2.68x); DNA repair(2.62x); Transcription(1.68x)
0x756B,2,148,19.2,7.7,148,65,113,Unclassified,0,1.0,0,0,
0x6C82,2,137,17.8,7.7,137,49,94,Structural,4.81,0.0014456969555270377,6,2,Structural(4.81x); Cell cycle(3.84x)
0x756A,2,131,16.9,7.7,131,57,96,Unclassified,0,1.0,0,0,
0x7790,2,93,12.1,7.7,93,45,74,Kinase,3.09,0.0067392360017306365,7,1,Kinase(3.09x)
0x108D,2,87,11.3,7.7,87,36,59,Unclassified,0,1.0,0,0,
0xD8A1,2,472,62.3,7.6,472,213,340,Chromatin,3.05,2.6333725847273486e-08,31,2,Chromatin(3.05x); Kinase(2.15x)
0x596A,2,267,35.2,7.6,267,133,199,Ion channel,2.49,0.000300469024725866,18,2,Ion channel(2.49x); Transport(2.05x)
0x79E7,2,281,36.9,7.6,281,132,195,RNA processing,3.51,3.3517192004679474e-06,18,4,RNA processing(3.51x); Cytoskeleton(2.79x); Nuc acid bind(2.28x); Kinase(2.11x)
0x0B20,2,65,8.6,7.6,65,34,51,Unclassified,0,1.0,0,0,
0x779C,2,51,6.7,7.6,51,28,39,Unclassified,0,1.0,0,0,
0x8690,2,59,7.7,7.6,59,25,41,Unclassified,0,1.0,0,0,
0xDF7D,2,2221,296.0,7.5,2221,870,1321,Chromatin,2.29,9.187986419400768e-15,95,6,Chromatin(2.29x); Cytoskeleton(2.21x); Transcription(1.85x); RNA processing(1.84x); Nuc acid bind(1.66x); Kinase(1.51x)
0x7623,2,65,8.6,7.5,65,34,48,Unclassified,0,1.0,0,0,
0x77DC,2,123,16.5,7.5,123,58,94,Kinase,3.77,0.00012487986713937324,11,3,Kinase(3.77x); Chromatin(3.25x); Transcription(2.07x)
0x77DF,2,195,25.8,7.5,195,100,148,Transcription,1.91,3.664167634171826e-06,43,1,Transcription(1.91x)
0xB62B,2,110,14.7,7.5,110,41,71,Unclassified,0,1.0,0,0,
0x769A,2,136,18.1,7.5,136,64,101,RNA processing,3.22,0.003197405336161825,8,2,RNA processing(3.22x); Transcription(2.29x)
0xCA20,2,115,15.3,7.5,115,46,83,Cytoskeleton,7.12,1.3429139383551743e-05,8,3,Cytoskeleton(7.12x); Structural(4.27x); Cell cycle(4.09x)
0xB2C9,2,54,7.2,7.5,54,23,37,Chromatin,5.47,0.0005790875934840826,6,1,Chromatin(5.47x)
0xDCA9,2,265,35.1,7.5,265,112,180,Transcription,1.59,0.0009554736305374249,40,1,Transcription(1.59x)
0xF5D3,2,50,6.7,7.5,50,20,37,Unclassified,0,1.0,0,0,
0xE428,2,139,18.5,7.5,139,60,91,Nuc acid bind,2.15,0.008230210848272032,12,1,Nuc acid bind(2.15x)
0x5082,2,179,23.8,7.5,179,96,130,Cell cycle,3.6,0.0002323281156889018,11,2,Cell cycle(3.6x); Chromatin(2.4x)
0x779F,2,52,6.9,7.5,52,23,44,Unclassified,0,1.0,0,0,
0x75DE,2,138,18.7,7.4,138,64,102,RNA processing,3.22,0.003197405336161825,8,2,RNA processing(3.22x); Nuc acid bind(2.19x)
0x2882,2,837,113.2,7.4,837,352,576,Chromatin,3.27,3.976046530457285e-15,55,8,Chromatin(3.27x); Cytoskeleton(3.26x); Cell cycle(2.85x); RNA processing(2.27x); GTPase(2.1x); DNA repair(1.95x); Nuc acid bind(1.9x); Translation(1.88x)
0x25A2,2,920,123.5,7.4,920,313,578,Cytoskeleton,4.06,2.975767628258224e-11,31,5,Cytoskeleton(4.06x); Cell cycle(3.21x); Structural(2.76x); GTPase(2.16x); DNA repair(2.13x)
0x2E79,2,432,58.7,7.4,432,184,296,Chromatin,3.42,2.9978426643071186e-09,30,4,Chromatin(3.42x); Methylation(3.05x); RNA processing(2.38x); DNA repair(2.09x)
0x8A2E,2,105,14.2,7.4,105,43,76,Nuc acid bind,2.5,0.005123229727308884,10,2,Nuc acid bind(2.5x); Transcription(1.76x)
0xCA28,2,208,28.2,7.4,208,80,147,Cell cycle,4.31,4.352762549390829e-05,11,1,Cell cycle(4.31x)
0x6CA2,2,214,28.9,7.4,214,74,155,Cell cycle,4.24,0.00011218808011416411,10,1,Cell cycle(4.24x)
0xF6DB,2,142,19.3,7.4,142,69,108,Cell cycle,3.18,0.006247243402695228,7,2,Cell cycle(3.18x); Transcription(2.19x)
0xE625,2,134,18.1,7.4,134,55,104,Unclassified,0,1.0,0,0,
0x6CB9,2,101,13.7,7.4,101,43,74,DNA repair,4.23,0.00020837064776824108,9,2,DNA repair(4.23x); Ubiquitin(3.58x)
0xD5B9,2,799,109.5,7.3,799,354,600,Cell adhesion,1.92,0.00031804002695693247,32,1,Cell adhesion(1.92x)
0xE725,2,84,11.6,7.3,84,31,61,Cytoskeleton,6.6,0.000847716003735176,5,2,Cytoskeleton(6.6x); Kinase(3.85x)
0x75D8,2,480,65.5,7.3,480,197,344,Cytoskeleton,3.95,3.4723350167483455e-07,19,4,Cytoskeleton(3.95x); Chromatin(3.19x); DNA repair(2.87x); Transcription(1.67x)
0xB725,2,83,11.3,7.3,83,32,65,Unclassified,0,1.0,0,0,
0x25B1,2,86,11.8,7.3,86,34,60,Kinase,4.68,0.0002216235746799825,8,2,Kinase(4.68x); Chromatin(3.7x)
0x85D8,2,231,31.5,7.3,231,103,170,Chromatin,3.05,0.00010521498716715424,15,2,Chromatin(3.05x); Transcription(1.68x)
0x05D7,2,71,9.7,7.3,71,34,50,Unclassified,0,1.0,0,0,
0x6881,2,82,11.2,7.3,82,31,62,Structural,7.6,0.00011178258896587362,6,1,Structural(7.6x)
0x75DC,2,227,31.0,7.3,227,111,176,DNA repair,3.1,3.0214310595170886e-05,17,3,DNA repair(3.1x); Chromatin(2.83x); Transcription(1.6x)
0x5081,2,56,7.7,7.3,56,31,46,Kinase,3.85,0.00395561347720252,6,2,Kinase(3.85x); Immune(3.05x)
0xD082,2,367,50.6,7.2,367,176,277,Chromatin,3.57,1.0040690542949245e-09,30,4,Chromatin(3.57x); RNA processing(2.49x); Nuc acid bind(2.45x); DNA repair(2.41x)
0xA56B,2,111,15.4,7.2,111,54,91,Kinase,3.68,0.00030922727249023553,10,2,Kinase(3.68x); Transcription(1.81x)
0x0828,2,194,26.9,7.2,194,89,148,Chromatin,3.77,4.0631365991143355e-06,16,5,Chromatin(3.77x); Translation(3.06x); DNA repair(2.95x); RNA processing(2.89x); Nuc acid bind(2.66x)
0x5968,2,732,102.0,7.2,732,277,503,Cytoskeleton,2.96,1.5227615163355063e-05,20,5,Cytoskeleton(2.96x); Ubiquitin(2.3x); Cell cycle(2.15x); DNA repair(1.9x); Cell adhesion(1.84x)
0x2E42,2,385,53.2,7.2,385,181,272,Chromatin,5.09,9.502006971276052e-20,44,6,Chromatin(5.09x); Methylation(3.88x); DNA repair(3.01x); RNA processing(2.56x); Cytoskeleton(2.49x); Nuc acid bind(2.02x)
0x2582,2,552,76.3,7.2,552,236,376,Cell cycle,4.12,1.818170357634777e-11,31,4,Cell cycle(4.12x); Cytoskeleton(3.47x); DNA repair(2.83x); Chromatin(2.4x)
0x7DB7,2,516,71.9,7.2,516,208,341,Chromatin,2.42,5.523602026885076e-05,24,4,Chromatin(2.42x); Kinase(2.1x); Cell adhesion(1.83x); Transcription(1.73x)
0x6E62,2,211,29.4,7.2,211,89,150,Cytoskeleton,5.52,1.6028222467976977e-06,12,2,Cytoskeleton(5.52x); Cell cycle(4.58x)
0x7420,2,145,20.1,7.2,145,78,110,RNA processing,2.97,0.0031489221096100465,9,4,RNA processing(2.97x); DNA repair(2.59x); Kinase(2.55x); Nuc acid bind(2.07x)
0x77D8,2,252,34.9,7.2,252,113,184,Cytoskeleton,2.9,0.0064451560505574875,8,3,Cytoskeleton(2.9x); Chromatin(2.41x); Transcription(1.61x)
0xA288,2,224,31.3,7.2,224,85,154,Cytoskeleton,4.82,4.033387462735491e-05,10,4,Cytoskeleton(4.82x); Cell cycle(2.95x); Chromatin(2.47x); Nuc acid bind(2.28x)
0x8425,2,51,7.0,7.2,51,21,39,Unclassified,0,1.0,0,0,
0x90B9,2,125,17.4,7.2,125,64,89,Chromatin,3.93,4.200712644396189e-05,12,3,Chromatin(3.93x); Nuc acid bind(2.36x); Transcription(1.67x)
0xB7D8,2,96,13.3,7.2,96,41,64,Kinase,5.34,3.777322585847659e-06,11,1,Kinase(5.34x)
0xB9E7,2,57,7.9,7.2,57,30,45,RNA processing,6.87,1.3427481208910271e-05,8,2,RNA processing(6.87x); Nuc acid bind(3.23x)
0xF69A,2,77,10.8,7.2,77,41,62,Transcription,2.17,0.00018895768370762078,20,1,Transcription(2.17x)
0x5829,2,109,15.0,7.2,109,37,67,Kinase,4.84,6.791299507069858e-05,9,1,Kinase(4.84x)
0xB98B,2,55,7.6,7.2,55,27,38,RNA processing,6.68,5.7565583394396386e-05,7,3,RNA processing(6.68x); Apoptosis(3.21x); Nuc acid bind(2.79x)
0xB937,2,51,7.1,7.2,51,34,43,Transcription,3.14,3.0434335602246398e-09,24,1,Transcription(3.14x)
0x5967,2,444,62.8,7.1,444,181,352,Chromatin,2.08,0.002555376545403568,18,1,Chromatin(2.08x)
0xC828,2,92,13.0,7.1,92,37,63,Cell cycle,5.09,0.0010144944555536266,6,2,Cell cycle(5.09x); DNA repair(3.82x)
0x420B,2,184,25.9,7.1,184,87,138,DNA repair,3.25,8.656097978997777e-05,14,3,DNA repair(3.25x); Cell cycle(3.25x); Chromatin(2.89x)
0x9F7D,2,464,65.6,7.1,464,192,327,Cell adhesion,2.87,1.161441279435086e-06,26,4,Cell adhesion(2.87x); Chromatin(2.29x); Nuc acid bind(1.96x); Transcription(1.51x)
0x882C,2,72,10.2,7.1,72,34,50,Cytoskeleton,4.82,0.009082352377282731,4,1,Cytoskeleton(4.82x)
0x9081,2,52,7.3,7.1,52,21,37,Unclassified,0,1.0,0,0,
0x765C,2,91,12.8,7.1,91,34,68,Cytoskeleton,4.82,0.009082352377282731,4,2,Cytoskeleton(4.82x); Cell adhesion(3.74x)
0x0A50,2,55,7.9,7.0,55,20,42,Unclassified,0,1.0,0,0,
0x98B9,2,170,24.2,7.0,170,81,126,RNA processing,6.04,1.79278763520257e-10,19,2,RNA processing(6.04x); Nuc acid bind(2.79x)
0x7628,2,570,81.0,7.0,570,254,387,Chromatin,3.88,5.971139486101869e-16,47,3,Chromatin(3.88x); Cell cycle(2.22x); DNA repair(2.07x)
0x1082,2,139,19.9,7.0,139,66,97,RNA processing,3.51,0.0009626967446994411,9,1,RNA processing(3.51x)
0x7697,2,257,36.5,7.0,257,117,177,Chromatin,2.15,0.009926786390181182,12,1,Chromatin(2.15x)
0x9082,2,159,22.7,7.0,159,89,129,Cytoskeleton,3.68,0.0014680993718768983,8,2,Cytoskeleton(3.68x); Chromatin(3.06x)
0x4D34,2,255,36.6,7.0,255,107,160,Phosphatase,5.17,0.00041090888060682095,7,3,Phosphatase(5.17x); Cell adhesion(3.57x); Chromatin(2.35x)
0x8428,2,90,12.9,7.0,90,39,66,Chromatin,4.84,7.068903131560384e-05,9,1,Chromatin(4.84x)
0x75DF,2,341,48.6,7.0,341,149,246,Chromatin,2.81,2.6705050942281483e-05,20,2,Chromatin(2.81x); Transcription(1.76x)
0x77D9,2,84,11.9,7.0,84,35,67,Unclassified,0,1.0,0,0,
0x742C,2,73,10.4,7.0,73,28,46,Chromatin,4.49,0.001763672568783625,6,3,Chromatin(4.49x); DNA repair(4.33x); Transcription(2.7x)
0x7618,2,156,22.2,7.0,156,83,119,Chromatin,3.28,0.0001421419031397832,13,3,Chromatin(3.28x); DNA repair(3.17x); RNA processing(2.79x)
0x71CB,2,65,9.3,7.0,65,41,49,Transcription,3.58,4.812603313118663e-15,33,1,Transcription(3.58x)
0xB65C,2,68,9.7,7.0,68,36,47,Signaling,1.97,0.0007973441920376647,19,1,Signaling(1.97x)
0x9CB2,2,75,10.9,6.9,75,31,52,Transcription,2.73,3.7567516814490106e-06,19,1,Transcription(2.73x)
0x5963,2,118,17.1,6.9,118,56,90,Kinase,2.84,0.006563527329098429,8,1,Kinase(2.84x)
0x10A1,2,89,12.8,6.9,89,39,61,Unclassified,0,1.0,0,0,
0x75D1,2,119,17.2,6.9,119,58,89,Unclassified,0,1.0,0,0,
0xE62C,2,64,9.3,6.9,64,30,49,Kinase,3.98,0.0033289226651236075,6,1,Kinase(3.98x)
0x8A23,2,61,8.8,6.9,61,21,43,DNA repair,5.77,0.0004104968044669958,6,1,DNA repair(5.77x)
0x99A4,2,62,9.0,6.9,62,51,59,Transcription,4.19,5.66119097508941e-28,48,1,Transcription(4.19x)
0x50A1,2,105,15.3,6.8,105,49,78,GTPase,5.02,0.00016303064984406204,8,1,GTPase(5.02x)
0x75D6,2,60,8.8,6.8,60,19,54,Unclassified,0,1.0,0,0,
0x0428,2,65,9.5,6.8,65,24,39,Unclassified,0,1.0,0,0,
0x5E42,2,161,23.8,6.8,161,76,116,DNA repair,2.92,0.0012164145378564947,11,2,DNA repair(2.92x); Chromatin(2.76x)
0xA697,2,141,20.8,6.8,141,77,113,Structural,3.57,0.0034007205017121812,7,3,Structural(3.57x); RNA processing(3.01x); Transcription(1.79x)
0xB6DE,2,76,11.2,6.8,76,26,50,Unclassified,0,1.0,0,0,
0x1E61,2,133,19.7,6.7,133,62,89,Kinase,4.49,1.7655377802789412e-06,14,5,Kinase(4.49x); Structural(4.43x); Cell adhesion(3.76x); RNA processing(3.74x); Chromatin(2.7x)
0x60A1,2,92,13.8,6.7,92,43,67,Unclassified,0,1.0,0,0,
0xD8A2,2,1042,156.5,6.7,1042,457,752,Cytoskeleton,2.51,7.266612336067673e-06,28,6,Cytoskeleton(2.51x); Chromatin(2.38x); Phosphatase(2.25x); DNA repair(2.03x); Cell cycle(1.85x); Kinase(1.65x)
0xD0BD,2,255,38.1,6.7,255,123,197,Cytoskeleton,3.66,0.00020890670393991726,11,3,Cytoskeleton(3.66x); Chromatin(2.56x); Transcription(1.81x)
0x909D,2,171,25.6,6.7,171,86,128,DNA repair,3.05,0.00029209852007973386,13,3,DNA repair(3.05x); Cell cycle(2.92x); Transcription(1.76x)
0x7425,2,136,20.2,6.7,136,60,103,Transcription,1.63,0.0088278514065214,22,1,Transcription(1.63x)
0x596E,2,183,27.2,6.7,183,83,137,Kinase,2.88,0.0008602006317881441,12,1,Kinase(2.88x)
0x6E79,2,145,21.6,6.7,145,59,102,Cytoskeleton,4.16,0.003068735554165421,6,2,Cytoskeleton(4.16x); Chromatin(3.2x)
0x8698,2,70,10.5,6.7,70,29,52,Unclassified,0,1.0,0,0,
0x7690,2,120,18.0,6.7,120,72,97,Cytoskeleton,3.41,0.008181388026623729,6,1,Cytoskeleton(3.41x)
0x8BD8,2,97,14.5,6.7,97,42,73,Unclassified,0,1.0,0,0,
0x4184,2,80,12.0,6.7,80,45,53,Cell adhesion,14.61,3.1700485459388523e-31,31,1,Cell adhesion(14.61x)
0x5E41,2,73,10.9,6.7,73,33,57,Proteolysis,4.07,0.0013180910005014543,7,2,Proteolysis(4.07x); Apoptosis(3.07x)
0x9C8D,2,57,8.5,6.7,57,32,43,Unclassified,0,1.0,0,0,
0x628A,2,1325,201.1,6.6,1325,563,891,Chromatin,3.05,3.267315517260239e-20,82,6,Chromatin(3.05x); Cytoskeleton(2.62x); RNA processing(2.29x); Cell cycle(1.84x); Nuc acid bind(1.74x); DNA repair(1.65x)
0xD5AD,2,981,147.8,6.6,981,436,724,DNA repair,1.67,0.001785517451418822,36,3,DNA repair(1.67x); Transport(1.6x); Ion channel(1.52x)
0x20A2,2,722,109.5,6.6,722,283,488,Cytoskeleton,3.62,2.7298378440216643e-08,25,6,Cytoskeleton(3.62x); Chromatin(3.48x); RNA processing(3.09x); DNA repair(2.29x); Cell cycle(2.22x); Nuc acid bind(1.6x)
0x37D5,2,109,16.5,6.6,109,41,66,RNA processing,4.4,0.0009105151840659024,7,3,RNA processing(4.4x); Ubiquitin(4.29x); DNA repair(3.45x)
0xB5DA,2,98,15.0,6.6,98,56,79,Unclassified,0,1.0,0,0,
0x2CB9,2,178,26.9,6.6,178,70,125,DNA repair,3.18,0.0006008823413231254,11,2,DNA repair(3.18x); Cell cycle(3.14x)
0xB6D9,2,88,13.4,6.6,88,41,67,Unclassified,0,1.0,0,0,
0x37D7,2,76,11.4,6.6,76,38,59,Cytoskeleton,6.47,0.00028848943659062927,6,2,Cytoskeleton(6.47x); Transcription(2.34x)
0x5823,2,72,10.9,6.6,72,31,52,Unclassified,0,1.0,0,0,
0x0AD0,2,90,13.7,6.6,90,33,63,Chromatin,3.81,0.0042356214682394205,6,1,Chromatin(3.81x)
0x75D5,2,587,90.9,6.5,587,274,443,Unclassified,0,1.0,0,0,
0xDE79,2,512,78.8,6.5,512,223,359,Chromatin,2.54,7.924530925347944e-06,27,3,Chromatin(2.54x); RNA processing(1.96x); Transcription(1.52x)
0x3657,2,83,12.7,6.5,83,41,57,Cell adhesion,4.65,9.802386394126466e-05,9,1,Cell adhesion(4.65x)
0xD8AD,2,648,99.8,6.5,648,285,479,Cytoskeleton,2.73,7.383514594934357e-05,19,3,Cytoskeleton(2.73x); Chromatin(1.99x); Kinase(1.88x)
0x4208,2,276,42.5,6.5,276,127,208,Chromatin,3.79,2.8387279486632122e-08,23,4,Chromatin(3.79x); DNA repair(2.71x); RNA processing(2.43x); Nuc acid bind(1.78x)
0x8A2C,2,150,23.1,6.5,150,50,96,Kinase,3.58,0.0007626456184325901,9,3,Kinase(3.58x); DNA repair(3.23x); Chromatin(2.93x)
0x74D7,2,147,22.7,6.5,147,63,108,Chromatin,2.99,0.0028511864494156582,9,3,Chromatin(2.99x); DNA repair(2.89x); Transcription(2.12x)
0x7428,2,242,37.1,6.5,242,111,174,Chromatin,2.64,0.0007965038100301358,14,2,Chromatin(2.64x); Transport(1.97x)
0x74D9,2,53,8.1,6.5,53,25,38,DNA repair,4.04,0.00679729372517208,5,1,DNA repair(4.04x)
0xA690,2,67,10.2,6.5,67,29,43,Nuc acid bind,2.97,0.003937755682827856,8,1,Nuc acid bind(2.97x)
0xA7D8,2,91,14.0,6.5,91,40,61,Unclassified,0,1.0,0,0,
0x7725,2,192,29.7,6.5,192,85,151,Transcription,1.57,0.0047650394586056756,30,1,Transcription(1.57x)
0x90AD,2,152,23.4,6.5,152,78,123,Transcription,2.11,9.923205708543656e-07,37,1,Transcription(2.11x)
0xF4D7,2,53,8.2,6.5,53,23,43,Unclassified,0,1.0,0,0,
0xA6DA,2,94,14.4,6.5,94,56,80,Transcription,2.06,6.286909643820231e-05,26,1,Transcription(2.06x)
0xB4DB,2,50,7.7,6.5,50,29,41,Transcription,1.99,0.006255292889721011,13,1,Transcription(1.99x)
0x3420,2,63,9.7,6.5,63,23,40,Structural,6.83,0.0024905355236162683,4,1,Structural(6.83x)
0xD08D,2,188,28.7,6.5,188,82,141,Cytoskeleton,3.5,0.0038473093130813904,7,2,Cytoskeleton(3.5x); Chromatin(2.81x)
0x769C,2,65,9.9,6.5,65,39,52,Unclassified,0,1.0,0,0,
0x7650,2,100,15.4,6.5,100,45,79,DNA repair,3.14,0.006184380618120055,7,1,DNA repair(3.14x)
0x28A1,2,467,72.9,6.4,467,197,325,Chromatin,3.4,9.757271739426624e-10,32,5,Chromatin(3.4x); Cytoskeleton(2.91x); Methylation(2.85x); Kinase(1.92x); Nuc acid bind(1.64x)
0x2E62,2,510,80.0,6.4,510,204,314,Cytoskeleton,3.01,0.00014568192607496285,15,6,Cytoskeleton(3.01x); RNA processing(2.9x); Structural(2.7x); Chromatin(2.47x); Cell cycle(2.15x); DNA repair(1.88x)
0xDC9D,2,342,53.3,6.4,342,143,239,Cell cycle,2.85,0.0006473230631000716,13,6,Cell cycle(2.85x); Chromatin(2.64x); RNA processing(2.16x); Nuc acid bind(2.11x); Apoptosis(1.92x); Transcription(1.84x)
0xF698,2,93,14.5,6.4,93,52,72,Unclassified,0,1.0,0,0,
0xA425,2,75,11.7,6.4,75,27,51,Chromatin,3.88,0.00820238050068002,5,1,Chromatin(3.88x)
0x5820,2,357,55.5,6.4,357,159,250,Cytoskeleton,3.61,3.479205527685998e-05,14,1,Cytoskeleton(3.61x)
0x9CB9,2,74,11.5,6.4,74,31,57,Nuc acid bind,3.13,0.0015280517619750435,9,1,Nuc acid bind(3.13x)
0xB650,2,74,11.6,6.4,74,35,52,Unclassified,0,1.0,0,0,
0x9CAD,2,100,15.5,6.4,100,44,75,Unclassified,0,1.0,0,0,
0xCBDF,2,71,11.1,6.4,71,36,49,Nuc acid bind,2.99,0.0012335517438394905,10,2,Nuc acid bind(2.99x); Transcription(2.84x)
0xC5D5,2,56,8.7,6.4,56,24,42,Cytoskeleton,8.53,0.00024390070023794472,5,1,Cytoskeleton(8.53x)
0x899A,2,54,8.4,6.4,54,41,47,Transcription,4.23,2.1631431088336006e-23,39,1,Transcription(4.23x)
0xD8BD,2,462,72.8,6.3,462,212,339,Chromatin,2.37,7.494075645977683e-05,24,2,Chromatin(2.37x); Transcription(1.64x)
0x09D8,2,103,16.5,6.3,103,45,70,Transcription,1.88,0.0024186801787964454,19,1,Transcription(1.88x)
0x596F,2,189,30.1,6.3,189,78,144,Kinase,2.55,0.005521446739322286,10,1,Kinase(2.55x)
0xE620,2,113,18.0,6.3,113,52,95,Cytoskeleton,4.72,0.0015984933528897527,6,4,Cytoskeleton(4.72x); RNA processing(3.96x); Chromatin(3.22x); Nuc acid bind(2.28x)
0x68A1,2,140,22.2,6.3,140,71,116,Cytoskeleton,3.46,0.0076523130456276,6,1,Cytoskeleton(3.46x)
0xF5D9,2,51,8.1,6.3,51,20,43,Unclassified,0,1.0,0,0,
0xDCB2,2,216,34.1,6.3,216,119,168,Cytoskeleton,5.16,1.9542004785859344e-07,15,5,Cytoskeleton(5.16x); Structural(3.3x); Chromatin(2.82x); GTPase(2.58x); Transcription(1.87x)
0x75D9,2,142,22.4,6.3,142,63,107,Transcription,1.62,0.007976085453464345,23,1,Transcription(1.62x)
0x258D,2,272,43.3,6.3,272,108,205,Cell cycle,3.49,0.00016389390570242926,12,1,Cell cycle(3.49x)
0x3620,2,147,23.5,6.3,147,55,88,Methylation,5.1,0.007730054470215971,4,4,Methylation(5.1x); Structural(4.28x); Chromatin(4.19x); DNA repair(4.04x)
0xF5DA,2,73,11.6,6.3,73,25,56,Unclassified,0,1.0,0,0,
0xB428,2,121,19.1,6.3,121,59,97,Kinase,2.7,0.008985981051545102,8,1,Kinase(2.7x)
0xF7D9,2,52,8.2,6.3,52,22,37,Chromatin,4.76,0.0032568094790403996,5,1,Chromatin(4.76x)
0x68B9,2,167,26.4,6.3,167,68,116,Cytoskeleton,4.82,0.00023892700519673226,8,3,Cytoskeleton(4.82x); RNA processing(3.03x); Kinase(2.63x)
0x5B2C,2,173,27.3,6.3,173,76,122,Cell cycle,3.72,0.0006677355479892662,9,4,Cell cycle(3.72x); Chromatin(2.48x); Apoptosis(2.47x); Transcription(1.64x)
0x2F51,2,142,22.5,6.3,142,97,120,Transcription,4.03,5.000535426764472e-47,88,1,Transcription(4.03x)
0xD0AD,2,332,52.3,6.3,332,127,245,Cytoskeleton,3.22,0.0010961503991515755,10,4,Cytoskeleton(3.22x); Chromatin(2.64x); Cell cycle(2.47x); Transcription(1.51x)
0x0BD5,2,89,14.1,6.3,89,45,60,Transcription,2.57,3.210572627582045e-07,26,1,Transcription(2.57x)
0x9425,2,98,15.6,6.3,98,45,76,Kinase,3.09,0.0067392360017306365,7,1,Kinase(3.09x)
0xE6DC,2,63,10.0,6.3,63,19,42,Unclassified,0,1.0,0,0,
0x159D,2,503,81.6,6.2,503,212,355,Kinase,2.16,0.000420959893402646,23,1,Kinase(2.16x)
0xDCAD,2,302,48.7,6.2,302,137,236,Chromatin,2.14,0.005788535974671059,14,2,Chromatin(2.14x); Transcription(1.66x)
0x7DA7,2,440,71.0,6.2,440,209,319,Cell adhesion,2.64,5.761807852214188e-06,26,5,Cell adhesion(2.64x); Chromatin(2.61x); Structural(2.44x); RNA processing(1.97x); Transcription(1.68x)
0xD8A9,2,449,71.9,6.2,449,232,347,Chromatin,2.26,0.00011916866686354886,25,2,Chromatin(2.26x); Cell adhesion(1.83x)
0x20B9,2,320,51.7,6.2,320,137,246,RNA processing,4.14,1.3732050143993149e-08,22,4,RNA processing(4.14x); Chromatin(3.67x); Nuc acid bind(2.67x); DNA repair(2.66x)
0x68AD,2,220,35.6,6.2,220,83,152,Chromatin,2.78,0.00189003178613429,11,2,Chromatin(2.78x); DNA repair(2.43x)
0xB4D8,2,76,12.2,6.2,76,46,56,Cell adhesion,7.84,1.0972870659706058e-11,17,1,Cell adhesion(7.84x)
0x3428,2,110,17.8,6.2,110,52,78,RNA processing,4.46,0.0001547354967550902,9,2,RNA processing(4.46x); DNA repair(3.11x)
0x6289,2,499,80.4,6.2,499,222,375,Cytoskeleton,2.21,0.008424514238501777,12,4,Cytoskeleton(2.21x); Kinase(1.88x); DNA repair(1.82x); Nuc acid bind(1.75x)
0x3628,2,268,43.3,6.2,268,121,202,DNA repair,2.67,0.00030068376332985716,16,3,DNA repair(2.67x); Chromatin(2.42x); Transport(1.92x)
0x50A2,2,240,38.6,6.2,240,103,168,Cell cycle,3.66,0.00010368516491620535,12,1,Cell cycle(3.66x)
0x956B,2,151,24.4,6.2,151,81,109,Signaling,2.12,1.040803946726472e-08,46,1,Signaling(2.12x)
0x18A2,2,320,51.4,6.2,320,143,235,Chromatin,2.93,1.446591025129437e-05,20,4,Chromatin(2.93x); RNA processing(2.7x); DNA repair(2.54x); Nuc acid bind(1.88x)
0x0A98,2,77,12.5,6.2,77,39,60,Structural,7.05,4.957102182176372e-05,7,2,Structural(7.05x); Cell adhesion(3.26x)
0x1F41,2,73,11.8,6.2,73,35,55,RNA processing,4.41,0.0020681046311564126,6,1,RNA processing(4.41x)
0xF7D7,2,142,23.0,6.2,142,61,101,Chromatin,3.09,0.002272985635267525,9,2,Chromatin(3.09x); Transcription(1.68x)
0x742B,2,55,8.9,6.2,55,24,45,Structural,6.55,0.0029294543460539626,4,1,Structural(6.55x)
0xC9D5,2,121,19.5,6.2,121,44,89,Cell cycle,4.28,0.0025542820059723022,6,1,Cell cycle(4.28x)
0x4288,2,339,55.8,6.1,339,129,236,Cytoskeleton,3.17,0.001235126565654766,10,3,Cytoskeleton(3.17x); Chromatin(2.92x); DNA repair(2.66x)
0xA56E,2,64,10.4,6.1,64,26,37,Unclassified,0,1.0,0,0,
0x2942,2,298,49.0,6.1,298,124,206,Cytoskeleton,3.3,0.0009118763956188968,10,3,Cytoskeleton(3.3x); DNA repair(2.12x); Nuc acid bind(1.82x)
0x2CA2,2,350,56.9,6.1,350,138,242,Chromatin,2.89,2.9501282222275278e-05,19,4,Chromatin(2.89x); Cytoskeleton(2.67x); Cell cycle(2.5x); Kinase(2.31x)
0xD5B2,2,633,103.5,6.1,633,268,472,Chromatin,2.19,8.17990598669075e-05,28,3,Chromatin(2.19x); DNA repair(2.04x); Cell adhesion(1.82x)
0x20BD,2,313,50.9,6.1,313,174,241,Transcription,2.84,8.109580965051104e-32,111,1,Transcription(2.84x)
0x6455,2,118,19.3,6.1,118,81,95,Signaling,3.05,8.936600455781171e-25,66,1,Signaling(3.05x)
0x1369,2,268,43.6,6.1,268,161,213,Transcription,2.93,3.2417401130334134e-32,106,2,Transcription(2.93x); Cell adhesion(2.11x)
0x856B,2,56,9.2,6.1,56,27,43,GTPase,5.7,0.001582951985119618,5,1,GTPase(5.7x)
0x5CB2,2,83,13.7,6.1,83,43,59,Chromatin,3.9,0.0008457809745201036,8,2,Chromatin(3.9x); Transcription(2.48x)
0xA620,2,152,24.9,6.1,152,112,132,Transcription,3.22,2.682631258441852e-29,81,1,Transcription(3.22x)
0x2581,2,148,24.7,6.0,148,61,106,Cytoskeleton,4.03,0.0036313939870081338,6,2,Cytoskeleton(4.03x); DNA repair(2.65x)
0x9F69,2,404,67.6,6.0,404,176,287,Cell adhesion,2.77,8.760059252484552e-06,23,4,Cell adhesion(2.77x); Chromatin(2.14x); Kinase(1.92x); Transcription(1.62x)
0xB6DA,2,115,19.2,6.0,115,57,93,Unclassified,0,1.0,0,0,
0x8B28,2,136,22.7,6.0,136,41,84,Cytoskeleton,8.99,4.839664480903417e-07,9,2,Cytoskeleton(8.99x); Cell cycle(3.83x)
0x1CA9,2,54,8.9,6.0,54,28,48,Unclassified,0,1.0,0,0,
0x5A10,2,131,21.7,6.0,131,57,82,Unclassified,0,1.0,0,0,
0x508D,2,81,13.5,6.0,81,43,63,Unclassified,0,1.0,0,0,
0x2881,2,220,36.7,6.0,220,92,156,Cell cycle,4.43,6.53617319856252e-06,13,3,Cell cycle(4.43x); Cell adhesion(3.23x); Chromatin(2.73x)
0xA4D5,2,114,19.1,6.0,114,61,83,Unclassified,0,1.0,0,0,
0x1881,2,62,10.3,6.0,62,27,47,Chromatin,3.88,0.00820238050068002,5,1,Chromatin(3.88x)
0xB2CA,2,72,12.1,6.0,72,25,51,Cytoskeleton,9.83,2.4171165952508533e-05,6,4,Cytoskeleton(9.83x); Cell cycle(5.02x); DNA repair(4.04x); Transcription(2.13x)
0xF72C,2,63,10.5,6.0,63,36,46,Chromatin,5.82,4.6807213719225295e-06,10,3,Chromatin(5.82x); Nuc acid bind(4.19x); Transcription(1.85x)
0xD0A9,2,221,37.7,5.9,221,98,171,Nuc acid bind,1.98,0.0036773743249606658,18,1,Nuc acid bind(1.98x)
0x779A,2,72,12.2,5.9,72,30,53,RNA processing,5.15,0.0008914764126084794,6,2,RNA processing(5.15x); Nuc acid bind(2.87x)
0x2CBD,2,156,26.5,5.9,156,72,102,Chromatin,4.07,6.271050376072417e-06,14,4,Chromatin(4.07x); Nuc acid bind(2.84x); DNA repair(2.53x); Transcription(2.1x)
0x79E5,2,298,50.3,5.9,298,128,209,Cell cycle,2.94,0.0007881623460390052,12,2,Cell cycle(2.94x); Cytoskeleton(2.88x)
0x5C82,2,112,19.0,5.9,112,43,74,Unclassified,0,1.0,0,0,
0x79A7,2,246,41.8,5.9,246,111,171,RNA processing,3.71,5.661010841292839e-06,16,2,RNA processing(3.71x); Nuc acid bind(3.49x)
0x5A2A,2,139,23.6,5.9,139,64,106,Chromatin,2.95,0.003180845226450047,9,2,Chromatin(2.95x); Proteolysis(2.7x)
0x08D0,2,52,8.9,5.9,52,24,37,Phosphatase,9.88,0.003308209274251583,3,2,Phosphatase(9.88x); DNA repair(4.21x)
0x4209,2,240,40.9,5.9,240,107,171,Methylation,5.9,2.143947856443525e-05,9,3,Methylation(5.9x); Chromatin(3.13x); DNA repair(2.46x)
0x5CAD,2,115,19.6,5.9,115,47,85,Apoptosis,3.38,0.0002827329507755724,11,1,Apoptosis(3.38x)
0xF560,2,67,11.4,5.9,67,39,55,Chromatin,3.76,0.00220590206204848,7,2,Chromatin(3.76x); Transcription(1.82x)
0x77D0,2,106,18.0,5.9,106,53,80,Cytoskeleton,5.41,0.0002844169699081988,7,2,Cytoskeleton(5.41x); Chromatin(4.35x)
0xF4D8,2,50,8.5,5.9,50,27,37,Unclassified,0,1.0,0,0,
0x4114,2,76,12.8,5.9,76,42,57,Unclassified,0,1.0,0,0,
0xA20B,2,84,14.5,5.8,84,32,60,Cytoskeleton,5.12,0.0073155858718743985,4,3,Cytoskeleton(5.12x); RNA processing(4.83x); Nuc acid bind(3.03x)
0x25A1,2,285,49.1,5.8,285,105,187,Cytoskeleton,3.51,0.0010598786690690003,9,2,Cytoskeleton(3.51x); Cell cycle(2.99x)
0x820A,2,135,23.4,5.8,135,63,101,Cytoskeleton,3.9,0.004267262565065207,6,3,Cytoskeleton(3.9x); Chromatin(2.99x); Nuc acid bind(2.56x)
0x2596,2,1387,240.6,5.8,1387,543,945,Cytoskeleton,3.17,2.6587479866960576e-11,42,5,Cytoskeleton(3.17x); Kinase(2.38x); Cell cycle(2.08x); DNA repair(1.9x); Ubiquitin(1.58x)
0xF627,2,58,9.9,5.8,58,18,40,Unclassified,0,1.0,0,0,
0x5A20,2,509,87.2,5.8,509,201,364,Cytoskeleton,2.65,0.0013274961631271995,13,2,Cytoskeleton(2.65x); Chromatin(2.5x)
0x2C82,2,204,35.2,5.8,204,68,135,Cell cycle,4.61,5.381185893529963e-05,10,3,Cell cycle(4.61x); Chromatin(4.01x); DNA repair(2.97x)
0x420A,2,415,72.1,5.8,415,172,264,Chromatin,4.51,5.927128605010651e-15,37,4,Chromatin(4.51x); Cytoskeleton(2.86x); RNA processing(2.1x); Nuc acid bind(1.63x)
0xA20A,2,236,40.4,5.8,236,90,176,Cell cycle,4.18,2.695065184977262e-05,12,5,Cell cycle(4.18x); Cytoskeleton(3.18x); RNA processing(2.86x); Chromatin(2.79x); DNA repair(2.47x)
0xD34D,2,507,86.7,5.8,507,197,320,Phosphatase,3.61,0.0008948377123259468,9,3,Phosphatase(3.61x); Cell adhesion(3.01x); Chromatin(2.98x)
0x5A2E,2,161,27.7,5.8,161,70,113,Cytoskeleton,4.09,0.0015542167931053466,7,2,Cytoskeleton(4.09x); Structural(3.37x)
0xADB6,2,234,40.4,5.8,234,96,174,RNA processing,2.68,0.004035134171460966,10,2,RNA processing(2.68x); Nuc acid bind(2.47x)
0x908D,2,75,12.9,5.8,75,45,58,Unclassified,0,1.0,0,0,
0x94D5,2,147,25.4,5.8,147,83,108,Cell adhesion,4.09,1.3306378453824699e-06,16,2,Cell adhesion(4.09x); Signaling(1.85x)
0xBDF6,2,137,23.7,5.8,137,61,99,DNA repair,2.98,0.0029026155249394755,9,1,DNA repair(2.98x)
0x762A,2,69,11.8,5.8,69,38,54,Unclassified,0,1.0,0,0,
0x7620,2,252,43.8,5.8,252,101,179,Cytoskeleton,4.46,3.4647338747768716e-05,11,3,Cytoskeleton(4.46x); Chromatin(2.9x); DNA repair(2.6x)
0x5C8D,2,62,10.8,5.8,62,31,48,Unclassified,0,1.0,0,0,
0x3725,2,59,10.1,5.8,59,29,43,Methylation,7.26,0.007922477624024248,3,1,Methylation(7.26x)
0x7657,2,138,23.8,5.8,138,56,98,Unclassified,0,1.0,0,0,
0xA18A,2,163,28.1,5.8,163,75,120,Protein folding,4.36,0.00577191591715326,5,4,Protein folding(4.36x); Chromatin(4.19x); DNA repair(2.96x); Transcription(1.6x)
0x68B2,2,144,24.9,5.8,144,65,110,Cytoskeleton,5.04,0.00017379937408867674,8,5,Cytoskeleton(5.04x); Structural(3.63x); Cell cycle(3.38x); Kinase(3.37x); DNA repair(3.11x)
0xB7D7,2,74,12.7,5.8,74,34,59,Unclassified,0,1.0,0,0,
0x7457,2,63,10.9,5.8,63,30,45,Unclassified,0,1.0,0,0,
0x3690,2,56,9.6,5.8,56,30,46,Unclassified,0,1.0,0,0,
0x5CA9,2,82,14.1,5.8,82,39,61,Cell adhesion,3.81,0.002062674608433717,7,1,Cell adhesion(3.81x)
0xA7DB,2,51,8.8,5.8,51,31,45,Unclassified,0,1.0,0,0,
0x3627,2,52,8.9,5.8,52,28,46,Cytoskeleton,5.85,0.0044956195418281025,4,2,Cytoskeleton(5.85x); Cell adhesion(4.54x)
0xB69A,2,80,13.7,5.8,80,40,64,Unclassified,0,1.0,0,0,
0x2142,2,204,35.7,5.7,204,79,145,Cell cycle,3.97,0.00019532044246773082,10,1,Cell cycle(3.97x)
0x762B,2,111,19.4,5.7,111,43,82,Chromatin,3.9,0.0008457809745201036,8,1,Chromatin(3.9x)
0x1145,2,122,21.5,5.7,122,72,95,Signaling,2.6,4.332303112429639e-14,50,1,Signaling(2.6x)
0x6C9D,2,114,20.1,5.7,114,39,83,Chromatin,3.22,0.00980241033943891,6,1,Chromatin(3.22x)
0x74D8,2,136,23.7,5.7,136,59,97,Unclassified,0,1.0,0,0,
0x89D8,2,136,24.0,5.7,136,61,94,RNA processing,2.95,0.009089170573092841,7,3,RNA processing(2.95x); Nuc acid bind(2.65x); DNA repair(2.65x)
0x25AD,2,452,78.8,5.7,452,185,320,Cell cycle,2.54,0.0008551549302560127,15,1,Cell cycle(2.54x)
0x6C8D,2,58,10.1,5.7,58,20,39,Unclassified,0,1.0,0,0,
0x77D1,2,52,9.1,5.7,52,29,33,Unclassified,0,1.0,0,0,
0xF697,2,124,21.7,5.7,124,60,91,Unclassified,0,1.0,0,0,
0xB9E5,2,61,10.8,5.7,61,30,52,Chromatin,4.19,0.0025633733482748906,6,1,Chromatin(4.19x)
0xE628,2,189,33.2,5.7,189,80,137,Chromatin,2.62,0.004601691414913151,10,1,Chromatin(2.62x)
0x9A79,2,308,53.7,5.7,308,153,218,RNA processing,4.21,9.606270037599357e-10,25,5,RNA processing(4.21x); Nuc acid bind(3.87x); Methylation(3.21x); Chromatin(2.88x); Transcription(1.54x)
0xA28B,2,106,18.7,5.7,106,44,78,Cytoskeleton,5.58,0.0006524645150827969,6,2,Cytoskeleton(5.58x); RNA processing(5.27x)
0xA420,2,66,11.7,5.7,66,33,52,Proteolysis,3.49,0.006499089604431622,6,1,Proteolysis(3.49x)
0x6CBD,2,76,13.4,5.7,76,33,54,Chromatin,4.44,0.000785065572273733,7,1,Chromatin(4.44x)
0x828B,2,62,10.8,5.7,62,23,40,Cell cycle,9.55,4.989663344857952e-06,7,1,Cell cycle(9.55x)
0x05D8,2,58,10.2,5.7,58,33,46,Unclassified,0,1.0,0,0,
0x6286,2,536,96.1,5.6,536,232,366,Chromatin,2.35,4.521138340833745e-05,26,4,Chromatin(2.35x); DNA repair(1.92x); Kinase(1.8x); Nuc acid bind(1.67x)
0x1451,2,62,11.0,5.6,62,37,45,Signaling,1.92,0.0012313524465629002,19,1,Signaling(1.92x)
0xA289,2,173,30.9,5.6,173,74,135,GTPase,4.16,0.00013211411598727956,10,3,GTPase(4.16x); Chromatin(3.96x); Cell cycle(2.97x)
0x2A71,2,74,13.3,5.6,74,38,50,Structural,8.27,4.0647545264447304e-06,8,2,Structural(8.27x); Cell adhesion(3.35x)
0x8B95,2,152,27.3,5.6,152,69,109,Unclassified,0,1.0,0,0,
0xF628,2,268,48.2,5.6,268,118,203,Unclassified,0,1.0,0,0,
0xCAD5,2,140,25.0,5.6,140,66,103,DNA repair,3.06,0.001406540218328567,10,1,DNA repair(3.06x)
0xD881,2,176,31.3,5.6,176,85,134,Cell adhesion,2.99,0.0006085115016023,12,3,Cell adhesion(2.99x); Kinase(2.57x); Apoptosis(2.38x)
0xA567,2,135,24.1,5.6,135,67,102,Unclassified,0,1.0,0,0,
0x5BDF,2,259,46.2,5.6,259,116,186,Chromatin,2.53,0.0012331040341952346,14,2,Chromatin(2.53x); Ubiquitin(2.46x)
0x2669,2,130,23.0,5.6,130,99,114,Transcription,4.0,9.366430319067437e-47,89,1,Transcription(4.0x)
0xD0A1,2,184,32.6,5.6,184,75,136,Cytoskeleton,3.82,0.0023206145837980892,7,1,Cytoskeleton(3.82x)
0xB6D5,2,303,54.4,5.6,303,124,211,Transport,2.09,0.0016386504546504039,19,2,Transport(2.09x); Ion channel(2.08x)
0x15B1,2,62,11.1,5.6,62,30,51,Kinase,7.95,8.843077764816237e-09,12,2,Kinase(7.95x); Signaling(2.24x)
0x72C9,2,139,24.7,5.6,139,61,97,Apoptosis,2.37,0.008557629691038246,10,1,Apoptosis(2.37x)
0xB425,2,58,10.4,5.6,58,27,45,Cell cycle,5.81,0.0014494000840105069,5,1,Cell cycle(5.81x)
0x1E79,2,130,23.2,5.6,130,57,88,RNA processing,4.52,5.940857096876749e-05,10,3,RNA processing(4.52x); Nuc acid bind(2.27x); Transcription(2.03x)
0xE7DF,2,56,10.1,5.6,56,27,44,Unclassified,0,1.0,0,0,
0x5455,2,190,34.6,5.5,190,105,135,Ion channel,4.56,4.038701206222884e-11,26,3,Ion channel(4.56x); Transport(4.16x); Signaling(1.99x)
0xD09D,2,314,57.2,5.5,314,135,228,Cytoskeleton,4.85,1.81504354660322e-07,16,3,Cytoskeleton(4.85x); Cell cycle(2.56x); Nuc acid bind(1.83x)
0x2B62,2,643,117.8,5.5,643,224,427,Cytoskeleton,5.48,2.3991356468917816e-14,30,5,Cytoskeleton(5.48x); Structural(3.68x); Chromatin(2.99x); Cell cycle(2.38x); DNA repair(1.8x)
0xA908,2,52,9.5,5.5,52,26,40,DNA repair,7.0,2.4563780688945057e-06,9,2,DNA repair(7.0x); RNA processing(6.93x)
0xA6DB,2,102,18.5,5.5,102,48,71,Unclassified,0,1.0,0,0,
0x28AD,2,644,116.9,5.5,644,264,467,Cytoskeleton,2.79,8.571751759046782e-05,18,4,Cytoskeleton(2.79x); Structural(2.53x); Chromatin(2.14x); Cell cycle(2.14x)
0x620B,2,206,37.8,5.5,206,145,182,Transcription,3.44,6.824505720608282e-45,112,1,Transcription(3.44x)
0x1620,2,65,11.8,5.5,65,34,50,Cytoskeleton,4.82,0.009082352377282731,4,1,Cytoskeleton(4.82x)
0xF5D0,2,67,12.2,5.5,67,27,47,Chromatin,4.66,0.0014431202658815308,6,1,Chromatin(4.66x)
0xE5D5,2,147,26.9,5.5,147,65,123,Unclassified,0,1.0,0,0,
0x8A27,2,93,17.0,5.5,93,39,61,Chromatin,4.3,0.00042450545418848754,8,1,Chromatin(4.3x)
0xF657,2,78,14.2,5.5,78,36,58,Unclassified,0,1.0,0,0,
0x762F,2,75,13.7,5.5,75,35,53,Chromatin,4.19,0.0011375864209481282,7,1,Chromatin(4.19x)
0xDCB9,2,197,36.1,5.5,197,85,150,Unclassified,0,1.0,0,0,
0xB4D5,2,94,16.9,5.5,94,44,78,Structural,5.36,0.0008117291287065124,6,2,Structural(5.36x); Apoptosis(2.63x)
0x5B27,2,111,20.1,5.5,111,40,70,Unclassified,0,1.0,0,0,
0x5B2E,2,92,16.8,5.5,92,33,69,Unclassified,0,1.0,0,0,
0xD75D,2,3579,667.1,5.4,3579,1322,2154,Chromatin,2.22,1.0924201381013361e-20,140,5,Chromatin(2.22x); Cytoskeleton(2.11x); Transcription(1.67x); Phosphatase(1.61x); Kinase(1.5x)
0x2E72,2,235,43.1,5.4,235,84,157,Cytoskeleton,3.9,0.0010064033649911802,8,1,Cytoskeleton(3.9x)
0x35D5,2,186,34.3,5.4,186,78,129,Unclassified,0,1.0,0,0,
0x6B6D,2,279,51.4,5.4,279,127,202,Unclassified,0,1.0,0,0,
0x6CA1,2,62,11.5,5.4,62,30,51,Unclassified,0,1.0,0,0,
0x2A42,2,245,45.2,5.4,245,106,184,Chromatin,3.56,2.419002789054017e-06,18,3,Chromatin(3.56x); Structural(2.96x); Nuc acid bind(2.23x)
0x585C,2,87,16.2,5.4,87,48,65,Unclassified,0,1.0,0,0,
0x98A2,2,278,51.2,5.4,278,130,207,Cytoskeleton,3.78,7.979298650065585e-05,12,2,Cytoskeleton(3.78x); Nuc acid bind(1.82x)
0x0A2C,2,63,11.6,5.4,63,28,49,Unclassified,0,1.0,0,0,
0xB908,2,52,9.7,5.4,52,18,36,Chromatin,5.82,0.0012412547351753442,5,1,Chromatin(5.82x)
0xE5D0,2,54,10.0,5.4,54,22,34,RNA processing,8.19,1.3089727384426836e-05,7,2,RNA processing(8.19x); Nuc acid bind(3.43x)
0x5827,2,115,21.1,5.4,115,55,86,Cell cycle,4.56,0.0003249290621553551,8,1,Cell cycle(4.56x)
0xB9E6,2,79,14.7,5.4,79,35,59,Unclassified,0,1.0,0,0,
0xF7D0,2,67,12.4,5.4,67,26,53,Kinase,5.35,0.00022352501587510554,7,1,Kinase(5.35x)
0x5A9F,2,110,20.5,5.4,110,52,82,Unclassified,0,1.0,0,0,
0x90A9,2,91,16.9,5.4,91,45,80,Chromatin,4.66,3.9829930536297e-05,10,2,Chromatin(4.66x); Kinase(3.09x)
0x69A6,2,896,168.4,5.3,896,417,618,Chromatin,2.26,2.359649746914142e-07,45,4,Chromatin(2.26x); Kinase(1.91x); Transcription(1.82x); Nuc acid bind(1.76x)
0x5D75,2,2468,467.2,5.3,2468,960,1542,Chromatin,2.12,5.775653982831689e-13,97,5,Chromatin(2.12x); Cytoskeleton(2.09x); Phosphatase(1.98x); Transcription(1.61x); DNA repair(1.6x)
0x6E42,2,103,19.6,5.3,103,49,78,Cytoskeleton,5.01,0.0011671505259632981,6,3,Cytoskeleton(5.01x); Kinase(3.25x); Transport(2.51x)
0x20B2,2,259,48.9,5.3,259,95,165,Chromatin,4.19,8.882428598244546e-08,19,4,Chromatin(4.19x); Cytoskeleton(3.45x); Cell cycle(2.97x); DNA repair(2.77x)
0xD141,2,107,20.3,5.3,107,49,65,Cell adhesion,3.03,0.007678769195569906,7,1,Cell adhesion(3.03x)
0x98A1,2,109,20.4,5.3,109,57,72,Structural,4.13,0.003166021271644712,6,1,Structural(4.13x)
0x7D77,2,758,142.0,5.3,758,319,506,Cytoskeleton,3.59,4.431550473990636e-09,28,4,Cytoskeleton(3.59x); Chromatin(2.76x); Kinase(2.37x); Transcription(1.67x)
0x5A2C,2,241,45.2,5.3,241,82,169,Structural,3.35,0.004828327423298534,7,2,Structural(3.35x); Apoptosis(2.29x)
0x9B6D,2,323,61.1,5.3,323,155,248,Cell adhesion,2.33,0.001019993024577271,17,1,Cell adhesion(2.33x)
0x28B9,2,458,86.6,5.3,458,185,309,Cytoskeleton,4.43,2.515459871275388e-08,20,7,Cytoskeleton(4.43x); Cell cycle(3.05x); Chromatin(2.72x); RNA processing(2.37x); Structural(2.34x); Kinase(1.93x); Nuc acid bind(1.75x)
0x0AD5,2,194,36.8,5.3,194,98,157,Transcription,2.5,4.857166772611642e-13,55,1,Transcription(2.5x)
0x362B,2,55,10.4,5.3,55,22,42,Structural,7.14,0.002099004908472701,4,1,Structural(7.14x)
0x35D0,2,68,12.8,5.3,68,25,44,Cell cycle,5.02,0.007558487006676958,4,2,Cell cycle(5.02x); DNA repair(4.85x)
0x5A27,2,177,33.2,5.3,177,65,127,Cytoskeleton,5.67,2.6409414227363108e-05,9,3,Cytoskeleton(5.67x); DNA repair(3.42x); Cell cycle(3.38x)
0x8A98,2,131,24.8,5.3,131,73,103,Unclassified,0,1.0,0,0,
0x9CA9,2,59,11.2,5.3,59,26,42,Unclassified,0,1.0,0,0,
0x7610,2,58,10.9,5.3,58,25,35,Unclassified,0,1.0,0,0,
0x208D,2,205,38.4,5.3,205,86,156,Chromatin,3.9,2.5421601511019035e-06,16,3,Chromatin(3.9x); Cell cycle(2.92x); DNA repair(2.35x)
0x8209,2,70,13.3,5.3,70,37,56,Cell cycle,4.24,0.006031728609551859,5,2,Cell cycle(4.24x); Nuc acid bind(2.62x)
0x158D,2,217,41.0,5.3,217,113,175,Unclassified,0,1.0,0,0,
0xC9D7,2,71,13.5,5.3,71,31,57,RNA processing,4.15,0.0063722012043379555,5,2,RNA processing(4.15x); Nuc acid bind(3.82x)
0x84D5,2,61,11.5,5.3,61,27,47,Unclassified,0,1.0,0,0,
0xB289,2,66,12.5,5.3,66,21,47,Unclassified,0,1.0,0,0,
0x2B6D,2,707,136.6,5.2,707,286,486,Chromatin,2.93,8.087640233419844e-10,40,5,Chromatin(2.93x); Structural(2.33x); RNA processing(1.98x); Nuc acid bind(1.88x); DNA repair(1.7x)
0x20AD,2,363,69.8,5.2,363,152,241,Cytoskeleton,4.04,4.575346035791178e-06,15,5,Cytoskeleton(4.04x); Cell cycle(3.51x); Structural(2.58x); Nuc acid bind(2.2x); Kinase(1.96x)
0x2081,2,115,21.9,5.2,115,50,86,Unclassified,0,1.0,0,0,
0x5A28,2,837,161.2,5.2,837,308,590,Cell cycle,3.26,3.7211477078182946e-09,32,4,Cell cycle(3.26x); Cytoskeleton(3.19x); Chromatin(2.52x); Structural(2.3x)
0x5A18,2,232,44.2,5.2,232,105,168,Cell cycle,3.29,0.0005083749383974187,11,3,Cell cycle(3.29x); Ion channel(2.28x); Transport(2.08x)
0x2C96,2,572,110.9,5.2,572,206,373,Cell cycle,3.05,9.43662037332034e-06,20,3,Cell cycle(3.05x); DNA repair(2.55x); Chromatin(2.03x)
0xD89D,2,563,109.2,5.2,563,257,404,Chromatin,2.36,1.4612199223303104e-05,29,3,Chromatin(2.36x); DNA repair(1.81x); Nuc acid bind(1.68x)
0x25BD,2,297,57.5,5.2,297,138,222,Cytoskeleton,2.67,0.006738915537340064,9,5,Cytoskeleton(2.67x); Kinase(2.31x); Chromatin(2.13x); DNA repair(2.05x); Transcription(1.51x)
0x5A23,2,89,17.2,5.2,89,37,71,DNA repair,3.28,0.008980029083071842,6,1,DNA repair(3.28x)
0x9568,2,325,62.3,5.2,325,141,242,Cell adhesion,3.16,2.6818403795176103e-06,21,1,Cell adhesion(3.16x)
0x5E79,2,136,26.3,5.2,136,63,100,Kinase,3.16,0.001099720423913818,10,1,Kinase(3.16x)
0xC965,2,273,52.0,5.2,273,105,194,Cell adhesion,2.42,0.0038474345855763026,12,2,Cell adhesion(2.42x); Transport(2.21x)
0x74D0,2,64,12.2,5.2,64,33,46,Cytoskeleton,4.96,0.008167689083357419,4,1,Cytoskeleton(4.96x)
0x856C,2,65,12.6,5.2,65,28,53,Unclassified,0,1.0,0,0,
0x6206,2,177,33.9,5.2,177,86,133,Cytoskeleton,3.81,0.0011745744213406488,8,2,Cytoskeleton(3.81x); Cell adhesion(3.7x)
0x9A42,2,252,48.7,5.2,252,160,198,Translation,4.38,1.4935250424403295e-07,18,2,Translation(4.38x); Transcription(3.09x)
0xF428,2,69,13.4,5.2,69,31,49,Cytoskeleton,5.28,0.006524246097642865,4,3,Cytoskeleton(5.28x); RNA processing(4.15x); Kinase(3.85x)
0x74D5,2,170,32.9,5.2,170,87,132,Transport,2.2,0.0040861830089059786,14,1,Transport(2.2x)
0x5B2B,2,121,23.4,5.2,121,41,88,Unclassified,0,1.0,0,0,
0x1861,2,223,42.6,5.2,223,84,127,Chromatin,3.99,1.835667843908478e-06,16,1,Chromatin(3.99x)
0x0628,2,65,12.5,5.2,65,20,46,Unclassified,0,1.0,0,0,
0x5CA2,2,159,30.7,5.2,159,61,105,Cell cycle,4.12,0.0006655433291429512,8,1,Cell cycle(4.12x)
0x5C9D,2,112,21.4,5.2,112,49,81,Unclassified,0,1.0,0,0,
0x9C9D,2,88,17.0,5.2,88,34,71,Unclassified,0,1.0,0,0,
0xC8D5,2,60,11.5,5.2,60,22,43,Unclassified,0,1.0,0,0,
0x6288,2,414,81.4,5.1,414,166,308,Cell cycle,3.21,2.2081816418149025e-05,17,3,Cell cycle(3.21x); Chromatin(2.52x); DNA repair(2.07x)
0xCB20,2,65,12.7,5.1,65,26,43,Unclassified,0,1.0,0,0,
0x7629,2,60,11.9,5.1,60,33,52,DNA repair,5.51,2.2201211185395058e-05,9,3,DNA repair(5.51x); Structural(4.76x); RNA processing(4.68x)
0xB420,2,53,10.3,5.1,53,28,45,Structural,7.01,0.0006294969064081513,5,1,Structural(7.01x)
0xD94D,2,589,114.8,5.1,589,287,443,Cell adhesion,2.51,6.79355693883808e-07,34,2,Cell adhesion(2.51x); Chromatin(1.97x)
0xF5D5,2,167,32.7,5.1,167,79,128,Transcription,1.58,0.005862374954563025,28,1,Transcription(1.58x)
0x5810,2,70,13.8,5.1,70,27,53,Cell cycle,6.97,0.0001690429345106404,6,1,Cell cycle(6.97x)
0x5A2B,2,199,38.7,5.1,199,79,156,Cell cycle,3.57,0.0008871121643352066,9,2,Cell cycle(3.57x); Chromatin(2.65x)
0x9563,2,53,10.5,5.1,53,29,39,Ubiquitin,3.79,0.00917052302072868,5,1,Ubiquitin(3.79x)
0x7625,2,223,44.0,5.1,223,86,151,Cytoskeleton,6.19,1.4977186476454706e-07,13,2,Cytoskeleton(6.19x); Cell cycle(3.28x)
0x60A9,2,81,15.9,5.1,81,33,54,Cell adhesion,4.5,0.0007319429451796388,7,1,Cell adhesion(4.5x)
0x1581,2,119,23.4,5.1,119,53,94,Unclassified,0,1.0,0,0,
0x6186,2,312,60.8,5.1,312,134,208,Cell cycle,2.81,0.0011799804230308083,12,3,Cell cycle(2.81x); Cell adhesion(2.53x); Chromatin(2.35x)
0x2B72,2,323,63.6,5.1,323,132,214,Chromatin,4.13,5.336498513087025e-10,26,3,Chromatin(4.13x); Cell cycle(4.04x); DNA repair(2.45x)
0xB5DC,2,74,14.4,5.1,74,28,54,Cell adhesion,3.79,0.009148388630890224,5,1,Cell adhesion(3.79x)
0x68A9,2,130,25.6,5.1,130,55,96,Cell cycle,3.42,0.00782885215100852,6,1,Cell cycle(3.42x)
0x5A5E,2,54,10.5,5.1,54,30,44,Unclassified,0,1.0,0,0,
0x35DF,2,94,18.3,5.1,94,35,62,Kinase,3.41,0.007356887213831825,6,1,Kinase(3.41x)
0x20B1,2,53,10.4,5.1,53,23,37,Unclassified,0,1.0,0,0,
0xB7DF7D,3,23,4.6,5.0,23,9,15,Transcription,3.46,0.0006720529237492243,7,1,Transcription(3.46x)
0x71C71C,3,72,14.4,5.0,72,32,38,Transcription,3.34,3.948452648009883e-10,24,1,Transcription(3.34x)
0x5A1E62,3,21,4.2,5.0,21,11,12,Cell adhesion,21.2,2.3473620214761753e-15,11,1,Cell adhesion(21.2x)
0x941841,3,21,4.2,5.0,21,11,11,Cell adhesion,21.2,2.3473620214761753e-15,11,1,Cell adhesion(21.2x)
0x5D85D8,3,22,4.4,5.0,22,9,12,Chromatin,9.31,0.0005337903926897322,4,2,Chromatin(9.31x); Transcription(3.46x)
0x841B7D,3,21,4.2,5.0,21,16,16,Cell adhesion,21.2,4.923898924578029e-22,16,1,Cell adhesion(21.2x)
0x965965,3,37,7.4,5.0,37,10,22,Cell adhesion,6.36,0.009765520625143666,3,1,Cell adhesion(6.36x)
0x75D75D,3,276,55.2,5.0,276,123,177,Chromatin,4.43,1.0360654045296313e-10,26,3,Chromatin(4.43x); RNA processing(3.98x); Transcription(2.24x)
0xA5D75D,3,20,4.0,5.0,20,9,16,Unclassified,0,1.0,0,0,
0x659659,3,62,12.4,5.0,62,16,42,Unclassified,0,1.0,0,0,
0x565965,3,20,4.0,5.0,20,10,18,Unclassified,0,1.0,0,0,
0xA28A28A2,4,212,42.4,5.0,212,86,139,Chromatin,3.9,2.5421601511019035e-06,16,3,Chromatin(3.9x); Nuc acid bind(2.38x); Transcription(2.02x)
0xA28A28,3,397,79.4,5.0,397,149,242,Chromatin,4.08,7.210216756050234e-11,29,4,Chromatin(4.08x); Nuc acid bind(2.17x); DNA repair(2.03x); Transcription(1.73x)
0x820820,3,32,6.4,5.0,32,17,23,Transcription,2.35,0.005931832869898706,9,1,Transcription(2.35x)
0x082082,3,61,12.2,5.0,61,25,38,RNA processing,5.15,0.002412242567254679,5,1,RNA processing(5.15x)
0x208208,3,40,8.0,5.0,40,21,27,Chromatin,6.98,3.520561700982811e-05,7,3,Chromatin(6.98x); RNA processing(4.9x); Transcription(2.54x)
0x8A28A2,3,471,94.2,5.0,471,189,306,Chromatin,4.66,2.3301487224594444e-17,42,5,Chromatin(4.66x); Nuc acid bind(2.22x); RNA processing(2.04x); DNA repair(2.03x); Transcription(1.91x)
0x28A28A,3,421,84.2,5.0,421,166,259,Chromatin,3.91,4.8117893767517325e-11,31,5,Chromatin(3.91x); RNA processing(2.17x); Nuc acid bind(2.14x); DNA repair(1.95x); Transcription(1.8x)
0x5828,2,516,102.6,5.0,516,216,360,Cytoskeleton,3.79,3.293716407307922e-07,20,3,Cytoskeleton(3.79x); Cell cycle(3.63x); Kinase(1.93x)
0x772C,2,77,15.3,5.0,77,44,61,Transcription,2.12,0.00019403765620920214,21,1,Transcription(2.12x)
0x75D75D75D7,5,68,13.6,5.0,68,29,39,Chromatin,5.78,4.515962884246334e-05,8,2,Chromatin(5.78x); Transcription(1.99x)
0xD75D75D75D,5,77,15.4,5.0,77,34,48,Chromatin,6.16,2.632924711236837e-06,10,2,Chromatin(6.16x); RNA processing(4.54x)
0x5D75D75D75,5,71,14.2,5.0,71,31,42,Chromatin,6.08,9.469748946648502e-06,9,3,Chromatin(6.08x); RNA processing(4.15x); Transcription(2.01x)
0xD75D75D7,4,117,23.4,5.0,117,52,69,Chromatin,5.24,6.649431549374317e-07,13,3,Chromatin(5.24x); RNA processing(4.95x); Transcription(1.88x)
0x75D75D75,4,95,19.0,5.0,95,44,58,Methylation,6.38,0.0034722882766492287,4,4,Methylation(6.38x); Chromatin(5.24x); RNA processing(4.68x); Transcription(2.02x)
0x5D75D75D,4,133,26.6,5.0,133,61,82,Chromatin,5.15,1.1646571582629958e-07,15,3,Chromatin(5.15x); RNA processing(5.07x); Transcription(2.19x)
0xD75D75,3,216,43.2,5.0,216,96,130,Chromatin,4.58,3.4214639152298744e-09,21,3,Chromatin(4.58x); RNA processing(4.02x); Transcription(2.32x)
0x5D75D7,3,253,50.6,5.0,253,101,150,Chromatin,4.98,4.058687192733923e-11,24,3,Chromatin(4.98x); RNA processing(3.82x); Transcription(2.25x)
0xE69E69,3,32,6.4,5.0,32,17,21,Nuc acid bind,8.23,6.000094992781378e-11,13,2,Nuc acid bind(8.23x); RNA processing(7.57x)
0x5DA5D7,3,21,4.2,5.0,21,6,9,DNA repair,10.1,0.002155206330134547,3,1,DNA repair(10.1x)
0x6DB6DB6D,4,170,34.0,5.0,170,91,106,Transcription,3.42,2.7978237875530463e-28,70,3,Transcription(3.42x); RNA processing(2.83x); Nuc acid bind(1.89x)
0x6DB6DB,3,272,54.4,5.0,272,138,167,Transcription,3.32,5.306704928329224e-39,103,3,Transcription(3.32x); RNA processing(2.8x); Nuc acid bind(1.87x)
0xB6DB6D,3,285,57.0,5.0,285,145,174,Transcription,3.1,5.835515363243141e-34,101,4,Transcription(3.1x); RNA processing(2.84x); Chromatin(2.02x); Nuc acid bind(2.0x)
0x69A69A,3,195,39.0,5.0,195,98,124,Methylation,5.01,0.0004936193606435545,7,4,Methylation(5.01x); Chromatin(3.63x); Nuc acid bind(2.64x); Transcription(2.45x)
0x8A28A28A28,5,142,28.4,5.0,142,59,93,Chromatin,3.2,0.0017921162079842057,9,3,Chromatin(3.2x); Nuc acid bind(2.55x); Transcription(1.81x)
0x8A28A28A,4,234,46.8,5.0,234,98,153,Chromatin,3.85,7.366032560833059e-07,18,3,Chromatin(3.85x); Nuc acid bind(2.09x); Transcription(1.86x)
0x28A28A28,4,233,46.6,5.0,233,94,147,Chromatin,3.12,0.00013896779068170965,14,3,Chromatin(3.12x); Nuc acid bind(1.95x); Transcription(1.7x)
0x5CB9,2,73,14.5,5.0,73,27,54,Nuc acid bind,2.79,0.009893276661117143,7,1,Nuc acid bind(2.79x)
0x75DB5D,3,20,4.0,5.0,20,15,16,Unclassified,0,1.0,0,0,
0xA28A28A28A,5,123,24.6,5.0,123,52,86,Chromatin,3.63,0.000705700609589681,9,2,Chromatin(3.63x); Transcription(1.97x)
0x28A28A28A2,5,146,29.2,5.0,146,61,94,Chromatin,3.78,0.0001263222042777563,11,3,Chromatin(3.78x); Nuc acid bind(2.29x); Transcription(1.97x)
0x4284,2,128,25.5,5.0,128,61,92,Cytoskeleton,4.03,0.0036313939870081338,6,2,Cytoskeleton(4.03x); RNA processing(2.95x)
0x596596,3,94,18.8,5.0,94,35,70,Signaling,2.03,0.0005013905838018328,19,1,Signaling(2.03x)
0x769A69,3,23,4.6,5.0,23,8,14,Transcription,3.34,0.002352204321023424,6,1,Transcription(3.34x)
0xD5BDF6,3,20,4.0,5.0,20,6,11,Unclassified,0,1.0,0,0,
0x628B,2,244,48.7,5.0,244,119,188,Methylation,3.54,0.0070940712952432304,6,4,Methylation(3.54x); Cytoskeleton(3.44x); Chromatin(2.64x); Transcription(1.57x)
0xDB6DB6DB,4,174,34.8,5.0,174,93,107,Transcription,3.59,1.0017381008792036e-32,75,1,Transcription(3.59x)
0xDB6DB6,3,288,57.6,5.0,288,146,177,Transcription,3.14,2.1843177602540316e-35,103,2,Transcription(3.14x); RNA processing(2.29x)
0xD75D76,3,41,8.2,5.0,41,20,32,Cell cycle,6.28,0.0032815801427554547,4,2,Cell cycle(6.28x); Chromatin(5.24x)
0x69A69A69A6,5,63,12.6,5.0,63,33,43,Chromatin,3.81,0.0042356214682394205,6,3,Chromatin(3.81x); Nuc acid bind(2.61x); Transcription(2.29x)
0xA69A69A69A,5,43,8.6,5.0,43,29,34,Chromatin,4.34,0.0021354332930503695,6,3,Chromatin(4.34x); Nuc acid bind(2.97x); Transcription(2.15x)
0x9A69A69A69,5,44,8.8,5.0,44,29,35,Nuc acid bind,2.97,0.003937755682827856,8,2,Nuc acid bind(2.97x); Transcription(1.99x)
0x69A69A69,4,108,21.6,5.0,108,52,68,Chromatin,3.22,0.0030123423404557754,8,3,Chromatin(3.22x); Nuc acid bind(3.11x); Transcription(2.22x)
0xA69A69A6,4,99,19.8,5.0,99,50,63,Nuc acid bind,3.45,6.4841454991650735e-06,16,3,Nuc acid bind(3.45x); Chromatin(2.93x); Transcription(2.05x)
0x9A69A69A,4,68,13.6,5.0,68,43,51,Nuc acid bind,3.0,0.00039244041443025945,12,2,Nuc acid bind(3.0x); Transcription(2.07x)
0xA69A69,3,183,36.6,5.0,183,93,118,Nuc acid bind,3.94,6.509002102147928e-13,34,4,Nuc acid bind(3.94x); RNA processing(3.32x); Chromatin(2.48x); Transcription(2.15x)
0x9A69A6,3,142,28.4,5.0,142,75,97,Chromatin,3.07,0.0008087889956672279,11,3,Chromatin(3.07x); Nuc acid bind(3.01x); Transcription(2.13x)
0x8828A2,3,23,4.6,5.0,23,8,14,Cytoskeleton,15.36,0.0007373381360813219,3,2,Cytoskeleton(15.36x); Ion channel(6.91x)
0xB2CB2CB2CB,5,141,28.2,5.0,141,48,58,Chromatin,6.11,2.92366615583468e-08,14,2,Chromatin(6.11x); Transcription(2.97x)
0xCB2CB2CB2C,5,143,28.6,5.0,143,51,63,Chromatin,6.16,8.20888042093614e-09,15,2,Chromatin(6.16x); Transcription(2.88x)
0x2CB2CB2CB2,5,146,29.2,5.0,146,50,64,Chromatin,6.29,6.057911795361669e-09,15,2,Chromatin(6.29x); Transcription(2.94x)
0xB2CB2CB2,4,172,34.4,5.0,172,61,81,Chromatin,5.84,2.0770037075562706e-09,17,3,Chromatin(5.84x); Transcription(2.77x); DNA repair(2.65x)
0xCB2CB2CB,4,186,37.2,5.0,186,66,82,Chromatin,5.71,1.0247979654264444e-09,18,4,Chromatin(5.71x); Transcription(2.9x); DNA repair(2.76x); Nuc acid bind(2.12x)
0x2CB2CB2C,4,178,35.6,5.0,178,67,83,Chromatin,6.26,1.9343921358865814e-11,20,3,Chromatin(6.26x); Transcription(2.66x); Nuc acid bind(2.41x)
0xB2CB2C,3,238,47.6,5.0,238,83,110,Chromatin,5.3,1.924200340448618e-10,21,3,Chromatin(5.3x); Transcription(2.68x); Nuc acid bind(2.21x)
0xCB2CB2,3,252,50.4,5.0,252,84,111,Chromatin,5.24,2.4528802333333434e-10,21,3,Chromatin(5.24x); Transcription(2.7x); Nuc acid bind(2.69x)
0x2CB2CB,3,233,46.6,5.0,233,84,109,Chromatin,5.24,2.4528802333333434e-10,21,3,Chromatin(5.24x); Transcription(2.65x); Nuc acid bind(2.44x)
0x0A20A2,3,21,4.2,5.0,21,9,15,Unclassified,0,1.0,0,0,
0x8628A2,3,25,5.0,5.0,25,15,21,Chromatin,5.59,0.004598500673041294,4,1,Chromatin(5.59x)
0xB5D7,2,147,29.2,5.0,147,78,111,Chromatin,2.69,0.0038281795902000743,10,2,Chromatin(2.69x); Transcription(1.88x)
0x95A9,2,348,69.6,5.0,348,151,255,Ion channel,2.07,0.003400624039054515,17,1,Ion channel(2.07x)
0xDF7DF7DF7D,5,119,23.8,5.0,119,42,64,Chromatin,3.99,0.0007179329183248428,8,2,Chromatin(3.99x); Transcription(2.22x)
0x7DF7DF7DF7,5,108,21.6,5.0,108,40,60,Chromatin,4.19,0.0005087819684077273,8,3,Chromatin(4.19x); Nuc acid bind(2.96x); Transcription(2.11x)
0xDF7DF7DF,4,177,35.4,5.0,177,68,99,Chromatin,4.01,1.6257287950098035e-05,13,3,Chromatin(4.01x); Nuc acid bind(2.22x); Transcription(2.16x)
0x7DF7DF7D,4,220,44.0,5.0,220,74,117,Cytoskeleton,3.32,0.00931757709926596,6,5,Cytoskeleton(3.32x); RNA processing(3.13x); Chromatin(2.83x); Nuc acid bind(2.04x); Transcription(1.92x)
0xF7DF7DF7,4,170,34.0,5.0,170,61,92,Cytoskeleton,5.37,0.00011033556800001695,8,4,Cytoskeleton(5.37x); Chromatin(3.78x); Nuc acid bind(2.12x); Transcription(1.9x)
0xDF7DF7,3,325,65.0,5.0,325,115,176,Methylation,3.66,0.006025263718353566,6,6,Methylation(3.66x); Chromatin(3.1x); RNA processing(2.91x); Cytoskeleton(2.85x); Nuc acid bind(1.97x); Transcription(1.86x)
0x7DF7DF,3,359,71.8,5.0,359,132,204,RNA processing,3.71,7.760783005941627e-07,19,4,RNA processing(3.71x); Chromatin(2.86x); Nuc acid bind(2.12x); Transcription(1.99x)
0xF7DF7D,3,416,83.2,5.0,416,157,236,RNA processing,4.1,1.675692726165103e-09,25,4,RNA processing(4.1x); Chromatin(2.54x); Nuc acid bind(2.4x); Transcription(1.98x)
0xE79E79,3,22,4.4,5.0,22,10,14,RNA processing,10.3,0.00039136856585573245,4,2,RNA processing(10.3x); Nuc acid bind(5.38x)
0xB98B98,3,30,6.0,5.0,30,15,17,RNA processing,6.87,0.0021788812103391633,4,3,RNA processing(6.87x); Chromatin(5.59x); Transcription(2.37x)
0x9882F5,3,102,20.4,5.0,102,89,94,Transcription,4.45,6.93029766522826e-59,89,1,Transcription(4.45x)
0x5D75D8,3,31,6.2,5.0,31,13,18,Chromatin,8.06,0.00022747521871205355,5,2,Chromatin(8.06x); Transcription(2.74x)
0x86186186,4,21,4.2,5.0,21,8,12,Unclassified,0,1.0,0,0,
0x18618618,4,23,4.6,5.0,23,8,13,Unclassified,0,1.0,0,0,
0x618618,3,44,8.8,5.0,44,14,25,Unclassified,0,1.0,0,0,
0x861861,3,40,8.0,5.0,40,15,24,Unclassified,0,1.0,0,0,
0x186186,3,44,8.8,5.0,44,13,22,Chromatin,9.67,1.482446828359093e-05,6,2,Chromatin(9.67x); Transcription(2.74x)
0xA5DA69,3,22,4.4,5.0,22,5,10,Unclassified,0,1.0,0,0,
0x695BDA,3,46,9.2,5.0,46,24,31,Structural,27.82,1.5314356418890427e-22,17,2,Structural(27.82x); Cell adhesion(7.95x)
0xA620A9,3,32,6.4,5.0,32,18,23,Structural,17.45,5.67308448031927e-09,8,2,Structural(17.45x); Cell adhesion(10.6x)
0xA56F69,3,50,10.0,5.0,50,23,32,Structural,23.91,2.4104053385101597e-17,14,2,Structural(23.91x); Cell adhesion(9.22x)
0xA7D0A9,3,32,6.4,5.0,32,13,18,Cell adhesion,16.31,1.2714989311418574e-11,10,1,Cell adhesion(16.31x)
0x6DB6DB6DB6,5,99,19.8,5.0,99,54,63,Transcription,3.62,4.8321112863273994e-20,44,1,Transcription(3.62x)
0xB6DB6DB6,4,159,31.8,5.0,159,79,95,Transcription,3.43,5.827224975945489e-25,61,1,Transcription(3.43x)
0x8A28A1,3,32,6.4,5.0,32,14,20,Unclassified,0,1.0,0,0,
0x28A18A,3,25,5.0,5.0,25,9,16,Chromatin,6.98,0.007318523939659459,3,1,Chromatin(6.98x)
0x7DB7DB,3,28,5.6,5.0,28,15,18,Cell adhesion,5.65,0.00440786725322753,4,1,Cell adhesion(5.65x)
0xE5D75D,3,20,4.0,5.0,20,10,14,RNA processing,12.88,1.854591296642821e-05,5,2,RNA processing(12.88x); Nuc acid bind(4.31x)
0x75D77D,3,23,4.6,5.0,23,10,16,Unclassified,0,1.0,0,0,
0xDA7DF6,3,61,12.2,5.0,61,29,39,Structural,21.67,1.0800639868763509e-18,16,2,Structural(21.67x); Cell adhesion(8.77x)
0xF7DF7DF7DF,5,99,19.8,5.0,99,42,60,Chromatin,4.99,2.0908652849800537e-05,10,3,Chromatin(4.99x); Nuc acid bind(2.56x); Transcription(2.33x)
0x71C71C71C7,5,20,4.0,5.0,20,13,16,Chromatin,6.45,0.00259924151830128,4,2,Chromatin(6.45x); Transcription(3.76x)
0x71C71C71,4,47,9.4,5.0,47,22,26,Transcription,3.23,7.470963744384271e-07,16,1,Transcription(3.23x)
0xC71C71C7,4,32,6.4,5.0,32,16,20,Chromatin,5.24,0.005902970015921143,4,2,Chromatin(5.24x); Transcription(3.89x)
0x628A28,3,92,18.4,5.0,92,43,67,Chromatin,3.9,0.0008457809745201036,8,1,Chromatin(3.9x)
0xC71C71,3,69,13.8,5.0,69,29,36,Transcription,3.22,1.4605705272157136e-08,21,1,Transcription(3.22x)
0x1C71C7,3,48,9.6,5.0,48,23,28,Chromatin,5.47,0.0005790875934840826,6,2,Chromatin(5.47x); Transcription(3.48x)
0x769769,3,25,5.0,5.0,25,6,12,Unclassified,0,1.0,0,0,
0x1141,2,55,10.9,5.0,55,30,39,Cell adhesion,7.07,6.436550128043286e-07,10,1,Cell adhesion(7.07x)
0xE5DE5D,3,101,20.2,5.0,101,40,54,RNA processing,17.38,3.002162156843068e-29,27,2,RNA processing(17.38x); Nuc acid bind(6.19x)
0xDA69A6,3,31,6.2,5.0,31,19,24,Transcription,2.81,0.00016444554597283589,12,1,Transcription(2.81x)
0x75675D,3,25,5.0,5.0,25,12,21,Cytoskeleton,13.65,0.00014785737544286169,4,1,Cytoskeleton(13.65x)
0x75D59D,3,23,4.6,5.0,23,14,16,Transcription,2.54,0.00518556022032527,8,1,Transcription(2.54x)
0xCBDCBD,3,24,4.8,5.0,24,15,18,Chromatin,6.98,0.00049011389057624,5,2,Chromatin(6.98x); Transcription(2.37x)
0x75DA5D,3,25,5.0,5.0,25,14,21,Unclassified,0,1.0,0,0,
0x6DF7DF,3,23,4.6,5.0,23,8,13,Chromatin,7.86,0.0050569460906695505,3,1,Chromatin(7.86x)
0xF7DF6D,3,27,5.4,5.0,27,15,21,Chromatin,8.38,3.982667813136188e-05,6,2,Chromatin(8.38x); Transcription(2.37x)
0x5BDF7D,3,26,5.2,5.0,26,14,18,Ion channel,6.58,0.0006168841240462037,5,1,Ion channel(6.58x)
0xDB6DB6DB6D,5,111,22.2,5.0,111,61,70,Transcription,3.79,2.6182329088982347e-25,52,1,Transcription(3.79x)
0xB6DB6DB6DB,5,108,21.6,5.0,108,55,64,Transcription,3.88,2.070562714840826e-24,48,1,Transcription(3.88x)
0xDF5DF6,3,25,5.0,5.0,25,15,19,Unclassified,0,1.0,0,0,
0x96CB2C,3,23,4.6,5.0,23,5,6,Unclassified,0,1.0,0,0,
0x2F62F6,3,20,4.0,5.0,20,8,9,Unclassified,0,1.0,0,0,
0xC72E45C4DA,5,38,7.6,5.0,38,32,35,Transcription,4.45,1.5851963180038043e-21,32,1,Transcription(4.45x)
0x99A42B55,4,117,23.4,5.0,117,90,106,Transcription,4.45,1.5196354315931955e-59,90,1,Transcription(4.45x)
0xC72E45C4,4,41,8.2,5.0,41,35,38,Transcription,4.45,1.7528153385978586e-23,35,1,Transcription(4.45x)
0x2E45C4DA,4,66,13.2,5.0,66,53,58,Transcription,4.45,3.038081990735252e-35,53,1,Transcription(4.45x)
0x642899,3,29,5.8,5.0,29,24,29,Transcription,4.45,2.580260506320955e-16,24,1,Transcription(4.45x)
0xC4DA620B,4,169,33.8,5.0,169,135,153,Transcription,4.45,2.4901515091481788e-89,135,1,Transcription(4.45x)
0x620BD442,4,77,15.4,5.0,77,61,68,Transcription,4.45,1.7485849598724993e-40,61,1,Transcription(4.45x)
0xDA620BD4,4,157,31.4,5.0,157,127,143,Transcription,4.45,5.129998564204343e-84,127,1,Transcription(4.45x)
0xA42B55,3,127,25.4,5.0,127,99,116,Transcription,4.45,1.757954121842298e-65,99,1,Transcription(4.45x)
0x2899A4,3,29,5.8,5.0,29,24,29,Transcription,4.45,2.580260506320955e-16,24,1,Transcription(4.45x)
0xC72E45,3,39,7.8,5.0,39,34,37,Transcription,4.45,7.869976583358452e-23,34,1,Transcription(4.45x)
0x2E45C4,3,60,12.0,5.0,60,51,56,Transcription,4.45,6.185142327908896e-34,51,1,Transcription(4.45x)
0x99A42B,3,97,19.4,5.0,97,72,88,Transcription,4.45,1.0590935762762024e-47,72,1,Transcription(4.45x)
0xC4DA62,3,166,33.2,5.0,166,131,149,Transcription,4.45,1.1328906414002672e-86,131,1,Transcription(4.45x)
0xDA620B,3,157,31.4,5.0,157,126,142,Transcription,4.45,2.364734237481663e-83,126,1,Transcription(4.45x)
0x620BD4,3,135,27.0,5.0,135,112,124,Transcription,4.45,4.485477846403877e-74,112,1,Transcription(4.45x)
0x0BD442,3,65,13.0,5.0,65,50,57,Transcription,4.45,2.7895933798716015e-33,50,1,Transcription(4.45x)
0x45C4DA,3,61,12.2,5.0,61,54,57,Transcription,4.45,6.730392316239644e-36,54,1,Transcription(4.45x)
0xD44264,3,28,5.6,5.0,28,23,25,Transcription,4.45,1.1549561031165897e-15,23,1,Transcription(4.45x)
0xDC4DA620BD,5,38,7.6,5.0,38,33,35,Transcription,4.45,3.5325559755788383e-22,33,1,Transcription(4.45x)
0x4DA620BD46,5,38,7.6,5.0,38,35,36,Transcription,4.45,1.7528153385978586e-23,35,1,Transcription(4.45x)
0xE4DC4DA620,5,31,6.2,5.0,31,27,29,Transcription,4.45,2.8723066243366694e-18,27,1,Transcription(4.45x)
0xDC4DA620,4,40,8.0,5.0,40,35,37,Transcription,4.45,1.7528153385978586e-23,35,1,Transcription(4.45x)
0x4DA620BD,4,112,22.4,5.0,112,93,99,Transcription,4.45,1.599386309294869e-61,93,1,Transcription(4.45x)
0xA620BD46,4,46,9.2,5.0,46,42,43,Transcription,4.45,4.727855161564874e-28,42,1,Transcription(4.45x)
0xE4DC4DA6,4,43,8.6,5.0,43,33,37,Transcription,4.45,3.5325559755788383e-22,33,1,Transcription(4.45x)
0x4DA620,3,113,22.6,5.0,113,94,100,Transcription,4.45,3.503012124665674e-62,94,1,Transcription(4.45x)
0x20BD46,3,46,9.2,5.0,46,43,44,Transcription,4.45,1.0506344803477506e-28,43,1,Transcription(4.45x)
0x2C72E4,3,25,5.0,5.0,25,21,22,Transcription,4.45,2.3120975335417906e-14,21,1,Transcription(4.45x)
0xDC4DA6,3,46,9.2,5.0,46,35,40,Transcription,4.45,1.7528153385978586e-23,35,1,Transcription(4.45x)
0xA620BD,3,116,23.2,5.0,116,94,102,Transcription,4.45,3.503012124665674e-62,94,1,Transcription(4.45x)
0xE4DC4D,3,39,7.8,5.0,39,28,33,Transcription,4.45,6.409793550216882e-19,28,1,Transcription(4.45x)
0x5A2896,3,24,4.8,5.0,24,12,19,Cytoskeleton,10.24,0.0026936794692433118,3,1,Cytoskeleton(10.24x)
0xD8A28A,3,24,4.8,5.0,24,12,16,Kinase,6.63,0.0022671174921812245,4,1,Kinase(6.63x)
0x8B98B9,3,42,8.4,5.0,42,15,20,RNA processing,10.3,1.2341102145751224e-05,6,2,RNA processing(10.3x); Nuc acid bind(4.31x)
0x13698B9F51,5,27,5.4,5.0,27,21,23,Transcription,4.45,2.3120975335417906e-14,21,1,Transcription(4.45x)
0x13698B9F,4,27,5.4,5.0,27,21,23,Transcription,4.45,2.3120975335417906e-14,21,1,Transcription(4.45x)
0x698B9F51,4,29,5.8,5.0,29,22,24,Transcription,4.45,5.1682834664589105e-15,22,1,Transcription(4.45x)
0x13698B,3,25,5.0,5.0,25,19,21,Transcription,4.45,4.623415718253733e-13,19,1,Transcription(4.45x)
0x698B9F,3,33,6.6,5.0,33,26,28,Transcription,4.45,1.2867561991052446e-17,26,1,Transcription(4.45x)
0x8B9F51,3,28,5.6,5.0,28,21,23,Transcription,4.45,2.3120975335417906e-14,21,1,Transcription(4.45x)
0xE62E62,3,21,4.2,5.0,21,8,12,Nuc acid bind,5.38,0.0038174684905597886,4,1,Nuc acid bind(5.38x)
0x2E62E6,3,20,4.0,5.0,20,6,9,Unclassified,0,1.0,0,0,
0xDE5DE5DE,4,27,5.4,5.0,27,13,17,RNA processing,21.79,1.9722937539536972e-14,11,2,RNA processing(21.79x); Nuc acid bind(8.28x)
0x5DE5DE5D,4,44,8.8,5.0,44,22,27,RNA processing,19.9,1.7392205536748962e-20,17,2,RNA processing(19.9x); Nuc acid bind(7.83x)
0xDE5DE5,3,64,12.8,5.0,64,25,30,RNA processing,20.6,1.841804733915633e-24,20,2,RNA processing(20.6x); Nuc acid bind(7.32x)
0x5DE5DE,3,65,13.0,5.0,65,30,36,RNA processing,18.88,2.526243357904212e-25,22,2,RNA processing(18.88x); Nuc acid bind(7.18x)
0x1369882F51,5,103,20.6,5.0,103,82,94,Transcription,4.45,2.820664824160313e-54,82,1,Transcription(4.45x)
0x371369882F,5,42,8.4,5.0,42,33,39,Transcription,4.45,3.5325559755788383e-22,33,1,Transcription(4.45x)
0x69882F5109,5,51,10.2,5.0,51,44,47,Transcription,4.45,2.3340867251820103e-29,44,1,Transcription(4.45x)
0x171369882F,5,77,15.4,5.0,77,66,72,Transcription,4.45,9.199017858804497e-44,66,1,Transcription(4.45x)
0x69882F51,4,108,21.6,5.0,108,85,97,Transcription,4.45,2.989204423566149e-56,85,1,Transcription(4.45x)
0x69882F5189,5,45,9.0,5.0,45,34,39,Transcription,4.45,7.869976583358452e-23,34,1,Transcription(4.45x)
0x882F510990,5,28,5.6,5.0,28,21,23,Transcription,4.45,2.3120975335417906e-14,21,1,Transcription(4.45x)
0x882F518990,5,33,6.6,5.0,33,24,30,Transcription,4.45,2.580260506320955e-16,24,1,Transcription(4.45x)
0x1369882F,4,119,23.8,5.0,119,95,109,Transcription,4.45,7.670169347593896e-63,95,1,Transcription(4.45x)
0xB937136988,5,33,6.6,5.0,33,25,31,Transcription,4.45,5.762892298112746e-17,25,1,Transcription(4.45x)
0xB917136988,5,50,10.0,5.0,50,43,48,Transcription,4.45,1.0506344803477506e-28,43,1,Transcription(4.45x)
0x882F5109,4,58,11.6,5.0,58,49,53,Transcription,4.45,1.2577941879522552e-32,49,1,Transcription(4.45x)
0x37136988,4,48,9.6,5.0,48,37,44,Transcription,4.45,8.687531874857731e-25,37,1,Transcription(4.45x)
0x69882F,3,126,25.2,5.0,126,100,114,Transcription,4.45,3.843662401994174e-66,100,1,Transcription(4.45x)
0x882F51,3,110,22.0,5.0,110,86,99,Transcription,4.45,6.562079688302661e-57,86,1,Transcription(4.45x)
0x882F5189,4,49,9.8,5.0,49,37,43,Transcription,4.45,8.687531874857731e-25,37,1,Transcription(4.45x)
0x2F518990,4,37,7.4,5.0,37,28,34,Transcription,4.45,6.409793550216882e-19,28,1,Transcription(4.45x)
0x2F510990,4,29,5.8,5.0,29,22,24,Transcription,4.45,5.1682834664589105e-15,22,1,Transcription(4.45x)
0xB9371369,4,43,8.6,5.0,43,32,40,Transcription,4.45,1.5851963180038043e-21,32,1,Transcription(4.45x)
0x17136988,4,77,15.4,5.0,77,67,72,Transcription,4.45,2.0304038451937468e-44,67,1,Transcription(4.45x)
0xB9171369,4,53,10.6,5.0,53,45,50,Transcription,4.45,5.183941911131438e-30,45,1,Transcription(4.45x)
0x2F5109,3,57,11.4,5.0,57,49,52,Transcription,4.45,1.2577941879522552e-32,49,1,Transcription(4.45x)
0x136988,3,118,23.6,5.0,118,92,106,Transcription,4.45,7.300291633405191e-61,92,1,Transcription(4.45x)
0x626690AD,4,20,4.0,5.0,20,18,19,Transcription,4.45,2.0666171119119104e-12,18,1,Transcription(4.45x)
0x371369,3,59,11.8,5.0,59,44,54,Transcription,4.45,2.3340867251820103e-29,44,1,Transcription(4.45x)
0x2F5189,3,49,9.8,5.0,49,38,43,Transcription,4.45,1.933275845264276e-25,38,1,Transcription(4.45x)
0x6690AD,3,74,14.8,5.0,74,60,68,Transcription,4.45,7.908719965886204e-40,60,1,Transcription(4.45x)
0x7DF56F,3,25,5.0,5.0,25,8,17,Unclassified,0,1.0,0,0,
0xF56F7D,3,23,4.6,5.0,23,10,15,Unclassified,0,1.0,0,0,
0x69769A,3,22,4.4,5.0,22,7,14,RNA processing,11.04,0.0018123239580847162,3,1,RNA processing(11.04x)
0xDF7DF6,3,44,8.8,5.0,44,22,31,RNA processing,5.85,0.0013161382748911523,5,2,RNA processing(5.85x); Nuc acid bind(5.38x)
0x37D5B1,3,40,8.0,5.0,40,10,14,Ubiquitin,10.99,3.982763359655775e-05,5,1,Ubiquitin(10.99x)
0x4DF56C,3,27,5.4,5.0,27,8,9,Ubiquitin,10.99,0.0002559742583917065,4,1,Ubiquitin(10.99x)
0xDF56C5,3,26,5.2,5.0,26,5,9,Unclassified,0,1.0,0,0,
0x77D77D,3,26,5.2,5.0,26,11,20,Phosphatase,14.37,0.008115949597161932,2,2,Phosphatase(14.37x); RNA processing(9.36x)
0xDF7DF5,3,33,6.6,5.0,33,12,20,Unclassified,0,1.0,0,0,
0x9A79A7,3,26,5.2,5.0,26,15,18,Nuc acid bind,6.46,1.4901392049411885e-06,9,2,Nuc acid bind(6.46x); Chromatin(5.59x)
0x7D5BDF,3,21,4.2,5.0,21,11,14,Unclassified,0,1.0,0,0,
0xDF7D5B,3,26,5.2,5.0,26,9,15,Unclassified,0,1.0,0,0,
0xF7DB7D,3,21,4.2,5.0,21,8,16,Unclassified,0,1.0,0,0,
0xF7DA7D,3,58,11.6,5.0,58,27,38,Structural,16.0,2.2266899956097933e-11,11,2,Structural(16.0x); Cell adhesion(6.28x)
0x4D34D3,3,36,7.2,5.0,36,15,21,Unclassified,0,1.0,0,0,
0x9F7DA7DF69,5,29,5.8,5.0,29,16,21,Structural,24.55,6.964505054888104e-13,10,2,Structural(24.55x); Cell adhesion(7.95x)
0xA7DF69F7DA,5,28,5.6,5.0,28,14,18,Structural,22.44,4.256349712565191e-10,8,2,Structural(22.44x); Cell adhesion(9.09x)
0x7DA7DF69,4,37,7.4,5.0,37,20,25,Structural,23.56,6.347064239853929e-15,12,2,Structural(23.56x); Cell adhesion(8.48x)
0xA7DF69F7,4,40,8.0,5.0,40,19,24,Structural,22.74,1.5489648437690068e-13,11,2,Structural(22.74x); Cell adhesion(7.81x)
0xDA7DF69F,4,34,6.8,5.0,34,21,25,Structural,26.18,3.591294181347484e-18,14,2,Structural(26.18x); Cell adhesion(8.08x)
0x7DF69F7D,4,30,6.0,5.0,30,16,22,Structural,24.55,6.964505054888104e-13,10,2,Structural(24.55x); Cell adhesion(9.28x)
0xF69F7DA7,4,26,5.2,5.0,26,14,19,Structural,22.44,4.256349712565191e-10,8,2,Structural(22.44x); Cell adhesion(10.6x)
0x9F7DA7DF,4,31,6.2,5.0,31,17,22,Structural,23.1,1.6534563846047009e-12,10,2,Structural(23.1x); Cell adhesion(7.48x)
0xDF69F7DA,4,34,6.8,5.0,34,17,21,Structural,20.79,8.170901129181223e-11,9,2,Structural(20.79x); Cell adhesion(9.98x)
0xF7DA7DF6,4,33,6.6,5.0,33,15,21,Structural,20.95,8.91963890877787e-10,8,2,Structural(20.95x); Cell adhesion(12.72x)
0xA7DF69,3,83,16.6,5.0,83,38,48,Structural,19.64,6.88661067523392e-21,19,2,Structural(19.64x); Cell adhesion(7.81x)
0x9F7DA7,3,62,12.4,5.0,62,30,39,Structural,19.64,9.708004445631949e-17,15,2,Structural(19.64x); Cell adhesion(7.07x)
0xDF69F7,3,50,10.0,5.0,50,23,29,Structural,13.66,5.6870176214292337e-08,8,2,Structural(13.66x); Cell adhesion(6.45x)
0x69F7DA,3,70,14.0,5.0,70,30,41,Structural,19.64,9.708004445631949e-17,15,2,Structural(19.64x); Cell adhesion(9.19x)
0x7DF69F,3,48,9.6,5.0,48,26,33,Structural,19.64,1.1452760905267162e-14,13,2,Structural(19.64x); Cell adhesion(8.16x)
0xF69F7D,3,51,10.2,5.0,51,28,37,Structural,18.23,3.938044033316992e-14,13,2,Structural(18.23x); Cell adhesion(9.09x)
0x7DA7DF,3,45,9.0,5.0,45,22,29,Structural,14.28,3.79239798169921e-08,8,2,Structural(14.28x); Cell adhesion(4.82x)
0x690AD5,3,80,16.0,5.0,80,68,73,Transcription,4.45,4.4802261629979575e-45,68,1,Transcription(4.45x)
0x7977977977,5,27,5.4,5.0,27,13,15,RNA processing,23.77,1.2934975947582344e-16,12,2,RNA processing(23.77x); Nuc acid bind(9.11x)
0x7797797797,5,25,5.0,5.0,25,11,13,RNA processing,25.75,2.7143055064430807e-16,11,2,RNA processing(25.75x); Nuc acid bind(9.79x)
0x79779779,4,47,9.4,5.0,47,24,26,RNA processing,24.68,4.955602191087046e-32,23,2,RNA processing(24.68x); Nuc acid bind(7.63x)
0x77977977,4,39,7.8,5.0,39,17,19,RNA processing,22.72,7.066322536088008e-20,15,2,RNA processing(22.72x); Nuc acid bind(8.23x)
0xE5DE5DE5,4,23,4.6,5.0,23,11,13,RNA processing,21.07,9.589145196984064e-12,9,2,RNA processing(21.07x); Nuc acid bind(7.83x)
0x97797797,4,29,5.8,5.0,29,13,16,RNA processing,25.75,3.908796437122791e-19,13,2,RNA processing(25.75x); Nuc acid bind(9.94x)
0x779779,3,64,12.8,5.0,64,35,37,RNA processing,21.34,7.029802841381862e-36,29,2,RNA processing(21.34x); Nuc acid bind(7.08x)
0x797797,3,75,15.0,5.0,75,39,47,RNA processing,23.11,8.919044746334305e-46,35,2,RNA processing(23.11x); Nuc acid bind(6.63x)
0x977977,3,62,12.4,5.0,62,31,37,RNA processing,23.26,5.91342075468641e-37,28,2,RNA processing(23.26x); Nuc acid bind(7.64x)
0x79E79E,3,24,4.8,5.0,24,7,13,RNA processing,11.04,0.0018123239580847162,3,2,RNA processing(11.04x); Nuc acid bind(7.69x)
0xA698,2,70,13.9,5.0,70,37,56,Unclassified,0,1.0,0,0,
0x69F7DA7D,4,48,9.6,5.0,48,21,30,Structural,24.31,2.513238728005216e-16,13,2,Structural(24.31x); Cell adhesion(9.09x)
0xF6DF6D,3,30,6.0,5.0,30,11,21,Unclassified,0,1.0,0,0,
0xDF6DF6,3,41,8.2,5.0,41,19,27,Chromatin,6.62,0.00018325690356152223,6,1,Chromatin(6.62x)
0xB7DB7D,3,28,5.6,5.0,28,14,19,Chromatin,5.99,0.0035029308643839464,4,1,Chromatin(5.99x)
0x1C71C71C,4,25,5.0,5.0,25,10,14,Transcription,3.11,0.0018037318216247789,7,1,Transcription(3.11x)
0xF7DF56,3,31,6.2,5.0,31,13,21,Unclassified,0,1.0,0,0,
0xA62F69,3,32,6.4,5.0,32,16,22,Structural,22.09,3.932665869387882e-11,9,2,Structural(22.09x); Cell adhesion(10.6x)
0x69F42A,3,27,5.4,5.0,27,15,19,Structural,20.95,8.91963890877787e-10,8,2,Structural(20.95x); Cell adhesion(9.9x)
0xC4DA620BD4,5,153,30.6,5.0,153,123,139,Transcription,4.45,2.312156489638818e-81,123,1,Transcription(4.45x)
0xA62E69,3,21,4.2,5.0,21,16,17,Structural,27.0,9.585398119409995e-15,11,2,Structural(27.0x); Cell adhesion(7.95x)
0xA69A5D,3,20,4.0,5.0,20,8,13,Unclassified,0,1.0,0,0,
0x518990,3,33,6.6,5.0,33,26,30,Transcription,4.28,1.176662947733002e-15,25,1,Transcription(4.28x)
0x69F7DA7DF6,5,28,5.6,5.0,28,12,18,Structural,19.64,2.1115921518852685e-07,6,2,Structural(19.64x); Cell adhesion(12.37x)
0xDA56F6,3,22,4.4,5.0,22,12,19,Structural,19.64,2.1115921518852685e-07,6,2,Structural(19.64x); Cell adhesion(10.6x)
0x9F42A6,3,22,4.4,5.0,22,11,13,Structural,17.85,4.224941580413839e-06,5,2,Structural(17.85x); Cell adhesion(11.57x)
0x7DF7D5,3,21,4.2,5.0,21,12,17,Chromatin,6.98,0.0018694672722738258,4,2,Chromatin(6.98x); Transcription(2.97x)
0xF7D5BD,3,37,7.4,5.0,37,15,26,Transcription,3.26,3.9876713580261275e-05,11,1,Transcription(3.26x)
0x71369882F5,5,112,22.4,5.0,112,96,100,Transcription,4.45,1.6789712312427195e-63,96,1,Transcription(4.45x)
0x9371369882,5,43,8.6,5.0,43,38,39,Transcription,4.45,1.933275845264276e-25,38,1,Transcription(4.45x)
0x71369882,4,119,23.8,5.0,119,100,105,Transcription,4.45,3.843662401994174e-66,100,1,Transcription(4.45x)
0x93713698,4,47,9.4,5.0,47,41,42,Transcription,4.45,2.126936792597022e-27,41,1,Transcription(4.45x)
0x369882F5,4,114,22.8,5.0,114,98,102,Transcription,4.45,8.037937093633911e-65,98,1,Transcription(4.45x)
0x937136,3,40,8.0,5.0,40,37,38,Transcription,4.45,8.687531874857731e-25,37,1,Transcription(4.45x)
0x713698,3,137,27.4,5.0,137,114,121,Transcription,4.45,2.127608329059011e-75,114,1,Transcription(4.45x)
0x369882,3,110,22.0,5.0,110,93,98,Transcription,4.45,1.599386309294869e-61,93,1,Transcription(4.45x)
0x6909D5,3,20,4.0,5.0,20,15,19,Transcription,4.45,1.8425810450744287e-10,15,1,Transcription(4.45x)
0x34D34D,3,32,6.4,5.0,32,10,19,Unclassified,0,1.0,0,0,
0xD34D34,3,24,4.8,5.0,24,10,16,Unclassified,0,1.0,0,0,
0x79A79A,3,36,7.2,5.0,36,19,23,Nuc acid bind,7.37,5.724073752088059e-10,13,2,Nuc acid bind(7.37x); RNA processing(6.78x)
0xA79A79,3,26,5.2,5.0,26,15,18,Nuc acid bind,7.18,8.949798963061133e-08,10,1,Nuc acid bind(7.18x)
0xA7DF7D,3,23,4.6,5.0,23,10,17,RNA processing,10.3,0.00039136856585573245,4,1,RNA processing(10.3x)
0xCBDF7D,3,21,4.2,5.0,21,13,14,Chromatin,8.06,0.00022747521871205355,5,2,Chromatin(8.06x); Transcription(2.74x)
0x9A79A6,3,22,4.4,5.0,22,11,15,RNA processing,14.05,1.3014835051166853e-06,6,2,RNA processing(14.05x); Nuc acid bind(9.79x)
0x0BD44266,4,27,5.4,5.0,27,20,23,Transcription,4.45,1.034058254868457e-13,20,1,Transcription(4.45x)
0xD44266,3,24,4.8,5.0,24,18,21,Transcription,4.45,2.0666171119119104e-12,18,1,Transcription(4.45x)
0xDF6DF7,3,21,4.2,5.0,21,9,13,Unclassified,0,1.0,0,0,
0xF690,2,54,10.7,5.0,54,21,40,Unclassified,0,1.0,0,0,
0x9171369882,5,55,11.0,5.0,55,47,49,Transcription,4.45,2.5549333894904015e-31,47,1,Transcription(4.45x)
0x26690AD5,4,66,13.2,5.0,66,56,57,Transcription,4.45,3.300303460468796e-37,56,1,Transcription(4.45x)
0x91713698,4,61,12.2,5.0,61,52,54,Transcription,4.45,1.3709951276768637e-34,52,1,Transcription(4.45x)
0x26690A,3,78,15.6,5.0,78,64,66,Transcription,4.45,1.886641518234467e-42,64,1,Transcription(4.45x)
0x917136,3,62,12.4,5.0,62,54,56,Transcription,4.45,6.730392316239644e-36,54,1,Transcription(4.45x)
0xDB7DB7,3,26,5.2,5.0,26,10,13,Unclassified,0,1.0,0,0,
0xF51899,3,41,8.2,5.0,41,40,40,Transcription,4.45,9.565836752543473e-27,40,1,Transcription(4.45x)
0x5C4DA620BD,5,89,17.8,5.0,89,74,77,Transcription,4.45,5.1405474538641304e-49,74,1,Transcription(4.45x)
0x5C4DA620,4,92,18.4,5.0,92,77,80,Transcription,4.45,5.485206591265363e-51,77,1,Transcription(4.45x)
0x5C4DA6,3,93,18.6,5.0,93,75,79,Transcription,4.45,1.1320384002307318e-49,75,1,Transcription(4.45x)
0xE45C4D,3,67,13.4,5.0,67,57,59,Transcription,4.45,7.305103453076596e-38,57,1,Transcription(4.45x)
0xC99A42,3,20,4.0,5.0,20,19,20,Transcription,4.45,4.623415718253733e-13,19,1,Transcription(4.45x)
0xCB91713698,5,25,5.0,5.0,25,20,21,Transcription,4.45,1.034058254868457e-13,20,1,Transcription(4.45x)
0x369882F510,5,45,9.0,5.0,45,35,36,Transcription,4.45,1.7528153385978586e-23,35,1,Transcription(4.45x)
0xCB917136,4,26,5.2,5.0,26,21,22,Transcription,4.45,2.3120975335417906e-14,21,1,Transcription(4.45x)
0x9882F51099,5,51,10.2,5.0,51,41,42,Transcription,4.45,2.126936792597022e-27,41,1,Transcription(4.45x)
0x690AD55D,4,23,4.6,5.0,23,22,23,Transcription,4.45,5.1682834664589105e-15,22,1,Transcription(4.45x)
0x71CB9171,4,21,4.2,5.0,21,17,19,Transcription,4.45,9.234986965161356e-12,17,1,Transcription(4.45x)
0x9882F510,4,42,8.4,5.0,42,35,36,Transcription,4.45,1.7528153385978586e-23,35,1,Transcription(4.45x)
0x82F51099,4,45,9.0,5.0,45,37,39,Transcription,4.45,8.687531874857731e-25,37,1,Transcription(4.45x)
0xCB9171,3,30,6.0,5.0,30,24,26,Transcription,4.45,2.580260506320955e-16,24,1,Transcription(4.45x)
0x71CB91,3,20,4.0,5.0,20,16,18,Transcription,4.45,4.125644427523551e-11,16,1,Transcription(4.45x)
0x0AD55D,3,23,4.6,5.0,23,22,23,Transcription,4.25,4.0012750458355697e-13,21,1,Transcription(4.25x)
0x82F510,3,34,6.8,5.0,34,27,29,Transcription,4.45,2.8723066243366694e-18,27,1,Transcription(4.45x)
0xF51099,3,41,8.2,5.0,41,33,34,Transcription,4.45,3.5325559755788383e-22,33,1,Transcription(4.45x)
0xE45C4DA620,5,54,10.8,5.0,54,46,47,Transcription,4.45,1.1510150675390686e-30,46,1,Transcription(4.45x)
0xE45C4DA6,4,63,12.6,5.0,63,54,55,Transcription,4.45,6.730392316239644e-36,54,1,Transcription(4.45x)
0x899A42,3,74,14.8,5.0,74,61,66,Transcription,4.45,1.7485849598724993e-40,61,1,Transcription(4.45x)
0x9A42B5,3,73,14.6,5.0,73,62,64,Transcription,4.45,3.864952433834691e-41,62,1,Transcription(4.45x)
0x5ADB6D,3,24,4.8,5.0,24,6,7,Unclassified,0,1.0,0,0,
0x5B2CB2,3,20,4.0,5.0,20,9,12,DNA repair,6.74,0.008094719086963008,3,2,DNA repair(6.74x); Transcription(2.97x)
0xBDF7DF,3,21,4.2,5.0,21,12,18,Chromatin,6.98,0.0018694672722738258,4,2,Chromatin(6.98x); Transcription(2.59x)
0xC4DA620BD5,5,29,5.8,5.0,29,25,27,Transcription,4.45,5.762892298112746e-17,25,1,Transcription(4.45x)
0xDA620BD5,4,33,6.6,5.0,33,27,30,Transcription,4.45,2.8723066243366694e-18,27,1,Transcription(4.45x)
0x620BD5,3,26,5.2,5.0,26,21,24,Transcription,4.45,2.3120975335417906e-14,21,1,Transcription(4.45x)
0x369882F518,5,47,9.4,5.0,47,42,42,Transcription,4.45,4.727855161564874e-28,42,1,Transcription(4.45x)
0x8B937136,4,20,4.0,5.0,20,17,17,Transcription,4.45,9.234986965161356e-12,17,1,Transcription(4.45x)
0x9882F51899,5,53,10.6,5.0,53,48,48,Transcription,4.45,5.66964401895435e-32,48,1,Transcription(4.45x)
0x9882F518,4,49,9.8,5.0,49,46,46,Transcription,4.45,1.1510150675390686e-30,46,1,Transcription(4.45x)
0x82F51899,4,50,10.0,5.0,50,45,45,Transcription,4.45,5.183941911131438e-30,45,1,Transcription(4.45x)
0x82F518,3,35,7.0,5.0,35,34,34,Transcription,4.45,7.869976583358452e-23,34,1,Transcription(4.45x)
0x20BD4626,4,33,6.6,5.0,33,31,32,Transcription,4.45,7.11140645649672e-21,31,1,Transcription(4.45x)
0x2C72E45C,4,20,4.0,5.0,20,18,18,Transcription,4.45,2.0666171119119104e-12,18,1,Transcription(4.45x)
0x899A42B5,4,40,8.0,5.0,40,36,37,Transcription,4.45,3.902807880144421e-24,36,1,Transcription(4.45x)
0xBD4626,3,37,7.4,5.0,37,33,34,Transcription,4.45,3.5325559755788383e-22,33,1,Transcription(4.45x)
0x72E45C,3,36,7.2,5.0,36,32,32,Transcription,4.45,1.5851963180038043e-21,32,1,Transcription(4.45x)
0x626690,3,46,9.2,5.0,46,40,42,Transcription,4.45,9.565836752543473e-27,40,1,Transcription(4.45x)
0x4DA620BD44,5,57,11.4,5.0,57,47,49,Transcription,4.45,2.5549333894904015e-31,47,1,Transcription(4.45x)
0xA620BD4426,5,54,10.8,5.0,54,45,46,Transcription,4.45,5.183941911131438e-30,45,1,Transcription(4.45x)
0x20BD4426,4,59,11.8,5.0,59,49,50,Transcription,4.45,1.2577941879522552e-32,49,1,Transcription(4.45x)
0xA620BD44,4,62,12.4,5.0,62,51,53,Transcription,4.45,6.185142327908896e-34,51,1,Transcription(4.45x)
0x20BD44,3,63,12.6,5.0,63,49,51,Transcription,4.45,1.2577941879522552e-32,49,1,Transcription(4.45x)
0xBD4426,3,59,11.8,5.0,59,49,50,Transcription,4.45,1.2577941879522552e-32,49,1,Transcription(4.45x)
0x266909,3,21,4.2,5.0,21,18,20,Transcription,4.45,2.0666171119119104e-12,18,1,Transcription(4.45x)
0xB93713,3,36,7.2,5.0,36,27,33,Transcription,4.45,2.8723066243366694e-18,27,1,Transcription(4.45x)
0x1CB937,3,20,4.0,5.0,20,19,20,Transcription,4.45,4.623415718253733e-13,19,1,Transcription(4.45x)
0x9A4235,3,21,4.2,5.0,21,20,20,Transcription,4.45,1.034058254868457e-13,20,1,Transcription(4.45x)
0x2B5577,3,22,4.4,5.0,22,14,21,Transcription,4.45,8.226985875913921e-10,14,1,Transcription(4.45x)
0xA620BD4626,5,28,5.6,5.0,28,26,27,Transcription,4.45,1.2867561991052446e-17,26,1,Transcription(4.45x)
0x171369,3,74,14.8,5.0,74,63,68,Transcription,4.45,8.540403462871219e-42,63,1,Transcription(4.45x)
0xDA620BD462,5,80,16.0,5.0,80,62,73,Transcription,4.45,3.864952433834691e-41,62,1,Transcription(4.45x)
0x641C99A42B,5,55,11.0,5.0,55,39,48,Transcription,4.45,4.300999189930161e-26,39,1,Transcription(4.45x)
0x1C99A42B55,5,58,11.6,5.0,58,41,50,Transcription,4.45,2.126936792597022e-27,41,1,Transcription(4.45x)
0x2E45C4DA62,5,64,12.8,5.0,64,52,57,Transcription,4.45,1.3709951276768637e-34,52,1,Transcription(4.45x)
0x620BD46264,5,71,14.2,5.0,71,54,64,Transcription,4.45,6.730392316239644e-36,54,1,Transcription(4.45x)
0x0BD462641C,5,48,9.6,5.0,48,34,42,Transcription,4.45,7.869976583358452e-23,34,1,Transcription(4.45x)
0xC42E4DC4DA,5,39,7.8,5.0,39,30,38,Transcription,4.45,3.189381318988216e-20,30,1,Transcription(4.45x)
0x2E4DC4DA62,5,72,14.4,5.0,72,53,64,Transcription,4.45,3.038081990735252e-35,53,1,Transcription(4.45x)
0xD462641C99,5,47,9.4,5.0,47,33,41,Transcription,4.45,3.5325559755788383e-22,33,1,Transcription(4.45x)
0x62641C99A4,5,43,8.6,5.0,43,33,39,Transcription,4.45,3.5325559755788383e-22,33,1,Transcription(4.45x)
0x99A42B55B5,5,39,7.8,5.0,39,28,34,Transcription,4.45,6.409793550216882e-19,28,1,Transcription(4.45x)
0x45C4DA620B,5,84,16.8,5.0,84,70,75,Transcription,4.45,2.179537648737887e-46,70,1,Transcription(4.45x)
0x99A42B55B7,5,36,7.2,5.0,36,26,32,Transcription,4.45,1.2867561991052446e-17,26,1,Transcription(4.45x)
0x6C85C42E4D,5,25,5.0,5.0,25,18,24,Transcription,4.45,2.0666171119119104e-12,18,1,Transcription(4.45x)
0x85C42E4DC4,5,21,4.2,5.0,21,15,21,Transcription,4.45,1.8425810450744287e-10,15,1,Transcription(4.45x)
0x4DC4DA620B,5,80,16.0,5.0,80,59,71,Transcription,4.45,3.57604180341817e-39,59,1,Transcription(4.45x)
0x620BD462,4,77,15.4,5.0,77,60,71,Transcription,4.45,7.908719965886204e-40,60,1,Transcription(4.45x)
0x0BD46264,4,72,14.4,5.0,72,54,65,Transcription,4.45,6.730392316239644e-36,54,1,Transcription(4.45x)
0xDA620BD442,5,77,15.4,5.0,77,59,67,Transcription,4.45,3.57604180341817e-39,59,1,Transcription(4.45x)
0x620BD44264,5,42,8.4,5.0,42,33,37,Transcription,4.45,3.5325559755788383e-22,33,1,Transcription(4.45x)
0xD462641C,4,45,9.0,5.0,45,32,40,Transcription,4.45,1.5851963180038043e-21,32,1,Transcription(4.45x)
0xC42E4DC4,4,39,7.8,5.0,39,30,38,Transcription,4.45,3.189381318988216e-20,30,1,Transcription(4.45x)
0xC62E45C4,4,20,4.0,5.0,20,15,16,Transcription,4.45,1.8425810450744287e-10,15,1,Transcription(4.45x)
0x62641C99,4,47,9.4,5.0,47,33,41,Transcription,4.45,3.5325559755788383e-22,33,1,Transcription(4.45x)
0x641C99A4,4,56,11.2,5.0,56,41,50,Transcription,4.45,2.126936792597022e-27,41,1,Transcription(4.45x)
0x2E4DC4DA,4,71,14.2,5.0,71,52,63,Transcription,4.45,1.3709951276768637e-34,52,1,Transcription(4.45x)
0x59A42B55,4,28,5.6,5.0,28,25,28,Transcription,4.45,5.762892298112746e-17,25,1,Transcription(4.45x)
0xA42B55B7,4,37,7.4,5.0,37,27,33,Transcription,4.45,2.8723066243366694e-18,27,1,Transcription(4.45x)
0xA42B55B5,4,36,7.2,5.0,36,26,32,Transcription,4.45,1.2867561991052446e-17,26,1,Transcription(4.45x)
0x45C4DA62,4,81,16.2,5.0,81,69,74,Transcription,4.45,9.883117049041459e-46,69,1,Transcription(4.45x)
0x1C99A42B,4,53,10.6,5.0,53,37,46,Transcription,4.45,8.687531874857731e-25,37,1,Transcription(4.45x)
0x6C85C42E,4,26,5.2,5.0,26,19,25,Transcription,4.45,4.623415718253733e-13,19,1,Transcription(4.45x)
0x85C42E4D,4,24,4.8,5.0,24,17,23,Transcription,4.45,9.234986965161356e-12,17,1,Transcription(4.45x)
0x4DC4DA62,4,81,16.2,5.0,81,60,74,Transcription,4.45,7.908719965886204e-40,60,1,Transcription(4.45x)
0x0BD462,3,54,10.8,5.0,54,45,51,Transcription,4.45,5.183941911131438e-30,45,1,Transcription(4.45x)
0x1CB9171369,5,34,6.8,5.0,34,31,33,Transcription,4.45,7.11140645649672e-21,31,1,Transcription(4.45x)
0x69882F55,4,26,5.2,5.0,26,23,26,Transcription,4.45,1.1549561031165897e-15,23,1,Transcription(4.45x)
0xA26690AD,4,22,4.4,5.0,22,19,20,Transcription,4.45,4.623415718253733e-13,19,1,Transcription(4.45x)
0x882F55,3,29,5.8,5.0,29,25,29,Transcription,4.45,5.762892298112746e-17,25,1,Transcription(4.45x)
0x1CB91713,4,34,6.8,5.0,34,30,33,Transcription,4.45,3.189381318988216e-20,30,1,Transcription(4.45x)
0x90A266,3,28,5.6,5.0,28,24,25,Transcription,4.45,2.580260506320955e-16,24,1,Transcription(4.45x)
0xA26690,3,36,7.2,5.0,36,30,33,Transcription,4.45,3.189381318988216e-20,30,1,Transcription(4.45x)
0x1CB917,3,31,6.2,5.0,31,27,30,Transcription,4.45,2.8723066243366694e-18,27,1,Transcription(4.45x)
0xB91713,3,39,7.8,5.0,39,33,37,Transcription,4.45,3.5325559755788383e-22,33,1,Transcription(4.45x)
0x9A4275,3,20,4.0,5.0,20,16,18,Transcription,4.45,4.125644427523551e-11,16,1,Transcription(4.45x)
0xD46264,3,49,9.8,5.0,49,40,47,Transcription,4.45,9.565836752543473e-27,40,1,Transcription(4.45x)
0xDA62E7,3,20,4.0,5.0,20,18,20,Transcription,4.45,2.0666171119119104e-12,18,1,Transcription(4.45x)
0x4DC4DA,3,63,12.6,5.0,63,47,58,Transcription,4.45,2.5549333894904015e-31,47,1,Transcription(4.45x)
0x6690AD55,4,28,5.6,5.0,28,22,24,Transcription,4.45,5.1682834664589105e-15,22,1,Transcription(4.45x)
0x90AD55,3,23,4.6,5.0,23,18,20,Transcription,4.45,2.0666171119119104e-12,18,1,Transcription(4.45x)
0x1899A42B55,5,20,4.0,5.0,20,15,17,Transcription,4.45,1.8425810450744287e-10,15,1,Transcription(4.45x)
0x641899A4,4,23,4.6,5.0,23,20,21,Transcription,4.45,1.034058254868457e-13,20,1,Transcription(4.45x)
0x2E4DC4,3,61,12.2,5.0,61,45,55,Transcription,4.45,5.183941911131438e-30,45,1,Transcription(4.45x)
0x72E45C4DA6,5,31,6.2,5.0,31,28,28,Transcription,4.45,6.409793550216882e-19,28,1,Transcription(4.45x)
0x72E45C4D,4,36,7.2,5.0,36,33,33,Transcription,4.45,3.5325559755788383e-22,33,1,Transcription(4.45x)
0x90A26690,4,29,5.8,5.0,29,25,26,Transcription,4.45,5.762892298112746e-17,25,1,Transcription(4.45x)
0x66909D,3,32,6.4,5.0,32,25,28,Transcription,4.45,5.762892298112746e-17,25,1,Transcription(4.45x)
0x620BD44266,5,32,6.4,5.0,32,24,27,Transcription,4.45,2.580260506320955e-16,24,1,Transcription(4.45x)
0x99A42755,4,20,4.0,5.0,20,19,20,Transcription,4.45,4.623415718253733e-13,19,1,Transcription(4.45x)
0x65D899,3,23,4.6,5.0,23,19,19,Transcription,4.45,4.623415718253733e-13,19,1,Transcription(4.45x)
0x42899A42,4,24,4.8,5.0,24,21,23,Transcription,4.45,2.3120975335417906e-14,21,1,Transcription(4.45x)
0x9A42B557,4,23,4.6,5.0,23,21,21,Transcription,4.45,2.3120975335417906e-14,21,1,Transcription(4.45x)
0x0BD44264,4,35,7.0,5.0,35,27,30,Transcription,4.45,2.8723066243366694e-18,27,1,Transcription(4.45x)
0xA42755,3,20,4.0,5.0,20,19,20,Transcription,4.45,4.623415718253733e-13,19,1,Transcription(4.45x)
0x6690AD54,4,23,4.6,5.0,23,21,22,Transcription,4.45,2.3120975335417906e-14,21,1,Transcription(4.45x)
0x90AD54,3,20,4.0,5.0,20,17,18,Transcription,4.45,9.234986965161356e-12,17,1,Transcription(4.45x)
0x510990,3,20,4.0,5.0,20,15,15,Transcription,4.45,1.8425810450744287e-10,15,1,Transcription(4.45x)
0x2E65C4DA62,5,21,4.2,5.0,21,16,19,Transcription,4.45,4.125644427523551e-11,16,1,Transcription(4.45x)
0x65C4DA620B,5,27,5.4,5.0,27,18,23,Transcription,4.45,2.0666171119119104e-12,18,1,Transcription(4.45x)
0x2E65C4DA,4,24,4.8,5.0,24,16,20,Transcription,4.45,4.125644427523551e-11,16,1,Transcription(4.45x)
0x65C4DA62,4,27,5.4,5.0,27,20,25,Transcription,4.45,1.034058254868457e-13,20,1,Transcription(4.45x)
0x65C4DA,3,26,5.2,5.0,26,19,24,Transcription,4.45,4.623415718253733e-13,19,1,Transcription(4.45x)
0x42B557,3,28,5.6,5.0,28,26,26,Transcription,4.45,1.2867561991052446e-17,26,1,Transcription(4.45x)
0x59A42B,3,28,5.6,5.0,28,25,28,Transcription,4.45,5.762892298112746e-17,25,1,Transcription(4.45x)
0x442662,3,20,4.0,5.0,20,16,16,Transcription,4.45,4.125644427523551e-11,16,1,Transcription(4.45x)
0xC42E4D,3,34,6.8,5.0,34,25,33,Transcription,4.45,5.762892298112746e-17,25,1,Transcription(4.45x)
0x641C99,3,32,6.4,5.0,32,24,28,Transcription,4.45,2.580260506320955e-16,24,1,Transcription(4.45x)
0x2B55B7,3,28,5.6,5.0,28,23,26,Transcription,4.45,1.1549561031165897e-15,23,1,Transcription(4.45x)
0x1C99A4,3,21,4.2,5.0,21,16,19,Transcription,4.45,4.125644427523551e-11,16,1,Transcription(4.45x)
0x2642899A42,5,21,4.2,5.0,21,19,20,Transcription,4.45,4.623415718253733e-13,19,1,Transcription(4.45x)
0x2642899A,4,21,4.2,5.0,21,19,20,Transcription,4.45,4.623415718253733e-13,19,1,Transcription(4.45x)
0x264289,3,20,4.0,5.0,20,18,19,Transcription,4.45,2.0666171119119104e-12,18,1,Transcription(4.45x)
0xC99A42B5,4,20,4.0,5.0,20,19,20,Transcription,4.45,4.623415718253733e-13,19,1,Transcription(4.45x)
0x690AD56D,4,21,4.2,5.0,21,18,18,Transcription,4.45,2.0666171119119104e-12,18,1,Transcription(4.45x)
0x0BD462642C,5,33,6.6,5.0,33,22,29,Transcription,4.45,5.1682834664589105e-15,22,1,Transcription(4.45x)
0xD462642C99,5,33,6.6,5.0,33,22,29,Transcription,4.45,5.1682834664589105e-15,22,1,Transcription(4.45x)
0xC62E4DC4,4,20,4.0,5.0,20,15,16,Transcription,4.45,1.8425810450744287e-10,15,1,Transcription(4.45x)
0x62642C99,4,31,6.2,5.0,31,21,28,Transcription,4.45,2.3120975335417906e-14,21,1,Transcription(4.45x)
0x62642C99A4,5,26,5.2,5.0,26,19,25,Transcription,4.45,4.623415718253733e-13,19,1,Transcription(4.45x)
0x642C99A42B,5,29,5.8,5.0,29,22,28,Transcription,4.45,5.1682834664589105e-15,22,1,Transcription(4.45x)
0x2C99A42B55,5,29,5.8,5.0,29,22,28,Transcription,4.45,5.1682834664589105e-15,22,1,Transcription(4.45x)
0xD462642C,4,30,6.0,5.0,30,20,27,Transcription,4.45,1.034058254868457e-13,20,1,Transcription(4.45x)
0x642C99A4,4,30,6.0,5.0,30,23,29,Transcription,4.45,1.1549561031165897e-15,23,1,Transcription(4.45x)
0x2C99A42B,4,28,5.6,5.0,28,21,27,Transcription,4.45,2.3120975335417906e-14,21,1,Transcription(4.45x)
0x2B55B5,3,22,4.4,5.0,22,18,20,Transcription,4.45,2.0666171119119104e-12,18,1,Transcription(4.45x)
0x642C99,3,28,5.6,5.0,28,20,25,Transcription,4.45,1.034058254868457e-13,20,1,Transcription(4.45x)
0x94D556,3,22,4.4,5.0,22,21,21,Signaling,3.74,9.000731609362402e-13,21,1,Signaling(3.74x)
