word_hex,word_length,occurrences,expected,token_enrichment,carrier_proteins,carrier_genes_go,carrier_genes_total,primary_function,primary_func_enrichment,primary_func_p_value,primary_func_carriers_in_cat,n_significant_functions,all_significant_functions
0xC71C,2,329,2.2,152.5,329,53,110,Transcription,3.02,4.6555518537377603e-11,33,1,Transcription(3.02x)
0x44D6,2,195,1.5,127.9,195,44,99,Transcription,4.63,6.667329890718963e-27,42,1,Transcription(4.63x)
0x3726,2,485,5.8,83.5,485,41,274,Transcription,4.62,6.9204673446296035e-25,39,1,Transcription(4.62x)
0x0BD4,2,162,2.1,78.5,162,50,99,Transcription,4.76,6.13906827484002e-33,49,1,Transcription(4.76x)
0xB11B,2,152,2.3,64.7,152,14,84,Transcription,4.51,1.3216084022982544e-08,13,1,Transcription(4.51x)
0xE79E,2,414,6.8,60.8,414,57,173,RNA processing,5.72,2.5262102898937943e-06,11,2,RNA processing(5.72x); Nuc acid bind(2.65x)
0xCB2C,2,1546,25.5,60.6,1546,176,308,Chromatin,5.11,1.469996987773523e-14,32,2,Chromatin(5.11x); Transcription(2.76x)
0xC4DA,2,372,6.6,56.0,372,92,180,Transcription,4.86,1.5303675260861515e-64,92,1,Transcription(4.86x)
0xC46E,2,160,3.2,50.8,160,43,93,Transcription,4.86,2.2218420682989772e-30,43,1,Transcription(4.86x)
0x4426,2,71,1.5,48.1,71,27,46,Transcription,4.86,2.6037862656508623e-19,27,1,Transcription(4.86x)
0xF7DF,2,2141,46.8,45.8,2141,219,492,Cytoskeleton,3.58,7.012602797267746e-05,13,3,Cytoskeleton(3.58x); RNA processing(3.11x); Nuc acid bind(2.3x)
0x0B9F,2,220,4.9,45.1,220,12,193,Ubiquitin,8.72,0.0008165331934343606,4,2,Ubiquitin(8.72x); RNA processing(7.41x)
0xF56F,2,605,13.5,44.7,605,87,191,Chromatin,3.88,5.460866266254045e-05,12,2,Chromatin(3.88x); Transcription(1.67x)
0x6690,2,386,9.8,39.5,386,111,223,Transcription,4.59,6.918735218691673e-65,105,1,Transcription(4.59x)
0x54D6,2,162,4.2,38.1,162,39,89,Transcription,4.73,2.02098599597909e-25,38,1,Transcription(4.73x)
0x71C7,2,497,13.1,37.8,497,75,137,Transcription,3.04,2.4337224293663005e-15,47,2,Transcription(3.04x); Chromatin(3.0x)
0x3713,2,238,6.3,37.8,238,38,114,Transcription,2.3,0.00019570850912650336,18,1,Transcription(2.3x)
0x0563,2,177,4.8,36.7,177,30,73,Unclassified,0,1.0,0,0,
0x34D3,2,596,17.6,33.9,596,51,129,Cell adhesion,4.9,1.0219858840802753e-05,11,1,Cell adhesion(4.9x)
0x8B98,2,837,25.1,33.3,837,113,263,Cytoskeleton,4.27,0.0005666334121786575,8,4,Cytoskeleton(4.27x); RNA processing(3.93x); Nuc acid bind(2.23x); Kinase(1.89x)
0xE5DE,2,492,15.1,32.6,492,84,192,RNA processing,12.7,2.8968152437665202e-31,36,2,RNA processing(12.7x); Nuc acid bind(5.16x)
0x0453,2,129,4.0,32.4,129,20,48,Unclassified,0,1.0,0,0,
0xF42F,2,248,7.8,31.9,248,29,84,Unclassified,0,1.0,0,0,
0xE56E,2,385,12.2,31.6,385,23,95,Unclassified,0,1.0,0,0,
0x0B90,2,366,11.6,31.5,366,61,145,Chromatin,4.15,0.0002782293968203722,9,2,Chromatin(4.15x); DNA repair(3.3x)
0x069C,2,157,5.1,30.9,157,15,42,Cell adhesion,6.06,0.0034253237667307883,4,1,Cell adhesion(6.06x)
0x8B9E,2,250,8.4,29.9,250,31,84,Cytoskeleton,7.78,0.001619073478730144,4,1,Cytoskeleton(7.78x)
0xE45C,2,316,10.6,29.8,316,71,164,Transcription,4.65,2.7352634207532123e-43,68,1,Transcription(4.65x)
0xF69F,2,310,10.4,29.7,310,39,111,Cell adhesion,4.08,0.0013773012609997102,7,2,Cell adhesion(4.08x); Kinase(2.74x)
0x0693,2,77,2.6,29.7,77,16,33,Cell adhesion,5.68,0.004410320388517912,4,1,Cell adhesion(5.68x)
0xA69A,2,617,20.9,29.5,617,130,219,Nuc acid bind,3.49,1.337637138332615e-14,45,2,Nuc acid bind(3.49x); RNA processing(2.51x)
0xE62E,2,631,22.0,28.7,631,81,177,RNA processing,5.86,9.142088467712643e-09,16,2,RNA processing(5.86x); Nuc acid bind(3.11x)
0x8968,2,1752,61.2,28.6,1752,150,541,Cytoskeleton,3.62,0.0008635737686896866,9,3,Cytoskeleton(3.62x); Cell cycle(3.12x); Structural(2.77x)
0x8798,2,310,11.0,28.3,310,62,122,Cell adhesion,12.47,2.5355991705835344e-30,34,3,Cell adhesion(12.47x); RNA processing(4.78x); Nuc acid bind(2.11x)
0x3563,2,390,13.9,28.1,390,44,144,Cell adhesion,3.62,0.0028399969462461015,7,1,Cell adhesion(3.62x)
0xF553,2,370,13.3,27.8,370,46,206,Transcription,4.64,2.9971043708770017e-28,44,1,Transcription(4.64x)
0xB2CB,2,670,24.7,27.1,670,89,155,Chromatin,3.48,0.0003001832476844826,11,2,Chromatin(3.48x); Transcription(3.0x)
0xF65F,2,345,12.8,26.9,345,41,101,Unclassified,0,1.0,0,0,
0xE61E,2,169,6.3,26.8,169,28,59,RNA processing,10.59,1.2836614312083698e-08,10,2,RNA processing(10.59x); Nuc acid bind(5.04x)
0x356F,2,456,17.2,26.5,456,54,132,Unclassified,0,1.0,0,0,
0xC96C,2,571,21.8,26.2,571,56,163,Cytoskeleton,5.39,0.002281556757102555,5,2,Cytoskeleton(5.39x); Transcription(2.17x)
0x8726,2,60,2.3,26.0,60,11,26,Transcription,4.41,1.2087822928564743e-06,10,1,Transcription(4.41x)
0xA79A,2,213,8.4,25.4,213,58,92,Nuc acid bind,6.43,1.754137825774634e-23,37,2,Nuc acid bind(6.43x); RNA processing(5.62x)
0xE56C,2,704,28.1,25.0,704,64,191,Chromatin,3.08,0.007383073121413281,7,1,Chromatin(3.08x)
0xE790,2,324,13.0,24.9,324,44,119,Unclassified,0,1.0,0,0,
0x0820,2,1330,53.6,24.8,1330,190,460,Chromatin,4.74,1.3681681000034604e-13,32,2,Chromatin(4.74x); Nuc acid bind(1.86x)
0x0610,2,157,6.4,24.7,157,49,60,Cell adhesion,17.63,1.1615452237436022e-42,38,1,Cell adhesion(17.63x)
0xE42E,2,318,13.1,24.3,318,43,113,Chromatin,3.92,0.0038865974355795246,6,1,Chromatin(3.92x)
0xE79C,2,169,7.3,23.0,169,25,67,Cell cycle,7.2,0.0005389015044421495,5,2,Cell cycle(7.2x); RNA processing(4.74x)
0x8B9F,2,154,6.7,22.9,154,33,61,Transcription,4.27,1.8420054139889838e-16,29,1,Transcription(4.27x)
0xA793,2,65,2.8,22.9,65,12,27,Unclassified,0,1.0,0,0,
0xB56C,2,717,31.9,22.5,717,81,234,Chromatin,3.47,0.0005662129961477212,10,1,Chromatin(3.47x)
0xB56E,2,309,13.8,22.4,309,51,112,Unclassified,0,1.0,0,0,
0xA45F,2,148,6.7,22.2,148,21,69,RNA processing,16.94,4.039212439238105e-13,12,2,RNA processing(16.94x); Ubiquitin(14.94x)
0x4450,2,113,5.2,21.9,113,16,35,Phosphatase,12.54,0.0015912477529394546,3,1,Phosphatase(12.54x)
0x8618,2,1035,47.2,21.9,1035,176,396,Chromatin,3.52,2.6747106188814516e-07,22,4,Chromatin(3.52x); Cell cycle(2.86x); Nuc acid bind(2.23x); RNA processing(2.19x)
0x896E,2,313,14.4,21.8,313,36,111,DNA repair,3.99,0.007693080002396175,5,1,DNA repair(3.99x)
0x882F,2,406,18.7,21.7,406,100,210,Transcription,4.32,2.460541825312993e-49,89,1,Transcription(4.32x)
0x3453,2,193,8.9,21.6,193,20,47,Cell adhesion,13.64,4.16976984516225e-12,12,1,Cell adhesion(13.64x)
0x0B9E,2,131,6.1,21.5,131,21,50,Unclassified,0,1.0,0,0,
0xF69B,2,213,10.0,21.4,213,15,72,Cell cycle,7.2,0.007544323157414654,3,2,Cell cycle(7.2x); Transcription(2.59x)
0xBD44,2,142,6.6,21.4,142,46,93,Transcription,4.75,3.365258118434541e-30,45,1,Transcription(4.75x)
0x0410,2,105,5.0,21.2,105,10,44,Unclassified,0,1.0,0,0,
0x2CB2,2,2126,101.3,21.0,2126,246,491,Chromatin,3.09,1.7713040208872511e-07,27,2,Chromatin(3.09x); Transcription(2.33x)
0x0560,2,368,17.7,20.8,368,59,135,Transcription,3.13,3.285516638283611e-13,38,1,Transcription(3.13x)
0xB7DF,2,481,23.6,20.4,481,54,134,Unclassified,0,1.0,0,0,
0x8A28,2,5858,288.1,20.3,5858,570,1509,Chromatin,3.65,2.667719749185035e-23,74,4,Chromatin(3.65x); Cytoskeleton(2.43x); Protein folding(2.0x); DNA repair(1.92x)
0xC99A,2,276,13.6,20.3,276,73,152,Transcription,4.86,3.0117263172188293e-51,73,1,Transcription(4.86x)
0xB56B,2,286,14.2,20.2,286,50,115,Ion channel,3.37,0.00030231155694729616,11,2,Ion channel(3.37x); Transport(2.58x)
0x896C,2,670,33.2,20.2,670,69,228,Cytoskeleton,4.37,0.00565058841838097,5,1,Cytoskeleton(4.37x)
0xC56F,2,68,3.4,20.2,68,10,23,Nuc acid bind,6.05,0.00013880527616523481,6,1,Nuc acid bind(6.05x)
0xC56C,2,160,8.0,20.1,160,31,65,Unclassified,0,1.0,0,0,
0x75D7,2,6155,310.0,19.9,6155,712,1573,Chromatin,2.37,2.1646058023374666e-10,60,3,Chromatin(2.37x); Cytoskeleton(2.37x); Transcription(1.6x)
0x6626,2,64,3.2,19.8,64,10,20,Cell adhesion,13.64,1.2674176168844425e-06,6,1,Cell adhesion(13.64x)
0xF72F,2,333,17.0,19.6,333,38,82,Chromatin,4.44,0.0020427480908271492,6,1,Chromatin(4.44x)
0xF42A,2,128,6.6,19.4,128,13,37,Cell adhesion,8.74,0.00015466485262071253,5,2,Cell adhesion(8.74x); Chromatin(6.49x)
0x3653,2,396,20.5,19.3,396,41,104,Cell adhesion,8.32,7.884857039498926e-11,15,1,Cell adhesion(8.32x)
0xB6DB,2,982,51.5,19.1,982,148,286,RNA processing,3.61,2.3442901872990245e-06,18,3,RNA processing(3.61x); Nuc acid bind(2.72x); Transcription(1.84x)
0x711B,2,298,15.8,18.9,298,66,169,Transcription,4.86,2.2980456574226298e-46,66,1,Transcription(4.86x)
0xC968,2,755,40.1,18.8,755,76,214,Cytoskeleton,5.56,0.0002547904386031282,7,2,Cytoskeleton(5.56x); Kinase(2.46x)
0x1CB1,2,167,8.9,18.8,167,10,78,Transcription,2.91,0.007386187901020373,6,1,Transcription(2.91x)
0x9171,2,575,31.1,18.5,575,102,318,Transcription,4.47,2.301164149093504e-55,94,1,Transcription(4.47x)
0xF56C,2,589,32.1,18.4,589,75,151,Unclassified,0,1.0,0,0,
0x1C71,2,477,26.0,18.3,477,66,143,Transcription,3.09,3.439401130011214e-14,42,1,Transcription(3.09x)
0xC56E,2,63,3.5,18.3,63,19,35,Transcription,4.34,2.285371931062809e-10,17,1,Transcription(4.34x)
0x0968,2,819,44.9,18.2,819,83,250,Chromatin,3.73,0.00016049835245386052,11,2,Chromatin(3.73x); Cell cycle(3.47x)
0xA427,2,336,18.5,18.2,336,76,184,Transcription,4.34,2.9962352513653993e-38,68,1,Transcription(4.34x)
0xB563,2,196,10.9,18.1,196,33,68,Unclassified,0,1.0,0,0,
0x879F,2,53,2.9,18.1,53,11,14,Unclassified,0,1.0,0,0,
0xC56B,2,64,3.5,18.1,64,10,22,Signaling,3.03,0.005976852913887896,6,1,Signaling(3.03x)
0xB56F,2,243,13.5,18.0,243,22,66,Cytoskeleton,8.22,0.005471202351967714,3,1,Cytoskeleton(8.22x)
0xF45F,2,89,5.0,17.8,89,11,27,Kinase,4.85,0.00674401884179422,4,1,Kinase(4.85x)
0x1B91,2,288,16.3,17.7,288,42,164,Transcription,4.62,1.4747855218857836e-25,40,1,Transcription(4.62x)
0x0960,2,536,30.4,17.6,536,76,223,Cytoskeleton,4.76,0.0015956555240382328,6,4,Cytoskeleton(4.76x); Cell cycle(4.26x); Chromatin(4.07x); DNA repair(3.03x)
0xB72F,2,151,8.6,17.6,151,15,28,Unclassified,0,1.0,0,0,
0x8960,2,724,41.4,17.5,724,98,264,Cell cycle,4.04,8.269107128328098e-05,11,2,Cell cycle(4.04x); Cytoskeleton(3.69x)
0xE798,2,358,20.4,17.5,358,47,114,DNA repair,3.67,0.0054744852096908795,6,1,DNA repair(3.67x)
0x8B9B,2,110,6.4,17.1,110,14,42,Cytoskeleton,17.23,6.41737399213045e-05,4,1,Cytoskeleton(17.23x)
0xC4DC,2,136,8.0,16.9,136,16,58,Unclassified,0,1.0,0,0,
0xCA25,2,692,41.3,16.8,692,45,206,Chromatin,3.75,0.004892952554362177,6,1,Chromatin(3.75x)
0x356B,2,304,18.1,16.8,304,41,90,Unclassified,0,1.0,0,0,
0x0B9C,2,110,6.6,16.8,110,27,60,Cytoskeleton,6.7,0.009781805168335976,3,2,Cytoskeleton(6.7x); Transcription(3.42x)
0x3698,2,937,56.9,16.5,937,167,478,Transcription,3.69,3.588827130376721e-54,127,1,Transcription(3.69x)
0x896B,2,242,14.8,16.4,242,30,107,Nuc acid bind,3.36,0.00041566670232251224,10,1,Nuc acid bind(3.36x)
0x8B90,2,262,16.0,16.4,262,35,101,Cytoskeleton,6.89,0.0025591325500306213,4,1,Cytoskeleton(6.89x)
0xE79B,2,85,5.2,16.3,85,16,38,Unclassified,0,1.0,0,0,
0xC96F,2,149,9.2,16.2,149,17,32,Transcription,2.57,0.0031688689493179815,9,1,Transcription(2.57x)
0xA423,2,142,8.8,16.1,142,26,55,Transcription,2.24,0.0030027640961971945,12,1,Transcription(2.24x)
0x356E,2,285,17.6,16.1,285,42,103,Cell adhesion,8.12,1.177638058358962e-10,15,1,Cell adhesion(8.12x)
0xC72C,2,114,7.1,16.0,114,18,29,Transcription,3.51,3.48546576865268e-06,13,1,Transcription(3.51x)
0x096C,2,390,24.4,16.0,390,51,129,Cytoskeleton,4.73,0.00995312044428206,4,1,Cytoskeleton(4.73x)
0xE69E,2,177,11.1,16.0,177,39,75,Nuc acid bind,6.46,2.4051198616536817e-16,25,2,Nuc acid bind(6.46x); RNA processing(4.56x)
0x8821,2,342,21.5,15.9,342,46,121,GTPase,5.87,5.079388341503016e-07,12,1,GTPase(5.87x)
0xB560,2,631,39.8,15.9,631,99,233,Unclassified,0,1.0,0,0,
0xC7DC,2,98,6.3,15.7,98,15,36,Unclassified,0,1.0,0,0,
0x779E,2,352,22.5,15.6,352,57,121,DNA repair,4.03,0.000738890879848613,8,3,DNA repair(4.03x); RNA processing(3.64x); Nuc acid bind(2.65x)
0xC560,2,155,9.9,15.6,155,35,77,Transcription,3.33,1.1658155054205967e-09,24,1,Transcription(3.33x)
0x096E,2,164,10.6,15.5,164,27,79,Cytoskeleton,6.7,0.009781805168335976,3,2,Cytoskeleton(6.7x); Nuc acid bind(2.99x)
0xC690,2,59,3.9,15.3,59,11,19,Unclassified,0,1.0,0,0,
0xA79E,2,79,5.2,15.3,79,16,38,Unclassified,0,1.0,0,0,
0xE563,2,146,9.6,15.2,146,20,50,Unclassified,0,1.0,0,0,
0xE56B,2,190,12.5,15.2,190,28,68,Unclassified,0,1.0,0,0,
0x6CB2,2,721,47.9,15.1,721,86,204,DNA repair,3.34,0.0007717436799200971,10,3,DNA repair(3.34x); Chromatin(2.94x); Transcription(2.31x)
0x8B9C,2,135,9.0,15.0,135,18,52,Unclassified,0,1.0,0,0,
0x765F,2,505,34.3,14.7,505,56,124,Chromatin,5.52,3.497724535904635e-06,11,2,Chromatin(5.52x); Methylation(4.98x)
0x0650,2,153,10.4,14.7,153,12,39,Signaling,2.95,0.0036248634360803193,7,1,Signaling(2.95x)
0xC960,2,394,27.1,14.5,394,57,143,Cytoskeleton,6.35,0.0003431325783133289,6,1,Cytoskeleton(6.35x)
0x5B98,2,1348,93.4,14.4,1348,130,416,Chromatin,2.38,0.006560657812237552,11,1,Chromatin(2.38x)
0xA42A,2,127,8.8,14.4,127,34,56,Unclassified,0,1.0,0,0,
0xF62F,2,289,20.0,14.4,289,42,101,Kinase,5.72,2.920580199089012e-10,18,1,Kinase(5.72x)
0x356C,2,581,40.8,14.3,581,51,178,Cell adhesion,4.46,6.19266053112351e-05,10,1,Cell adhesion(4.46x)
0xCB9C,2,120,8.4,14.3,120,19,38,Cytoskeleton,9.52,0.003570249340324058,3,2,Cytoskeleton(9.52x); Transcription(2.3x)
0x8790,2,99,7.0,14.2,99,13,34,Unclassified,0,1.0,0,0,
0xE65E,2,117,8.3,14.1,117,18,44,Unclassified,0,1.0,0,0,
0xB56A,2,186,13.3,14.0,186,38,87,Transport,2.55,0.006913898740903581,9,1,Transport(2.55x)
0xF693,2,100,7.1,14.0,100,15,21,Cell adhesion,6.06,0.0034253237667307883,4,1,Cell adhesion(6.06x)
0xF5DF,2,724,52.3,13.9,724,113,224,Transcription,2.02,2.837614274463967e-07,47,2,Transcription(2.02x); Kinase(1.89x)
0xC96B,2,135,9.7,13.9,135,26,55,Unclassified,0,1.0,0,0,
0xC82C,2,244,17.6,13.9,244,34,84,Unclassified,0,1.0,0,0,
0xB568,2,812,58.8,13.8,812,115,285,Cytoskeleton,3.67,0.0029790422085970037,7,1,Cytoskeleton(3.67x)
0xA7DF,2,302,21.9,13.8,302,34,76,Cell adhesion,6.69,1.2452877784339795e-06,10,2,Cell adhesion(6.69x); Nuc acid bind(2.97x)
0xB7DB,2,240,17.5,13.7,240,36,100,Unclassified,0,1.0,0,0,
0x661C,2,69,5.1,13.6,69,22,43,Transcription,3.09,1.4083758311745791e-05,14,1,Transcription(3.09x)
0xCB25,2,553,40.6,13.6,553,59,142,Transcription,2.22,1.182312257095064e-05,27,1,Transcription(2.22x)
0x87D0,2,163,12.1,13.5,163,20,75,Cell adhesion,10.23,6.218893344260419e-08,9,1,Cell adhesion(10.23x)
0xB79E,2,75,5.6,13.5,75,12,43,RNA processing,7.41,0.006674969018832184,3,2,RNA processing(7.41x); Nuc acid bind(4.2x)
0x0A10,2,224,16.7,13.4,224,44,97,Cell adhesion,5.17,1.585590462593037e-05,10,1,Cell adhesion(5.17x)
0x8208,2,551,41.4,13.3,551,100,241,Chromatin,3.09,0.0008218645230504611,11,1,Chromatin(3.09x)
0x0450,2,108,8.1,13.3,108,20,37,Cytoskeleton,9.05,0.004149583128981454,3,1,Cytoskeleton(9.05x)
0x056E,2,81,6.1,13.2,81,14,33,Cell adhesion,6.49,0.0026013430519656274,4,1,Cell adhesion(6.49x)
0x8B25,2,570,43.5,13.1,570,62,160,Unclassified,0,1.0,0,0,
0x082E,2,258,19.7,13.1,258,46,106,Chromatin,3.67,0.005462301707976488,6,1,Chromatin(3.67x)
0x0A9B,2,124,9.5,13.1,124,14,23,Unclassified,0,1.0,0,0,
0x3450,2,240,18.3,13.1,240,17,54,Cell adhesion,5.35,0.005569677281807944,4,1,Cell adhesion(5.35x)
0x3560,2,660,50.8,13.0,660,82,225,Cell adhesion,3.05,0.0008795148390890477,11,1,Cell adhesion(3.05x)
0x09D5,2,891,68.3,13.0,891,151,455,Transcription,3.28,4.7397665490885894e-36,102,1,Transcription(3.28x)
0x7727,2,793,61.7,12.9,793,98,241,Chromatin,4.59,3.125662011812211e-07,16,2,Chromatin(4.59x); Transcription(2.03x)
0x0A20,2,857,67.1,12.8,857,123,332,Cytoskeleton,4.41,0.00020051466659540035,9,2,Cytoskeleton(4.41x); RNA processing(2.41x)
0xE450,2,187,14.6,12.8,187,27,51,Unclassified,0,1.0,0,0,
0xA790,2,127,9.9,12.8,127,24,50,Unclassified,0,1.0,0,0,
0x5B9C,2,430,33.5,12.8,430,66,159,Cytoskeleton,4.57,0.004675216328657807,5,1,Cytoskeleton(4.57x)
0x09D0,2,395,31.0,12.7,395,60,124,Chromatin,3.75,0.0012024919931369834,8,2,Chromatin(3.75x); Nuc acid bind(2.35x)
0xB79B,2,54,4.3,12.7,54,13,27,Unclassified,0,1.0,0,0,
0xE797,2,352,27.9,12.6,352,52,112,RNA processing,7.98,1.0573937101153956e-09,14,3,RNA processing(7.98x); Cytoskeleton(6.96x); Nuc acid bind(2.52x)
0x0568,2,326,26.1,12.5,326,55,115,Unclassified,0,1.0,0,0,
0x37DF,2,486,39.0,12.5,486,53,115,Nuc acid bind,2.28,0.004894194846804389,12,1,Nuc acid bind(2.28x)
0xB79C,2,75,6.0,12.5,75,13,26,Unclassified,0,1.0,0,0,
0xC85C,2,108,8.6,12.5,108,16,37,Cell cycle,6.75,0.009096856337793589,3,1,Cell cycle(6.75x)
0x25B2,2,2324,186.9,12.4,2324,213,684,Chromatin,3.17,5.37427064726076e-07,24,2,Chromatin(3.17x); Cell cycle(2.53x)
0xC96E,2,117,9.4,12.4,117,16,45,Unclassified,0,1.0,0,0,
0xA56F,2,312,25.1,12.4,312,39,102,Structural,5.32,0.006489644673689923,4,2,Structural(5.32x); Cell adhesion(4.08x)
0x372F,2,176,14.2,12.4,176,17,42,Unclassified,0,1.0,0,0,
0xF563,2,135,10.9,12.4,135,24,54,Unclassified,0,1.0,0,0,
0x779F,2,223,18.1,12.4,223,31,75,Unclassified,0,1.0,0,0,
0xCB98,2,289,23.4,12.3,289,26,82,Unclassified,0,1.0,0,0,
0x3567,2,572,46.4,12.3,572,61,174,Unclassified,0,1.0,0,0,
0x0727,2,91,7.4,12.3,91,13,27,Unclassified,0,1.0,0,0,
0x8450,2,129,10.5,12.3,129,25,57,Cell cycle,5.76,0.004662571471495536,4,2,Cell cycle(5.76x); Cell adhesion(5.46x)
0xD5BD,2,2935,240.8,12.2,2935,432,996,Phosphatase,2.17,0.005260164201905434,14,2,Phosphatase(2.17x); Cell adhesion(1.79x)
0x6C81,2,257,21.1,12.2,257,31,74,Transcription,2.04,0.0056379734188311,13,1,Transcription(2.04x)
0x5B90,2,723,59.5,12.2,723,91,243,Cell adhesion,2.75,0.002085806452157355,11,2,Cell adhesion(2.75x); Kinase(2.05x)
0xA563,2,247,20.2,12.2,247,27,56,Nuc acid bind,2.99,0.003633307119107968,8,1,Nuc acid bind(2.99x)
0x096F,2,126,10.3,12.2,126,11,31,Unclassified,0,1.0,0,0,
0x2669,2,947,77.7,12.2,947,152,504,Transcription,4.34,7.88430349713636e-76,136,1,Transcription(4.34x)
0x056C,2,172,14.2,12.1,172,19,57,Unclassified,0,1.0,0,0,
0x3723,2,146,12.0,12.1,146,24,47,Unclassified,0,1.0,0,0,
0x7793,2,149,12.3,12.1,149,16,60,Unclassified,0,1.0,0,0,
0xE72E,2,164,13.5,12.1,164,20,52,Unclassified,0,1.0,0,0,
0x0823,2,157,13.0,12.1,157,11,51,Chromatin,7.67,0.005946636778539999,3,1,Chromatin(7.67x)
0xF69C,2,168,14.0,12.0,168,30,59,Kinase,3.11,0.0057286383701455595,7,1,Kinase(3.11x)
0x772F,2,417,34.7,12.0,417,41,96,Chromatin,6.86,1.1973672318919157e-06,10,2,Chromatin(6.86x); Transcription(2.37x)
0x8963,2,136,11.3,12.0,136,18,47,Unclassified,0,1.0,0,0,
0x096B,2,130,10.8,12.0,130,24,57,Unclassified,0,1.0,0,0,
0xF567,2,439,36.5,12.0,439,75,150,Kinase,2.31,0.0035064745665655435,13,1,Kinase(2.31x)
0x0653,2,61,5.1,12.0,61,16,26,Unclassified,0,1.0,0,0,
0xC821,2,114,9.5,12.0,114,14,41,Unclassified,0,1.0,0,0,
0x0567,2,191,16.1,11.9,191,33,82,Unclassified,0,1.0,0,0,
0xE560,2,419,35.1,11.9,419,59,156,Chromatin,3.81,0.0010747884646957566,8,1,Chromatin(3.81x)
0xA69F,2,123,10.3,11.9,123,21,41,Nuc acid bind,3.36,0.003091057679527151,7,2,Nuc acid bind(3.36x); Transcription(3.24x)
0xC967,2,291,24.8,11.8,291,43,112,Cytoskeleton,5.61,0.0054437171486752004,4,1,Cytoskeleton(5.61x)
0xA69B,2,116,9.9,11.8,116,21,57,Unclassified,0,1.0,0,0,
0x8628,2,1919,162.7,11.8,1919,237,596,Chromatin,3.68,2.843310038648542e-10,31,3,Chromatin(3.68x); DNA repair(2.79x); Nuc acid bind(1.53x)
0xC5DC,2,104,8.8,11.8,104,15,40,Unclassified,0,1.0,0,0,
0x75D3,2,1093,93.8,11.7,1093,160,320,Cytoskeleton,4.52,1.3527679739892792e-05,12,2,Cytoskeleton(4.52x); Chromatin(3.34x)
0xA28A,2,2322,197.9,11.7,2322,311,862,Chromatin,2.89,5.7692171574734006e-08,32,3,Chromatin(2.89x); RNA processing(2.1x); Nuc acid bind(1.56x)
0x7567,2,1528,130.4,11.7,1528,190,531,Cytoskeleton,2.86,0.004354644404595724,9,3,Cytoskeleton(2.86x); Chromatin(2.07x); Kinase(1.69x)
0xE69A,2,210,18.0,11.7,210,42,73,Nuc acid bind,7.2,1.8229368100922946e-21,30,2,Nuc acid bind(7.2x); RNA processing(5.65x)
0xB69B,2,147,12.6,11.7,147,21,57,Unclassified,0,1.0,0,0,
0xE567,2,370,32.0,11.6,370,49,132,Cytoskeleton,7.39,0.00014751421047577012,6,2,Cytoskeleton(7.39x); Chromatin(4.02x)
0x3568,2,869,75.1,11.6,869,116,312,Cell adhesion,3.33,1.1718647038632914e-05,17,4,Cell adhesion(3.33x); DNA repair(2.48x); Chromatin(2.42x); Kinase(1.96x)
0x082A,2,150,13.0,11.6,150,22,44,Unclassified,0,1.0,0,0,
0x069A,2,89,7.7,11.6,89,15,32,Unclassified,0,1.0,0,0,
0x3650,2,487,41.9,11.6,487,67,177,Cell adhesion,5.43,2.1453211296102838e-08,16,1,Cell adhesion(5.43x)
0x0698,2,164,14.2,11.6,164,25,53,Cell adhesion,4.55,0.004124441888962604,5,1,Cell adhesion(4.55x)
0x1713,2,208,17.9,11.6,208,63,132,Transcription,4.78,7.099381041357536e-42,62,1,Transcription(4.78x)
0xF513,2,97,8.4,11.5,97,24,56,Transcription,4.65,2.8968648942162543e-15,23,1,Transcription(4.65x)
0xDCBD,2,1073,95.1,11.3,1073,151,323,Chromatin,2.79,0.0003057929278036566,15,3,Chromatin(2.79x); Kinase(2.12x); Transcription(1.64x)
0x8828,2,1441,127.6,11.3,1441,154,464,Chromatin,3.65,5.069978263515059e-07,20,4,Chromatin(3.65x); Cytoskeleton(3.13x); Structural(2.7x); RNA processing(2.5x)
0x8567,2,593,52.5,11.3,593,64,230,Signaling,1.74,0.0042943067583542955,22,1,Signaling(1.74x)
0x05D3,2,131,11.6,11.3,131,11,49,Unclassified,0,1.0,0,0,
0xA421,2,135,11.9,11.3,135,15,32,Unclassified,0,1.0,0,0,
0xE45E,2,56,5.0,11.3,56,10,18,Unclassified,0,1.0,0,0,
0x2082,2,2434,216.9,11.2,2434,330,771,Chromatin,3.84,4.090637921631744e-15,45,4,Chromatin(3.84x); RNA processing(2.87x); Cytoskeleton(2.56x); Nuc acid bind(1.56x)
0x085C,2,179,15.9,11.2,179,36,83,Transcription,3.24,2.8146032607581965e-09,24,1,Transcription(3.24x)
0x3593,2,96,8.6,11.2,96,19,56,Transcription,4.09,5.1158837073014044e-09,16,1,Transcription(4.09x)
0xE568,2,577,51.8,11.1,577,60,192,Cytoskeleton,5.03,0.003093462104815121,5,1,Cytoskeleton(5.03x)
0xF7DB,2,384,34.6,11.1,384,58,156,Cell adhesion,3.53,0.0008894698996921924,9,1,Cell adhesion(3.53x)
0x8568,2,939,84.9,11.1,939,116,278,Cytoskeleton,4.68,0.0001282425897341837,9,2,Cytoskeleton(4.68x); Cell adhesion(3.92x)
0x0A21,2,244,22.0,11.1,244,35,104,Kinase,3.05,0.0036679444908793665,8,1,Kinase(3.05x)
0xB65E,2,137,12.3,11.1,137,14,50,Nuc acid bind,3.6,0.00887262544453139,5,1,Nuc acid bind(3.6x)
0x28A2,2,6849,625.1,11.0,6849,703,1871,Chromatin,2.92,2.61092791396319e-17,73,5,Chromatin(2.92x); Cytoskeleton(2.83x); DNA repair(1.84x); RNA processing(1.69x); Cell cycle(1.64x)
0x0690,2,99,9.0,11.0,99,23,47,Unclassified,0,1.0,0,0,
0x7DF7,2,3819,347.5,11.0,3819,350,824,Cytoskeleton,3.62,3.1479788709697765e-07,21,5,Cytoskeleton(3.62x); Chromatin(3.46x); RNA processing(2.37x); Nuc acid bind(1.93x); Cell adhesion(1.82x)
0x8A18,2,921,83.6,11.0,921,184,388,Chromatin,2.29,0.002346295115426517,15,3,Chromatin(2.29x); DNA repair(2.19x); Transcription(1.58x)
0xCA20,2,472,43.0,11.0,472,47,131,Cytoskeleton,5.13,0.007475735538494102,4,2,Cytoskeleton(5.13x); GTPase(3.35x)
0x0825,2,565,51.4,11.0,565,70,193,Unclassified,0,1.0,0,0,
0x07D8,2,193,17.6,10.9,193,32,66,Unclassified,0,1.0,0,0,
0x8825,2,686,63.2,10.9,686,95,250,Cytoskeleton,7.62,4.879777029780324e-08,12,2,Cytoskeleton(7.62x); GTPase(2.6x)
0xF4D3,2,117,10.7,10.9,117,15,57,Unclassified,0,1.0,0,0,
0x3693,2,113,10.4,10.9,113,22,43,Cell adhesion,7.23,2.9200168896398344e-05,7,1,Cell adhesion(7.23x)
0x7693,2,206,19.0,10.8,206,37,77,Cell adhesion,3.69,0.00510717388994422,6,1,Cell adhesion(3.69x)
0x9429,2,156,14.5,10.8,156,20,50,Unclassified,0,1.0,0,0,
0x365C,2,328,30.5,10.8,328,27,85,Unclassified,0,1.0,0,0,
0x7427,2,523,48.6,10.8,523,62,158,RNA processing,3.82,0.0010671779357226412,8,2,RNA processing(3.82x); Nuc acid bind(2.44x)
0x756F,2,525,48.4,10.8,525,81,211,Transcription,1.86,0.00018861320868963398,31,1,Transcription(1.86x)
0x0A2E,2,266,24.7,10.8,266,36,89,Cytoskeleton,6.7,0.0028422762836261438,4,2,Cytoskeleton(6.7x); RNA processing(5.76x)
0xF427,2,150,13.8,10.8,150,19,53,Cytoskeleton,15.87,1.1391162017196471e-05,5,1,Cytoskeleton(15.87x)
0x856E,2,214,20.0,10.7,214,20,56,Unclassified,0,1.0,0,0,
0x8791,2,68,6.4,10.7,68,14,27,Cytoskeleton,21.54,2.0978423728262743e-06,5,3,Cytoskeleton(21.54x); Structural(18.54x); GTPase(9.64x)
0x77D3,2,511,47.9,10.7,511,59,131,Cytoskeleton,11.24,2.6596345600573665e-09,11,1,Cytoskeleton(11.24x)
0x6F7D,2,1359,127.8,10.6,1359,159,353,Chromatin,4.25,1.7349683876568913e-09,24,4,Chromatin(4.25x); Cell adhesion(2.14x); Nuc acid bind(2.09x); Transcription(1.59x)
0x072C,2,94,8.8,10.6,94,16,40,Transcription,2.43,0.00837540827888861,8,1,Transcription(2.43x)
0xE56F,2,126,11.9,10.6,126,23,51,Unclassified,0,1.0,0,0,
0x8823,2,169,15.9,10.6,169,16,57,Unclassified,0,1.0,0,0,
0x1C99,2,118,11.2,10.6,118,35,54,Transcription,4.44,3.094588797279826e-19,32,1,Transcription(4.44x)
0xE427,2,191,18.1,10.6,191,31,59,Unclassified,0,1.0,0,0,
0xF7D3,2,248,23.5,10.6,248,32,83,Cell adhesion,4.26,0.0023961456988294935,6,1,Cell adhesion(4.26x)
0xA69E,2,136,12.9,10.6,136,32,60,Nuc acid bind,4.41,6.959418715706737e-07,14,1,Nuc acid bind(4.41x)
0x3793,2,53,5.0,10.5,53,11,22,Kinase,6.06,0.0007362841669951211,5,1,Kinase(6.06x)
0x0A29,2,177,16.8,10.5,177,10,40,Unclassified,0,1.0,0,0,
0x365F,2,196,18.7,10.5,196,26,52,Chromatin,5.41,0.001962948791265161,5,1,Chromatin(5.41x)
0x056F,2,63,6.0,10.5,63,18,34,Nuc acid bind,3.92,0.0011030636290787757,7,1,Nuc acid bind(3.92x)
0xA72A,2,71,6.8,10.5,71,15,23,Unclassified,0,1.0,0,0,
0xB567,2,376,36.3,10.4,376,56,147,Unclassified,0,1.0,0,0,
0x779B,2,180,17.2,10.4,180,17,61,Unclassified,0,1.0,0,0,
0xB72C,2,189,18.2,10.4,189,35,67,Transcription,2.64,1.1196102967996498e-05,19,1,Transcription(2.64x)
0x745F,2,181,17.5,10.3,181,20,48,Unclassified,0,1.0,0,0,
0xD59D,2,4665,452.0,10.3,4665,712,1768,Cytoskeleton,1.78,0.0070923006675216215,21,1,Cytoskeleton(1.78x)
0x0A25,2,661,64.4,10.3,661,94,229,Cytoskeleton,4.49,0.0009297640088454595,7,2,Cytoskeleton(4.49x); Kinase(2.13x)
0x7563,2,403,39.0,10.3,403,70,169,Unclassified,0,1.0,0,0,
0xB727,2,157,15.3,10.3,157,24,51,Transcription,2.43,0.0012676157295056373,12,1,Transcription(2.43x)
0x4104,2,387,37.8,10.3,387,40,121,Cell adhesion,3.98,0.0016073807304987156,7,1,Cell adhesion(3.98x)
0xA61E,2,75,7.3,10.3,75,13,26,Unclassified,0,1.0,0,0,
0x0457,2,112,10.8,10.3,112,21,49,Unclassified,0,1.0,0,0,
0xCB26,2,51,4.9,10.3,51,16,29,Transcription,4.25,1.8762210220038054e-08,14,1,Transcription(4.25x)
0xC8DC,2,157,15.5,10.2,157,24,43,Transcription,2.43,0.0012676157295056373,12,1,Transcription(2.43x)
0x7797,2,946,92.3,10.2,946,134,288,RNA processing,6.42,5.521805005231427e-16,29,3,RNA processing(6.42x); Nuc acid bind(3.08x); Kinase(1.89x)
0x98B9,2,859,85.0,10.1,859,137,304,RNA processing,3.46,1.4425527239046951e-05,16,3,RNA processing(3.46x); Nuc acid bind(2.06x); Transcription(1.81x)
0x9882,2,1051,103.7,10.1,1051,186,496,Transcription,3.26,1.2580916761188739e-43,125,1,Transcription(3.26x)
0xDC8D,2,892,88.0,10.1,892,144,323,Unclassified,0,1.0,0,0,
0x082B,2,174,17.2,10.1,174,24,61,DNA repair,5.99,0.0012199748929357533,5,2,DNA repair(5.99x); Chromatin(5.86x)
0xF5D7,2,880,86.7,10.1,880,139,302,Transcription,1.57,0.0007121375585429851,45,1,Transcription(1.57x)
0x8B21,2,150,14.8,10.1,150,25,55,Kinase,5.87,6.566834083123154e-07,11,1,Kinase(5.87x)
0xC798,2,66,6.5,10.1,66,11,29,Kinase,8.49,3.2685228469318898e-06,7,1,Kinase(8.49x)
0x37D3,2,198,19.6,10.1,198,31,71,Transcription,2.19,0.0017803729569037994,14,1,Transcription(2.19x)
0x82F5,2,616,60.8,10.1,616,117,321,Transcription,4.19,4.478874139398815e-53,101,1,Transcription(4.19x)
0x8A29,2,373,37.3,10.0,373,56,147,Chromatin,3.52,0.0035095138462373156,7,2,Chromatin(3.52x); Nuc acid bind(2.16x)
0xD5B1,2,681,68.3,10.0,681,97,248,Ubiquitin,4.04,3.6928146313001756e-06,15,1,Ubiquitin(4.04x)
0x7627,2,947,95.1,10.0,947,102,261,Chromatin,4.69,9.744270235298616e-08,17,3,Chromatin(4.69x); Cytoskeleton(4.14x); Kinase(2.35x)
0x6CA1,2,404,40.3,10.0,404,39,130,Kinase,2.74,0.007353298260815281,8,1,Kinase(2.74x)
0x77DB,2,706,70.7,10.0,706,84,183,Chromatin,3.35,0.0007573726737347542,10,2,Chromatin(3.35x); Transcription(2.08x)
0x761F,2,220,22.1,10.0,220,26,73,Unclassified,0,1.0,0,0,
0xA727,2,142,14.2,10.0,142,25,49,Cytoskeleton,7.24,0.007879807675763583,3,1,Cytoskeleton(7.24x)
0x942F,2,163,16.4,9.9,163,12,49,Transcription,2.83,0.004623100393764415,7,1,Transcription(2.83x)
0xA620,2,690,69.6,9.9,690,155,325,Transcription,3.82,5.059726927291187e-55,122,1,Transcription(3.82x)
0x0850,2,217,21.9,9.9,217,37,79,Unclassified,0,1.0,0,0,
0xA62A,2,167,16.8,9.9,167,23,54,Cell adhesion,6.92,4.039680027596228e-05,7,1,Cell adhesion(6.92x)
0xE65C,2,176,17.8,9.9,176,33,77,Transcription,3.53,1.6644156438655788e-10,24,1,Transcription(3.53x)
0xA42F,2,103,10.4,9.9,103,14,31,Unclassified,0,1.0,0,0,
0xB42B,2,100,10.1,9.9,100,19,52,Nuc acid bind,3.18,0.00820276253997537,6,1,Nuc acid bind(3.18x)
0xCB21,2,137,13.8,9.9,137,25,44,Transcription,2.72,0.00010457754856039336,14,1,Transcription(2.72x)
0xB420,2,308,31.6,9.8,308,40,114,Unclassified,0,1.0,0,0,
0x9E79,2,1378,140.2,9.8,1378,180,450,Cytoskeleton,3.35,0.0008177594072216254,10,4,Cytoskeleton(3.35x); RNA processing(3.29x); Chromatin(2.97x); Nuc acid bind(1.79x)
0x379E,2,90,9.2,9.8,90,12,31,Cytoskeleton,15.08,0.0008827570042968416,3,1,Cytoskeleton(15.08x)
0xF56A,2,131,13.4,9.8,131,19,47,Unclassified,0,1.0,0,0,
0xA56A,2,244,24.8,9.8,244,30,88,Chromatin,6.56,6.807415795477853e-05,7,2,Chromatin(6.56x); Transcription(2.27x)
0x0963,2,81,8.3,9.8,81,12,44,Unclassified,0,1.0,0,0,
0xA62E,2,251,25.6,9.8,251,56,118,Transcription,3.9,1.1978940387613285e-21,45,1,Transcription(3.9x)
0x5960,2,2064,211.8,9.7,2064,254,675,Cytoskeleton,3.32,8.215862096066153e-05,14,3,Cytoskeleton(3.32x); Chromatin(2.44x); Kinase(1.68x)
0x8A20,2,1437,148.6,9.7,1437,157,469,Cytoskeleton,4.99,1.9473685411847026e-06,13,3,Cytoskeleton(4.99x); Chromatin(3.4x); Cell cycle(2.52x)
0x87D8,2,232,23.8,9.7,232,46,98,Cell adhesion,3.46,0.0036784255062260207,7,2,Cell adhesion(3.46x); Kinase(2.9x)
0xF7DA,2,254,26.2,9.7,254,49,97,RNA processing,4.23,0.0011866012629346005,7,2,RNA processing(4.23x); Cell adhesion(3.25x)
0x7136,2,1254,129.0,9.7,1254,181,599,Transcription,4.29,2.134713233336855e-87,160,1,Transcription(4.29x)
0x77D7,2,1532,158.4,9.7,1532,207,459,Cytoskeleton,4.08,8.456502828161414e-06,14,3,Cytoskeleton(4.08x); Chromatin(2.45x); Transcription(2.2x)
0xC568,2,143,14.7,9.7,143,21,69,Unclassified,0,1.0,0,0,
0xCB1C,2,75,7.7,9.7,75,17,28,Transcription,2.57,0.0031688689493179815,9,1,Transcription(2.57x)
0xB423,2,74,7.6,9.7,74,14,29,Unclassified,0,1.0,0,0,
0xF653,2,136,14.0,9.7,136,23,44,Phosphatase,8.72,0.004661312715402776,3,1,Phosphatase(8.72x)
0x8967,2,367,37.8,9.7,367,40,115,Cell cycle,4.5,0.004752435788383456,5,1,Cell cycle(4.5x)
0x8811,2,92,9.6,9.6,92,20,53,Unclassified,0,1.0,0,0,
0x75DE,2,588,61.5,9.6,588,76,199,RNA processing,3.51,0.0009911993430302879,9,2,RNA processing(3.51x); Nuc acid bind(1.99x)
0x8A21,2,467,48.6,9.6,467,79,207,Cytoskeleton,5.34,0.00032407008909396715,7,1,Cytoskeleton(5.34x)
0xB72E,2,106,11.1,9.6,106,10,35,Unclassified,0,1.0,0,0,
0xF79F,2,85,8.8,9.6,85,18,39,Nuc acid bind,3.36,0.006117177383455694,6,1,Nuc acid bind(3.36x)
0x7560,2,1363,142.9,9.5,1363,173,439,Cytoskeleton,2.79,0.008111047220318303,8,3,Cytoskeleton(2.79x); Cell adhesion(2.23x); Chromatin(2.11x)
0x68A2,2,1779,188.0,9.5,1779,189,520,Cytoskeleton,3.83,7.040744377008026e-05,12,3,Cytoskeleton(3.83x); Cell cycle(2.67x); Chromatin(2.38x)
0x72CB,2,883,92.7,9.5,883,106,210,Chromatin,4.25,9.378753343390553e-07,16,2,Chromatin(4.25x); Transcription(2.7x)
0x8850,2,254,26.9,9.5,254,26,90,Kinase,4.62,6.949871960682242e-05,9,2,Kinase(4.62x); Cell adhesion(4.37x)
0x8A25,2,1359,142.6,9.5,1359,172,484,Cytoskeleton,3.51,0.000574373260581982,10,5,Cytoskeleton(3.51x); Structural(2.72x); Cell cycle(2.72x); Chromatin(2.62x); DNA repair(2.34x)
0x8A2E,2,516,54.6,9.5,516,57,162,Unclassified,0,1.0,0,0,
0x8A2B,2,451,47.7,9.5,451,62,160,Cytoskeleton,5.84,0.0005429317991475262,6,3,Cytoskeleton(5.84x); Protein folding(4.91x); RNA processing(3.35x)
0xB9E7,2,289,30.5,9.5,289,41,111,Cytoskeleton,8.83,5.29271873390049e-05,6,1,Cytoskeleton(8.83x)
0x6CAD,2,428,45.6,9.4,428,54,142,DNA repair,3.73,0.0025200284198115394,7,2,DNA repair(3.73x); Transcription(1.71x)
0xA729,2,66,7.0,9.4,66,11,24,Unclassified,0,1.0,0,0,
0x8B91,2,137,14.6,9.4,137,24,50,Unclassified,0,1.0,0,0,
0x7657,2,960,102.2,9.4,960,111,357,Immune,2.2,0.0031095954051155172,15,1,Immune(2.2x)
0x8A24,2,71,7.5,9.4,71,10,26,Unclassified,0,1.0,0,0,
0x745E,2,126,13.3,9.4,126,15,41,Unclassified,0,1.0,0,0,
0x0A28,2,1216,130.1,9.3,1216,160,462,Cytoskeleton,4.15,6.942703745642725e-05,11,3,Cytoskeleton(4.15x); Chromatin(3.69x); Structural(2.92x)
0x742F,2,255,27.4,9.3,255,31,67,Chromatin,6.35,8.527097611183634e-05,7,2,Chromatin(6.35x); Transcription(2.19x)
0xA28B,2,552,59.6,9.3,552,57,152,Cytoskeleton,8.46,4.017531109631214e-06,8,2,Cytoskeleton(8.46x); Chromatin(3.45x)
0x5B9B,2,221,23.9,9.3,221,25,78,Ion channel,3.68,0.004589291225646934,6,1,Ion channel(3.68x)
0xE423,2,80,8.6,9.3,80,13,38,Unclassified,0,1.0,0,0,
0xC5DA,2,68,7.3,9.3,68,22,40,Transcription,3.53,2.07720048129276e-07,16,1,Transcription(3.53x)
0x769B,2,248,26.6,9.3,248,43,78,Cell adhesion,5.29,1.2746686903646101e-05,10,1,Cell adhesion(5.29x)
0xA611,2,94,10.1,9.3,94,11,24,Unclassified,0,1.0,0,0,
0x342A,2,101,10.8,9.3,101,10,38,Structural,15.57,0.000764820773920954,3,1,Structural(15.57x)
0xE625,2,529,57.5,9.2,529,70,219,Unclassified,0,1.0,0,0,
0x8820,2,607,65.8,9.2,607,92,235,Cytoskeleton,5.24,0.00013832959935581554,8,2,Cytoskeleton(5.24x); Chromatin(4.89x)
0x2CB1,2,215,23.4,9.2,215,29,65,Chromatin,5.82,0.0004602181494200488,6,2,Chromatin(5.82x); Transcription(2.01x)
0x1691,2,125,13.6,9.2,125,23,48,Ion channel,4.0,0.002924665474389392,6,1,Ion channel(4.0x)
0xA429,2,84,9.2,9.2,84,14,38,Cell adhesion,6.49,0.0026013430519656274,4,1,Cell adhesion(6.49x)
0xC963,2,68,7.4,9.2,68,12,32,Unclassified,0,1.0,0,0,
0x8457,2,129,14.0,9.2,129,22,46,DNA repair,5.23,0.006411456632994082,4,1,DNA repair(5.23x)
0x0B98,2,168,18.3,9.2,168,25,63,Cytoskeleton,9.65,0.0007032918982012343,4,1,Cytoskeleton(9.65x)
0xCB2B,2,123,13.6,9.1,123,26,41,Transcription,2.61,0.00018378663548955173,14,1,Transcription(2.61x)
0xC825,2,255,27.9,9.1,255,33,110,DNA repair,4.36,0.005272477692394927,5,1,DNA repair(4.36x)
0xA288,2,815,89.4,9.1,815,118,325,Cell cycle,3.66,0.00010429731670921442,12,2,Cell cycle(3.66x); Cytoskeleton(3.58x)
0x15B1,2,314,34.7,9.1,314,44,122,Kinase,3.03,0.0012593276081519207,10,1,Kinase(3.03x)
0xF657,2,347,38.3,9.1,347,44,111,Cell adhesion,4.65,0.00010220411215596389,9,2,Cell adhesion(4.65x); Transcription(1.99x)
0x1371,2,346,37.9,9.1,346,48,151,Unclassified,0,1.0,0,0,
0x18A1,2,716,79.2,9.0,716,121,295,Cell cycle,2.97,0.0019671441650139752,10,2,Cell cycle(2.97x); Kinase(1.98x)
0xF5DE,2,154,17.2,9.0,154,18,53,Unclassified,0,1.0,0,0,
0x756E,2,446,49.6,9.0,446,46,144,Unclassified,0,1.0,0,0,
0x5CB2,2,442,49.3,9.0,442,74,153,Transcription,2.1,8.315332031639119e-06,32,1,Transcription(2.1x)
0xF56B,2,128,14.3,9.0,128,22,52,Unclassified,0,1.0,0,0,
0x77DE,2,283,31.4,9.0,283,35,85,Kinase,3.43,0.0008517881706076253,9,1,Kinase(3.43x)
0x882B,2,191,21.1,9.0,191,25,62,Cytoskeleton,7.24,0.007879807675763583,3,2,Cytoskeleton(7.24x); Nuc acid bind(2.82x)
0xB650,2,322,36.3,8.9,322,66,149,Cell adhesion,3.44,0.0005667014612660225,10,2,Cell adhesion(3.44x); Kinase(2.83x)
0xE611,2,78,8.7,8.9,78,17,26,GTPase,5.29,0.005787776770146775,4,1,GTPase(5.29x)
0xD58D,2,1974,222.9,8.9,1974,310,816,Cell adhesion,1.69,0.009907435155987715,23,1,Cell adhesion(1.69x)
0x0A50,2,245,27.4,8.9,245,29,91,Apoptosis,4.66,0.009988068047325823,4,1,Apoptosis(4.66x)
0xE620,2,536,59.9,8.9,536,58,146,RNA processing,3.58,0.0032062605860858095,7,1,RNA processing(3.58x)
0x77D4,2,68,7.6,8.9,68,11,26,Unclassified,0,1.0,0,0,
0xA7DE,2,64,7.2,8.9,64,11,28,Cell adhesion,8.27,0.0009528079021998697,4,1,Cell adhesion(8.27x)
0x669A,2,74,8.3,8.9,74,11,22,Proteolysis,8.08,0.0001927128157597316,5,1,Proteolysis(8.08x)
0x75DF,2,1645,186.8,8.8,1645,203,466,Chromatin,4.29,4.914023415273766e-12,31,4,Chromatin(4.29x); Cytoskeleton(2.67x); Transcription(1.99x); Kinase(1.71x)
0xE79A,2,97,11.1,8.8,97,20,45,Unclassified,0,1.0,0,0,
0xF65C,2,184,20.9,8.8,184,26,70,Unclassified,0,1.0,0,0,
0x9C8D,2,196,22.4,8.8,196,34,87,Unclassified,0,1.0,0,0,
0x5CAD,2,411,47.0,8.7,411,46,126,Cell adhesion,3.95,0.0007878599272797327,8,1,Cell adhesion(3.95x)
0x2582,2,2087,238.9,8.7,2087,245,673,Cell cycle,2.94,1.5764915394001936e-05,20,3,Cell cycle(2.94x); DNA repair(2.23x); GTPase(2.02x)
0x25A2,2,3241,372.2,8.7,3241,297,915,Cytoskeleton,4.67,6.434007002957777e-10,23,3,Cytoskeleton(4.67x); Cell cycle(3.03x); Chromatin(1.8x)
0x7423,2,203,23.2,8.7,203,41,85,Cytoskeleton,5.88,0.004582947231240031,4,2,Cytoskeleton(5.88x); Chromatin(4.12x)
0x769A,2,490,56.3,8.7,490,85,158,DNA repair,2.71,0.009291225982861053,8,1,DNA repair(2.71x)
0x6CA2,2,825,95.4,8.7,825,80,273,Cell cycle,3.15,0.006705424339044087,7,2,Cell cycle(3.15x); Chromatin(2.81x)
0x2581,2,721,82.5,8.7,721,80,247,Unclassified,0,1.0,0,0,
0x35D7,2,962,110.2,8.7,962,115,283,Chromatin,2.93,0.0007777770503026906,12,2,Chromatin(2.93x); Transcription(1.86x)
0xB657,2,423,48.4,8.7,423,39,105,Unclassified,0,1.0,0,0,
0x74D3,2,330,37.8,8.7,330,36,77,Cell adhesion,4.42,0.0008376290424888449,7,1,Cell adhesion(4.42x)
0x35D0,2,449,51.8,8.7,449,51,127,Cell adhesion,3.12,0.006591737420725345,7,1,Cell adhesion(3.12x)
0x065C,2,66,7.6,8.7,66,11,22,Unclassified,0,1.0,0,0,
0xB98B,2,285,32.9,8.7,285,36,86,Nuc acid bind,2.52,0.007181661202500377,9,1,Nuc acid bind(2.52x)
0x345F,2,71,8.2,8.7,71,14,26,Nuc acid bind,4.32,0.0013993285980042477,6,1,Nuc acid bind(4.32x)
0x5968,2,2706,313.1,8.6,2706,307,911,Cytoskeleton,3.34,1.3067508006375414e-05,17,2,Cytoskeleton(3.34x); Kinase(1.74x)
0xB65C,2,228,26.4,8.6,228,27,66,Unclassified,0,1.0,0,0,
0x7410,2,205,23.9,8.6,205,34,80,Unclassified,0,1.0,0,0,
0xB798,2,143,16.7,8.6,143,26,51,Unclassified,0,1.0,0,0,
0xCB2F,2,103,12.0,8.6,103,26,47,Transcription,2.24,0.0030027640961971945,12,1,Transcription(2.24x)
0xF72C,2,308,36.0,8.5,308,40,62,Chromatin,6.33,8.480189334741033e-06,9,3,Chromatin(6.33x); Nuc acid bind(2.52x); Transcription(2.43x)
0x596B,2,640,75.6,8.5,640,108,250,Transport,2.29,0.00012154549640091858,23,2,Transport(2.29x); Ion channel(2.27x)
0xF410,2,58,6.8,8.5,58,10,28,Unclassified,0,1.0,0,0,
0x779C,2,206,24.2,8.5,206,28,78,Unclassified,0,1.0,0,0,
0x8563,2,133,15.7,8.5,133,23,50,Unclassified,0,1.0,0,0,
0x945C,2,146,17.1,8.5,146,18,95,Unclassified,0,1.0,0,0,
0x2CB9,2,888,106.1,8.4,888,101,250,Cytoskeleton,6.57,8.274261940413871e-07,11,2,Cytoskeleton(6.57x); Chromatin(2.78x)
0x75D1,2,602,71.3,8.4,602,90,215,Unclassified,0,1.0,0,0,
0xDC9D,2,1506,178.5,8.4,1506,213,519,Cytoskeleton,2.55,0.009016771678121245,9,2,Cytoskeleton(2.55x); Transcription(1.55x)
0xB42E,2,98,11.6,8.4,98,20,33,Chromatin,7.03,0.0005514006024973981,5,1,Chromatin(7.03x)
0x35D3,2,281,33.3,8.4,281,39,98,Transcription,1.87,0.007899484357691205,15,1,Transcription(1.87x)
0xE4DC,2,159,19.0,8.4,159,31,72,Transcription,4.07,7.271878698777969e-14,26,1,Transcription(4.07x)
0x345C,2,111,13.3,8.4,111,13,34,Unclassified,0,1.0,0,0,
0x0798,2,68,8.1,8.4,68,17,27,Unclassified,0,1.0,0,0,
0x5B9E,2,262,31.1,8.4,262,39,110,Kinase,2.74,0.007353298260815281,8,1,Kinase(2.74x)
0xD0BD,2,892,108.0,8.3,892,137,321,Cytoskeleton,3.08,0.007732006286924778,7,1,Cytoskeleton(3.08x)
0x60A2,2,944,113.3,8.3,944,102,303,Cell cycle,4.23,2.4523144667428558e-05,12,2,Cell cycle(4.23x); DNA repair(2.54x)
0xB69A,2,220,26.7,8.3,220,32,76,Unclassified,0,1.0,0,0,
0xA690,2,204,24.6,8.3,204,39,72,Nuc acid bind,2.58,0.0038578568137407785,10,1,Nuc acid bind(2.58x)
0x75DA,2,874,104.7,8.3,874,130,299,Cytoskeleton,3.25,0.005845186396424782,7,3,Cytoskeleton(3.25x); Kinase(2.26x); Transcription(1.76x)
0xA7DC,2,124,14.9,8.3,124,15,34,Unclassified,0,1.0,0,0,
0x0725,2,117,14.1,8.3,117,13,47,DNA repair,6.63,0.009210037817376664,3,1,DNA repair(6.63x)
0x37D5,2,559,67.0,8.3,559,60,146,Unclassified,0,1.0,0,0,
0x2171,2,420,50.8,8.3,420,65,177,Transcription,3.44,3.4327656892616185e-18,46,1,Transcription(3.44x)
0x756C,2,957,114.7,8.3,957,110,299,Unclassified,0,1.0,0,0,
0xF42B,2,73,8.8,8.3,73,12,25,DNA repair,7.19,0.007269874871693709,3,1,DNA repair(7.19x)
0x9CB2,2,242,29.6,8.2,242,48,86,Transcription,2.63,2.8916756730046546e-07,26,1,Transcription(2.63x)
0x9CB1,2,56,6.9,8.2,56,10,23,Ubiquitin,7.85,0.005448695772986326,3,1,Ubiquitin(7.85x)
0x0B25,2,259,31.6,8.2,259,31,83,Unclassified,0,1.0,0,0,
0x8693,2,70,8.5,8.2,70,11,27,Proteolysis,8.08,0.0001927128157597316,5,1,Proteolysis(8.08x)
0x882E,2,199,24.2,8.2,199,30,77,Unclassified,0,1.0,0,0,
0x1650,2,141,17.3,8.2,141,20,46,Ion channel,3.83,0.00795173501808048,5,2,Ion channel(3.83x); Transport(3.22x)
0x45C4,2,304,36.9,8.2,304,65,161,Transcription,4.33,1.2673850586788398e-32,58,1,Transcription(4.33x)
0xA650,2,234,28.4,8.2,234,25,116,Cell adhesion,4.55,0.004124441888962604,5,1,Cell adhesion(4.55x)
0xB429,2,64,7.9,8.1,64,14,26,Chromatin,8.04,0.0011857000920805273,4,1,Chromatin(8.04x)
0x77DF,2,777,95.4,8.1,777,96,217,Transcription,2.02,2.0349808914025734e-06,40,1,Transcription(2.02x)
0xCA29,2,87,10.8,8.1,87,14,35,Unclassified,0,1.0,0,0,
0x365E,2,115,14.3,8.1,115,18,50,Phosphatase,11.15,0.0022684030578145335,3,2,Phosphatase(11.15x); Cell adhesion(5.05x)
0x77D9,2,406,50.1,8.1,406,56,137,Unclassified,0,1.0,0,0,
0x75DB,2,1121,138.3,8.1,1121,160,385,Cytoskeleton,3.02,0.005129066446043092,8,4,Cytoskeleton(3.02x); Ubiquitin(2.62x); Chromatin(2.29x); Transcription(1.61x)
0x8420,2,209,25.7,8.1,209,26,74,Unclassified,0,1.0,0,0,
0xF7D7,2,632,77.6,8.1,632,85,200,Transcription,1.6,0.005147318789798851,28,1,Transcription(1.6x)
0xDCB2,2,942,116.5,8.1,942,158,304,Cytoskeleton,3.82,0.0002926033143180077,10,4,Cytoskeleton(3.82x); Structural(3.29x); Chromatin(2.31x); Transcription(2.06x)
0xF7DE,2,124,15.4,8.1,124,23,56,Unclassified,0,1.0,0,0,
0xF7DC,2,257,31.7,8.1,257,41,92,Nuc acid bind,2.7,0.001673490865048562,11,1,Nuc acid bind(2.7x)
0x60A9,2,313,38.5,8.1,313,32,111,Unclassified,0,1.0,0,0,
0x3727,2,205,25.2,8.1,205,17,61,Unclassified,0,1.0,0,0,
0x9C99,2,70,8.6,8.1,70,15,33,Unclassified,0,1.0,0,0,
0x25B9,2,1569,195.8,8.0,1569,187,471,Chromatin,2.56,0.00035771587425101423,17,3,Chromatin(2.56x); GTPase(2.16x); Kinase(1.78x)
0xE72C,2,179,22.3,8.0,179,22,67,Unclassified,0,1.0,0,0,
0x05D1,2,70,8.8,8.0,70,11,27,Unclassified,0,1.0,0,0,
0x372B,2,128,16.0,8.0,128,18,36,Unclassified,0,1.0,0,0,
0x596C,2,1355,170.0,8.0,1355,155,501,DNA repair,3.89,8.71096047015544e-08,21,2,DNA repair(3.89x); Chromatin(2.36x)
0xE621,2,157,19.6,8.0,157,21,59,Kinase,3.81,0.0035511196084129187,6,1,Kinase(3.81x)
0x74DB,2,447,55.7,8.0,447,48,126,Cytoskeleton,7.54,0.00013123569665133303,6,2,Cytoskeleton(7.54x); Chromatin(5.27x)
0xF4DF,2,171,21.4,8.0,171,31,65,Unclassified,0,1.0,0,0,
0x772A,2,237,29.4,8.0,237,32,54,Chromatin,5.27,0.0008023673093884456,6,2,Chromatin(5.27x); Transcription(1.97x)
0xE421,2,93,11.7,8.0,93,12,36,Unclassified,0,1.0,0,0,
0x0B91,2,85,10.6,8.0,85,15,36,Kinase,4.45,0.003717448609799311,5,1,Kinase(4.45x)
0xC5D7,2,173,21.5,8.0,173,31,58,Transcription,2.19,0.0017803729569037994,14,1,Transcription(2.19x)
0xF45C,2,65,8.1,8.0,65,10,17,Unclassified,0,1.0,0,0,
0xC460,2,73,9.1,8.0,73,21,41,Transcription,4.86,3.594752654656496e-15,21,1,Transcription(4.86x)
0x0A90,2,186,23.7,7.9,186,48,88,Unclassified,0,1.0,0,0,
0x75D5,2,2535,321.2,7.9,2535,297,819,Cytoskeleton,2.64,0.001325569343242097,13,2,Cytoskeleton(2.64x); Chromatin(1.89x)
0xA567,2,536,67.7,7.9,536,87,171,Unclassified,0,1.0,0,0,
0x1CB2,2,303,38.4,7.9,303,39,78,Unclassified,0,1.0,0,0,
0x0827,2,215,27.1,7.9,215,42,88,Nuc acid bind,3.36,3.0193111637772435e-05,14,1,Nuc acid bind(3.36x)
0x50BD,2,455,57.7,7.9,455,61,153,Unclassified,0,1.0,0,0,
0xE420,2,282,35.7,7.9,282,63,127,Chromatin,4.91,1.156938598099086e-05,11,1,Chromatin(4.91x)
0xCA21,2,111,14.1,7.9,111,11,41,Unclassified,0,1.0,0,0,
0x842B,2,65,8.3,7.9,65,10,16,Protein folding,15.23,0.007188124625297155,2,1,Protein folding(15.23x)
0xE425,2,267,34.2,7.8,267,50,120,DNA repair,3.45,0.007427069594488897,6,2,DNA repair(3.45x); Nuc acid bind(2.22x)
0xCB9E,2,61,7.8,7.8,61,10,25,Unclassified,0,1.0,0,0,
0x6882,2,937,120.7,7.8,937,106,306,Cytoskeleton,3.98,0.0018756845545689108,7,2,Cytoskeleton(3.98x); Chromatin(2.65x)
0x5C8D,2,290,37.3,7.8,290,41,107,Phosphatase,13.05,1.3115567840323695e-07,8,2,Phosphatase(13.05x); Cell adhesion(3.88x)
0xB72B,2,75,9.7,7.8,75,10,27,Unclassified,0,1.0,0,0,
0x8560,2,446,57.5,7.8,446,79,180,Cell adhesion,3.74,3.608527134080427e-05,13,2,Cell adhesion(3.74x); Kinase(2.87x)
0x7137,2,469,60.1,7.8,469,60,193,Transcription,2.27,5.113049295608906e-06,28,1,Transcription(2.27x)
0x7790,2,337,43.0,7.8,337,41,103,Cytoskeleton,7.36,0.0005466044736597741,5,2,Cytoskeleton(7.36x); Cell cycle(4.39x)
0x741F,2,88,11.3,7.8,88,14,34,Transcription,2.77,0.0028992244462220447,8,1,Transcription(2.77x)
0xCA9C,2,67,8.6,7.8,67,14,25,Unclassified,0,1.0,0,0,
0xA7DA,2,96,12.3,7.8,96,18,44,Unclassified,0,1.0,0,0,
0x5B2C,2,783,101.8,7.7,783,95,253,DNA repair,3.03,0.0016711392864156107,10,2,DNA repair(3.03x); Transcription(1.89x)
0xCB29,2,82,10.6,7.7,82,16,33,Transcription,2.73,0.0018221007114768912,9,1,Transcription(2.73x)
0x44D5,2,131,17.1,7.7,131,19,42,Ion channel,4.03,0.006295888608463365,5,1,Ion channel(4.03x)
0x20B1,2,303,39.3,7.7,303,47,106,Transcription,1.76,0.00977440466318773,17,1,Transcription(1.76x)
0xF568,2,453,59.1,7.7,453,64,143,Cell adhesion,4.62,3.2811839080682426e-06,13,2,Cell adhesion(4.62x); Chromatin(3.52x)
0x68B9,2,764,98.9,7.7,764,73,216,Cytoskeleton,6.61,2.608911295245315e-05,8,2,Cytoskeleton(6.61x); Nuc acid bind(2.07x)
0x6082,2,560,72.7,7.7,560,86,219,Ion channel,2.14,0.009678311925089389,12,1,Ion channel(2.14x)
0x8829,2,127,16.5,7.7,127,21,56,Cell cycle,8.57,0.00022609816661537383,5,1,Cell cycle(8.57x)
0xCA5C,2,99,12.8,7.7,99,20,37,Nuc acid bind,3.53,0.002250918352060818,7,1,Nuc acid bind(3.53x)
0x25B1,2,335,43.3,7.7,335,55,127,Cell adhesion,3.31,0.0026024230224188758,8,2,Cell adhesion(3.31x); Signaling(1.75x)
0xE725,2,271,35.4,7.7,271,42,100,Unclassified,0,1.0,0,0,
0xB2C7,2,62,8.0,7.7,62,11,22,Transcription,3.53,0.0002893830672800328,8,1,Transcription(3.53x)
0x3423,2,83,10.8,7.7,83,13,40,Unclassified,0,1.0,0,0,
0xDF7D,2,7333,970.9,7.6,7333,722,1630,Chromatin,3.23,1.295654541775129e-22,83,5,Chromatin(3.23x); Cytoskeleton(2.42x); Nuc acid bind(1.76x); RNA processing(1.64x); Cell adhesion(1.51x)
0xDCB1,2,206,27.0,7.6,206,27,65,Transcription,2.34,0.0012501801218699992,13,1,Transcription(2.34x)
0x07D0,2,68,8.9,7.6,68,12,33,Unclassified,0,1.0,0,0,
0x159D,2,1735,229.6,7.6,1735,238,699,Cell adhesion,2.01,0.0018693722082822118,21,1,Cell adhesion(2.01x)
0x75DC,2,961,126.8,7.6,961,150,325,Chromatin,2.44,0.0026439828504821123,13,2,Chromatin(2.44x); Transcription(2.04x)
0x765C,2,426,55.8,7.6,426,52,152,Cell adhesion,3.5,0.001804408966719516,8,1,Cell adhesion(3.5x)
0x872C,2,91,11.9,7.6,91,12,28,Transcription,2.83,0.004623100393764415,7,1,Transcription(2.83x)
0x9082,2,514,67.3,7.6,514,85,202,Unclassified,0,1.0,0,0,
0xF5D1,2,151,19.9,7.6,151,23,52,Unclassified,0,1.0,0,0,
0x379C,2,75,9.9,7.6,75,13,26,Unclassified,0,1.0,0,0,
0x75D0,2,1089,145.7,7.5,1089,149,372,Chromatin,4.15,1.2749279075484855e-08,22,1,Chromatin(4.15x)
0x75D8,2,2158,287.4,7.5,2158,271,669,Chromatin,2.8,1.230215005217753e-06,27,2,Chromatin(2.8x); Transcription(1.59x)
0xE62B,2,144,19.2,7.5,144,23,52,GTPase,4.89,0.0029437222508983986,5,1,GTPase(4.89x)
0x1450,2,145,19.3,7.5,145,13,42,Ion channel,5.89,0.0009666246684501066,5,2,Ion channel(5.89x); Transport(4.13x)
0xF6DB,2,307,40.8,7.5,307,39,99,RNA processing,3.8,0.009527837377193158,5,1,RNA processing(3.8x)
0x581C,2,300,39.8,7.5,300,28,130,Transcription,2.95,4.190630572687644e-06,17,1,Transcription(2.95x)
0x742A,2,174,23.2,7.5,174,21,49,Cytoskeleton,8.62,0.0047827793958664586,3,1,Cytoskeleton(8.62x)
0x3657,2,419,55.9,7.5,419,57,145,Cell adhesion,3.99,0.00016521035444619258,10,2,Cell adhesion(3.99x); Chromatin(3.45x)
0xC9D7,2,439,58.9,7.5,439,54,173,Transcription,2.61,7.68787236476863e-08,29,1,Transcription(2.61x)
0x756B,2,381,51.0,7.5,381,69,158,Cytoskeleton,4.37,0.00565058841838097,5,1,Cytoskeleton(4.37x)
0x765E,2,196,26.1,7.5,196,21,75,Cytoskeleton,8.62,0.0047827793958664586,3,2,Cytoskeleton(8.62x); Cell adhesion(6.49x)
0x37D0,2,229,30.4,7.5,229,27,64,Unclassified,0,1.0,0,0,
0x1099,2,121,16.1,7.5,121,28,55,Transcription,4.16,2.623521649735994e-13,24,1,Transcription(4.16x)
0xF72A,2,108,14.4,7.5,108,20,36,Transcription,2.43,0.003232107242138729,10,1,Transcription(2.43x)
0x8A11,2,163,21.6,7.5,163,31,68,Unclassified,0,1.0,0,0,
0x5B11,2,183,24.5,7.5,183,17,35,Transcription,3.14,9.886210611172516e-05,11,1,Transcription(3.14x)
0xC82E,2,80,10.7,7.5,80,14,28,Cell cycle,7.71,0.006160680824984167,3,1,Cell cycle(7.71x)
0x3629,2,191,25.8,7.4,191,25,60,Unclassified,0,1.0,0,0,
0x882A,2,118,15.9,7.4,118,14,48,Unclassified,0,1.0,0,0,
0x7798,2,500,67.5,7.4,500,68,159,RNA processing,3.05,0.007765926999971675,7,2,RNA processing(3.05x); Nuc acid bind(2.22x)
0x772C,2,547,73.6,7.4,547,58,149,Chromatin,6.79,9.883415800516167e-09,14,2,Chromatin(6.79x); Transcription(2.93x)
0xA560,2,548,74.2,7.4,548,79,197,RNA processing,5.25,3.2518368916457844e-07,14,3,RNA processing(5.25x); Ubiquitin(4.63x); Nuc acid bind(2.17x)
0x596A,2,527,70.9,7.4,527,100,218,Transport,2.79,9.259429791680648e-07,26,2,Transport(2.79x); Ion channel(2.6x)
0x6881,2,308,41.7,7.4,308,50,111,Cytoskeleton,4.82,0.009290093262801993,4,1,Cytoskeleton(4.82x)
0x9425,2,411,55.4,7.4,411,40,125,Kinase,5.34,9.693800886384362e-09,16,1,Kinase(5.34x)
0xAD8B,2,213,28.8,7.4,213,17,50,Unclassified,0,1.0,0,0,
0x25AD,2,1326,178.1,7.4,1326,175,432,Cytoskeleton,3.79,0.00015487706990527595,11,1,Cytoskeleton(3.79x)
0x5967,2,1433,193.3,7.4,1433,180,521,Transport,1.91,0.0002496642471403581,32,1,Transport(1.91x)
0xB450,2,95,12.9,7.4,95,27,45,Unclassified,0,1.0,0,0,
0xC5D5,2,165,22.3,7.4,165,29,59,Kinase,3.22,0.004689034837365126,7,1,Kinase(3.22x)
0xB62B,2,212,28.5,7.4,212,37,100,Ubiquitin,10.6,1.8289563020031837e-12,15,3,Ubiquitin(10.6x); RNA processing(10.41x); Chromatin(3.8x)
0xB427,2,118,16.0,7.4,118,22,40,Unclassified,0,1.0,0,0,
0xE429,2,66,9.0,7.4,66,11,23,Unclassified,0,1.0,0,0,
0x3457,2,177,24.4,7.3,177,23,53,Unclassified,0,1.0,0,0,
0xD5B2,2,2141,295.1,7.3,2141,294,769,Cytoskeleton,2.26,0.009801343035586002,11,2,Cytoskeleton(2.26x); Cell cycle(1.96x)
0x28A1,2,1915,264.0,7.3,1915,229,603,Chromatin,3.56,2.352447796914822e-09,29,2,Chromatin(3.56x); Methylation(2.68x)
0x7690,2,484,66.3,7.3,484,76,153,Cell adhesion,2.99,0.001733311098710805,10,1,Cell adhesion(2.99x)
0x90B9,2,402,55.2,7.3,402,79,176,Chromatin,3.56,0.0004624716995691718,10,1,Chromatin(3.56x)
0xB725,2,210,28.9,7.3,210,31,82,Unclassified,0,1.0,0,0,
0x9A69,2,1695,233.3,7.3,1695,270,487,Nuc acid bind,3.14,1.0380728220954468e-22,84,3,Nuc acid bind(3.14x); RNA processing(2.31x); Chromatin(2.29x)
0x745C,2,208,28.5,7.3,208,23,59,Unclassified,0,1.0,0,0,
0xCA2C,2,189,26.0,7.3,189,20,64,Cell cycle,7.2,0.0019916255507458546,4,1,Cell cycle(7.2x)
0xA56E,2,188,25.8,7.3,188,28,55,Ion channel,3.28,0.008263338006103545,6,1,Ion channel(3.28x)
0x37DC,2,192,26.5,7.3,192,24,61,Unclassified,0,1.0,0,0,
0x0A2B,2,158,21.5,7.3,158,25,70,Cell cycle,5.76,0.004662571471495536,4,1,Cell cycle(5.76x)
0x3621,2,245,33.6,7.3,245,23,77,Unclassified,0,1.0,0,0,
0x4DC4,2,386,52.8,7.3,386,62,153,Transcription,2.82,1.0776247847056066e-10,36,1,Transcription(2.82x)
0x862A,2,148,20.3,7.3,148,20,40,Cell adhesion,9.09,1.0419204914692038e-06,8,1,Cell adhesion(9.09x)
0x46E4,2,255,34.9,7.3,255,55,126,Transcription,4.15,7.7840353601647815e-25,47,1,Transcription(4.15x)
0x259D,2,2061,286.4,7.2,2061,283,779,Cytoskeleton,2.77,0.00085315530842405,13,4,Cytoskeleton(2.77x); Chromatin(2.48x); DNA repair(1.93x); GTPase(1.75x)
0xF623,2,122,17.0,7.2,122,21,46,Unclassified,0,1.0,0,0,
0xCA28,2,599,83.4,7.2,599,81,208,Cell adhesion,3.09,0.0007921622776693396,11,1,Cell adhesion(3.09x)
0x909D,2,584,80.7,7.2,584,141,292,Transcription,2.82,1.0190392360788541e-22,82,1,Transcription(2.82x)
0x35D9,2,250,34.9,7.2,250,27,71,Cell adhesion,4.21,0.005830263856826258,5,1,Cell adhesion(4.21x)
0x2E79,2,2063,287.3,7.2,2063,229,576,Cytoskeleton,3.69,2.6490097302938336e-05,14,3,Cytoskeleton(3.69x); Chromatin(3.19x); Nuc acid bind(1.72x)
0xBDF7,2,275,38.2,7.2,275,49,92,RNA processing,3.63,0.005807928939228426,6,2,RNA processing(3.63x); Nuc acid bind(2.47x)
0x20A2,2,2435,337.9,7.2,2435,280,751,Cytoskeleton,3.45,1.611648057606855e-05,16,3,Cytoskeleton(3.45x); Chromatin(3.01x); DNA repair(2.77x)
0x0828,2,748,103.9,7.2,748,116,264,DNA repair,4.71,1.6065320582032196e-08,19,4,DNA repair(4.71x); Chromatin(4.12x); Cytoskeleton(3.64x); RNA processing(2.81x)
0x6DB6,2,3497,487.1,7.2,3497,438,1020,Chromatin,2.83,3.363972782085351e-10,44,3,Chromatin(2.83x); RNA processing(1.89x); Nuc acid bind(1.57x)
0xDC99,2,245,33.8,7.2,245,45,108,Transcription,3.78,2.7189133691253545e-16,35,1,Transcription(3.78x)
0x1861,2,1486,205.1,7.2,1486,190,462,Chromatin,2.37,0.0012112616382881486,16,3,Chromatin(2.37x); Cell adhesion(2.15x); Transcription(1.53x)
0x5A2B,2,620,86.7,7.2,620,52,172,Structural,9.98,4.402607774223363e-08,10,1,Structural(9.98x)
0xD581,2,937,130.3,7.2,937,189,402,Unclassified,0,1.0,0,0,
0x98A9,2,398,54.9,7.2,398,52,131,Cytoskeleton,5.8,0.0016371197408844294,5,3,Cytoskeleton(5.8x); Cell adhesion(5.68x); Structural(4.99x)
0x7611,2,198,27.3,7.2,198,34,75,Unclassified,0,1.0,0,0,
0xA799,2,57,7.9,7.2,57,11,23,Unclassified,0,1.0,0,0,
0x0A23,2,116,16.2,7.2,116,16,41,Kinase,5.0,0.0007243329325150949,6,1,Kinase(5.0x)
0xA65F,2,91,12.7,7.2,91,16,39,Unclassified,0,1.0,0,0,
0x7413,2,87,12.1,7.2,87,11,31,Unclassified,0,1.0,0,0,
0xF5DA,2,208,29.3,7.1,208,29,64,Transcription,2.34,0.0007891298971763976,14,1,Transcription(2.34x)
0xD5AD,2,1984,281.1,7.1,1984,371,788,Unclassified,0,1.0,0,0,
0x7568,2,1501,211.2,7.1,1501,193,496,Unclassified,0,1.0,0,0,
0xD08D,2,705,99.9,7.1,705,126,286,DNA repair,2.97,0.0004310111141811817,13,1,DNA repair(2.97x)
0x082C,2,230,32.4,7.1,230,38,85,Chromatin,4.44,0.0020427480908271492,6,2,Chromatin(4.44x); Nuc acid bind(3.18x)
0x9F7D,2,1093,153.9,7.1,1093,149,323,Cell adhesion,2.9,2.7839195527529764e-05,19,4,Cell adhesion(2.9x); Structural(2.79x); Chromatin(2.64x); Nuc acid bind(1.83x)
0xC828,2,398,56.4,7.1,398,39,97,Cytoskeleton,7.73,0.0004313256593446085,5,1,Cytoskeleton(7.73x)
0xA425,2,250,35.0,7.1,250,36,87,Cytoskeleton,8.38,0.0002939826812664438,5,2,Cytoskeleton(8.38x); Transport(2.69x)
0xF6DF,2,389,55.1,7.1,389,49,145,Cell adhesion,3.25,0.005272681762122132,7,1,Cell adhesion(3.25x)
0x6C82,2,435,61.2,7.1,435,41,146,Kinase,3.58,0.000153175743511802,11,1,Kinase(3.58x)
0x34D9,2,130,18.4,7.1,130,10,47,Cell adhesion,9.09,0.0006280593993444833,4,1,Cell adhesion(9.09x)
0x769F,2,197,27.8,7.1,197,23,52,Chromatin,4.89,0.008146980378121166,4,1,Chromatin(4.89x)
0xA450,2,105,14.9,7.1,105,22,40,Cell adhesion,6.2,0.0002865496742474362,6,1,Cell adhesion(6.2x)
0x0810,2,94,13.3,7.1,94,22,48,Unclassified,0,1.0,0,0,
0xF61F,2,59,8.3,7.1,59,12,35,Kinase,4.45,0.009523669659142267,4,1,Kinase(4.45x)
0x6CB9,2,352,50.2,7.0,352,45,131,Cytoskeleton,5.36,0.006406344367442394,4,1,Cytoskeleton(5.36x)
0x2882,2,2818,401.3,7.0,2818,309,896,Cytoskeleton,3.9,1.8255427354575867e-07,20,3,Cytoskeleton(3.9x); Chromatin(2.73x); Nuc acid bind(1.66x)
0x7618,2,737,105.6,7.0,737,95,254,RNA processing,2.81,0.004676819305677532,9,1,RNA processing(2.81x)
0xB5D9,2,192,27.3,7.0,192,25,60,Methylation,6.7,0.009747769892346325,3,1,Methylation(6.7x)
0x5451,2,206,29.3,7.0,206,37,78,Ion channel,4.97,2.2074809603291795e-06,12,2,Ion channel(4.97x); Transport(2.9x)
0x5082,2,632,90.4,7.0,632,100,241,Chromatin,4.22,2.230188963313893e-06,15,2,Chromatin(4.22x); DNA repair(3.16x)
0x8288,2,378,53.9,7.0,378,62,172,Unclassified,0,1.0,0,0,
0x5B2B,2,376,54.1,7.0,376,34,114,Unclassified,0,1.0,0,0,
0xB625,2,601,85.3,7.0,601,72,195,Cell adhesion,3.16,0.001138539483561848,10,2,Cell adhesion(3.16x); Kinase(2.22x)
0x0967,2,195,27.7,7.0,195,27,86,Unclassified,0,1.0,0,0,
0x0821,2,123,17.5,7.0,123,26,64,Unclassified,0,1.0,0,0,
0x820B,2,189,26.9,7.0,189,31,85,Transcription,2.04,0.0056379734188311,13,1,Transcription(2.04x)
0x5B9F,2,174,25.0,7.0,174,19,57,Unclassified,0,1.0,0,0,
0xCB90,2,105,14.9,7.0,105,19,42,Unclassified,0,1.0,0,0,
0x1429,2,83,11.9,7.0,83,18,32,Unclassified,0,1.0,0,0,
0x0A5C,2,139,19.9,7.0,139,24,53,Transcription,2.63,0.00028985561279536214,13,1,Transcription(2.63x)
0x3790,2,123,17.6,7.0,123,19,50,Cell adhesion,7.18,0.00011661864385620991,6,2,Cell adhesion(7.18x); Signaling(2.4x)
0x99A4,2,215,30.7,7.0,215,65,133,Transcription,4.78,2.9646663797685562e-43,64,1,Transcription(4.78x)
0x28B9,2,2256,328.8,6.9,2256,219,638,Cytoskeleton,4.96,2.117793711433179e-08,18,5,Cytoskeleton(4.96x); RNA processing(2.44x); Chromatin(2.31x); Nuc acid bind(2.03x); DNA repair(1.97x)
0x5A20,2,1857,270.0,6.9,1857,178,579,Cytoskeleton,4.07,3.9243554314583055e-05,12,2,Cytoskeleton(4.07x); Chromatin(2.37x)
0x3410,2,77,11.1,6.9,77,13,34,Unclassified,0,1.0,0,0,
0xB4D1,2,65,9.4,6.9,65,10,25,Unclassified,0,1.0,0,0,
0xF5D9,2,190,27.5,6.9,190,34,69,Transcription,2.28,0.00048382675782001255,16,1,Transcription(2.28x)
0xDB6D,2,5419,781.5,6.9,5419,613,1597,Chromatin,2.57,4.3393139665207256e-11,56,3,Chromatin(2.57x); RNA processing(1.84x); Transcription(1.54x)
0xF5DC,2,243,35.5,6.9,243,35,86,Unclassified,0,1.0,0,0,
0x7617,2,700,100.9,6.9,700,93,220,Chromatin,3.93,2.3189393595324567e-05,13,1,Chromatin(3.93x)
0xE5D1,2,121,17.5,6.9,121,20,44,Unclassified,0,1.0,0,0,
0x3420,2,310,44.7,6.9,310,32,92,Unclassified,0,1.0,0,0,
0x94D9,2,164,23.8,6.9,164,31,74,Cell adhesion,10.27,1.1152719816458322e-11,14,1,Cell adhesion(10.27x)
0x1420,2,329,47.4,6.9,329,39,90,Unclassified,0,1.0,0,0,
0x1C81,2,117,17.0,6.9,117,15,46,Unclassified,0,1.0,0,0,
0x35D1,2,176,25.3,6.9,176,24,44,Kinase,3.34,0.0072630006422784235,6,1,Kinase(3.34x)
0x896F,2,97,14.0,6.9,97,13,42,Unclassified,0,1.0,0,0,
0x628A,2,4454,651.6,6.8,4454,553,1362,Cytoskeleton,3.16,2.7931024021509073e-08,29,3,Cytoskeleton(3.16x); Chromatin(3.0x); DNA repair(1.98x)
0xE42C,2,146,21.5,6.8,146,23,58,Unclassified,0,1.0,0,0,
0x79E7,2,863,126.3,6.8,863,106,298,RNA processing,4.47,4.6531007937996505e-07,16,4,RNA processing(4.47x); Chromatin(2.92x); Cell cycle(2.72x); Nuc acid bind(2.09x)
0xD5A9,2,1360,199.7,6.8,1360,246,542,Ion channel,1.87,0.0006655404340708109,30,3,Ion channel(1.87x); Transport(1.75x); Kinase(1.57x)
0x756A,2,327,47.8,6.8,327,36,105,Ion channel,2.98,0.007740812383810972,7,1,Ion channel(2.98x)
0x68A1,2,543,79.4,6.8,543,68,219,Cytoskeleton,5.32,0.0008907496571647634,6,3,Cytoskeleton(5.32x); Chromatin(4.14x); DNA repair(3.38x)
0x7425,2,628,92.2,6.8,628,69,191,Chromatin,4.08,0.00014958974467126245,10,2,Chromatin(4.08x); DNA repair(2.92x)
0x20BD,2,942,138.5,6.8,942,199,414,Transcription,3.37,1.171971538643692e-50,138,1,Transcription(3.37x)
0x082F,2,104,15.3,6.8,104,16,38,Chromatin,10.55,1.1484072174626255e-05,6,2,Chromatin(10.55x); Transcription(2.43x)
0xA698,2,264,38.6,6.8,264,39,94,Cell adhesion,3.5,0.006656939418708663,6,1,Cell adhesion(3.5x)
0xF7D0,2,247,36.5,6.8,247,50,86,Cell adhesion,4.09,0.0002857413414494815,9,2,Cell adhesion(4.09x); Kinase(2.67x)
0xC7D8,2,96,14.2,6.8,96,11,27,Unclassified,0,1.0,0,0,
0xA42E,2,91,13.4,6.8,91,21,35,Transcription,2.31,0.005043759812398364,10,1,Transcription(2.31x)
0x5E79,2,801,120.1,6.7,801,81,230,Unclassified,0,1.0,0,0,
0x5A2E,2,663,99.2,6.7,663,56,191,Unclassified,0,1.0,0,0,
0x1451,2,265,39.4,6.7,265,45,101,Unclassified,0,1.0,0,0,
0xF7D9,2,164,24.6,6.7,164,27,66,Kinase,3.95,0.0005904357222536934,8,1,Kinase(3.95x)
0x75D9,2,658,98.2,6.7,658,83,258,Transcription,1.58,0.007163893247722013,27,1,Transcription(1.58x)
0x6DB7,2,1098,163.2,6.7,1098,125,372,Chromatin,2.92,0.0004906648875101259,13,2,Chromatin(2.92x); Kinase(2.13x)
0x3421,2,98,14.6,6.7,98,15,32,Unclassified,0,1.0,0,0,
0x9D54,2,191,28.3,6.7,191,56,101,Transcription,3.64,2.8983003630329633e-18,42,1,Transcription(3.64x)
0x508D,2,356,53.4,6.7,356,50,130,Unclassified,0,1.0,0,0,
0x08D1,2,107,16.0,6.7,107,13,34,Ion channel,4.71,0.007998790472791728,4,1,Ion channel(4.71x)
0x0BDA,2,97,14.5,6.7,97,11,26,Unclassified,0,1.0,0,0,
0x6081,2,168,25.1,6.7,168,27,65,Unclassified,0,1.0,0,0,
0xA623,2,112,16.8,6.7,112,15,50,Unclassified,0,1.0,0,0,
0x856B,2,137,20.5,6.7,137,11,44,Unclassified,0,1.0,0,0,
0x04DC,2,71,10.6,6.7,71,12,34,Unclassified,0,1.0,0,0,
0x18A2,2,1241,187.5,6.6,1241,186,505,Chromatin,2.27,0.0026050204357382437,15,1,Chromatin(2.27x)
0x372C,2,199,30.1,6.6,199,26,49,Transcription,2.61,0.00018378663548955173,14,1,Transcription(2.61x)
0x74D8,2,762,115.8,6.6,762,96,230,Cell adhesion,2.6,0.0031940792705350807,11,1,Cell adhesion(2.6x)
0x0628,2,328,49.6,6.6,328,44,115,Unclassified,0,1.0,0,0,
0x10B1,2,84,12.8,6.6,84,10,41,Unclassified,0,1.0,0,0,
0x87D5,2,176,26.6,6.6,176,22,60,Unclassified,0,1.0,0,0,
0xDCA9,2,523,78.9,6.6,523,109,209,Transcription,1.6,0.00156813150258318,36,1,Transcription(1.6x)
0xC8D5,2,258,39.2,6.6,258,35,109,Unclassified,0,1.0,0,0,
0x60A1,2,314,47.9,6.6,314,38,124,Unclassified,0,1.0,0,0,
0x856C,2,304,46.1,6.6,304,41,126,Nuc acid bind,2.7,0.001673490865048562,11,1,Nuc acid bind(2.7x)
0x828B,2,237,36.0,6.6,237,35,99,Unclassified,0,1.0,0,0,
0x7429,2,158,24.1,6.6,158,18,49,Cytoskeleton,16.75,8.50722331936979e-06,5,1,Cytoskeleton(16.75x)
0x0BD5,2,293,44.4,6.6,293,68,124,Transcription,3.07,2.3674145706958337e-14,43,1,Transcription(3.07x)
0x9421,2,125,18.9,6.6,125,18,40,Kinase,3.71,0.008788173826235222,5,1,Kinase(3.71x)
0xB410,2,52,7.9,6.6,52,20,26,Unclassified,0,1.0,0,0,
0xE42B,2,76,11.5,6.6,76,16,33,Unclassified,0,1.0,0,0,
0x881C,2,79,12.1,6.6,79,11,35,Unclassified,0,1.0,0,0,
0x75D6,2,189,28.7,6.6,189,35,82,Unclassified,0,1.0,0,0,
0xB721,2,64,9.9,6.5,64,14,30,Unclassified,0,1.0,0,0,
0x8209,2,271,41.4,6.5,271,34,97,Unclassified,0,1.0,0,0,
0x7DB7,2,1268,194.5,6.5,1268,143,371,Cytoskeleton,4.22,0.00012943957061999214,10,2,Cytoskeleton(4.22x); Chromatin(3.15x)
0x9CB9,2,201,31.0,6.5,201,44,107,Chromatin,3.84,0.004368436428007734,6,1,Chromatin(3.84x)
0xB4D9,2,85,13.0,6.5,85,15,31,Unclassified,0,1.0,0,0,
0x1581,2,430,66.2,6.5,430,70,174,Unclassified,0,1.0,0,0,
0x74D5,2,839,129.4,6.5,839,116,285,Unclassified,0,1.0,0,0,
0x1F41,2,344,52.5,6.5,344,61,136,Unclassified,0,1.0,0,0,
0x4D64,2,262,40.5,6.5,262,40,107,Transcription,2.55,7.794269230326056e-06,21,1,Transcription(2.55x)
0xB629,2,146,22.3,6.5,146,24,50,Unclassified,0,1.0,0,0,
0xB621,2,190,29.1,6.5,190,29,76,Cell adhesion,3.92,0.007980136935445957,5,1,Cell adhesion(3.92x)
0xA5DA,2,351,54.3,6.5,351,56,126,Kinase,2.38,0.008007506492194234,10,1,Kinase(2.38x)
0x89D1,2,135,20.6,6.5,135,25,56,Unclassified,0,1.0,0,0,
0x0A11,2,63,9.8,6.5,63,17,33,Unclassified,0,1.0,0,0,
0x769C,2,243,37.3,6.5,243,43,93,Cytoskeleton,5.61,0.0054437171486752004,4,2,Cytoskeleton(5.61x); Transcription(1.92x)
0xE5DC,2,201,31.1,6.5,201,27,73,Unclassified,0,1.0,0,0,
0x3690,2,235,36.2,6.5,235,37,91,Unclassified,0,1.0,0,0,
0x042C,2,78,12.0,6.5,78,10,25,Unclassified,0,1.0,0,0,
0xBD54,2,92,14.1,6.5,92,23,55,Transcription,4.01,3.210914830997616e-10,19,1,Transcription(4.01x)
0x8B2C,2,178,27.4,6.5,178,21,66,Chromatin,6.7,0.000702807876893481,5,1,Chromatin(6.7x)
0xF629,2,114,17.7,6.5,114,19,40,Kinase,5.62,3.445900184564094e-05,8,1,Kinase(5.62x)
0x7613,2,155,23.7,6.5,155,13,47,Unclassified,0,1.0,0,0,
0xDE79,2,1686,262.4,6.4,1686,220,543,Cytoskeleton,3.56,7.346811380965526e-05,13,5,Cytoskeleton(3.56x); Chromatin(2.81x); RNA processing(2.16x); Nuc acid bind(2.06x); Kinase(1.7x)
0x3627,2,332,52.0,6.4,332,40,104,Unclassified,0,1.0,0,0,
0x7420,2,613,96.0,6.4,613,84,197,Chromatin,4.69,1.3333558487530565e-06,14,1,Chromatin(4.69x)
0x5963,2,368,57.8,6.4,368,53,149,Unclassified,0,1.0,0,0,
0x6E42,2,534,82.9,6.4,534,47,138,Unclassified,0,1.0,0,0,
0xE650,2,156,24.5,6.4,156,25,68,Phosphatase,10.7,0.00047610671284016516,4,1,Phosphatase(10.7x)
0x4114,2,356,56.0,6.4,356,49,122,Unclassified,0,1.0,0,0,
0x7697,2,916,142.2,6.4,916,136,280,Cytoskeleton,3.1,0.007438081932323475,7,3,Cytoskeleton(3.1x); Chromatin(2.9x); Cell adhesion(2.51x)
0xD5B9,2,1972,309.0,6.4,1972,291,736,Cell adhesion,2.11,0.00019844075742403745,27,2,Cell adhesion(2.11x); Kinase(1.6x)
0x5A2A,2,418,65.3,6.4,418,39,123,Structural,5.32,0.006489644673689923,4,1,Structural(5.32x)
0x0A2A,2,104,16.2,6.4,104,23,52,Methylation,7.28,0.007704808638859671,3,1,Methylation(7.28x)
0x77DC,2,417,64.8,6.4,417,73,158,Cytoskeleton,4.13,0.007163497943777282,5,3,Cytoskeleton(4.13x); Chromatin(3.47x); Transcription(2.19x)
0x34DB,2,166,25.9,6.4,166,25,60,Unclassified,0,1.0,0,0,
0xD0A9,2,577,89.5,6.4,577,93,198,Cell adhesion,2.69,0.002483860070526896,11,1,Cell adhesion(2.69x)
0x8B95,2,545,85.0,6.4,545,62,197,Unclassified,0,1.0,0,0,
0x742B,2,196,30.8,6.4,196,24,60,Unclassified,0,1.0,0,0,
0x762A,2,291,45.4,6.4,291,31,93,Chromatin,7.26,9.113638559151691e-06,8,1,Chromatin(7.26x)
0xA984,2,92,14.3,6.4,92,11,20,Unclassified,0,1.0,0,0,
0xA72C,2,108,16.9,6.4,108,19,34,Chromatin,5.92,0.003988469497452837,4,2,Chromatin(5.92x); Transcription(3.07x)
0x74DF,2,483,75.2,6.4,483,59,149,Chromatin,3.34,0.00471468985914011,7,2,Chromatin(3.34x); Transcription(2.72x)
0x5A10,2,429,67.2,6.4,429,49,131,Cytoskeleton,8.62,1.4573014242868392e-05,7,1,Cytoskeleton(8.62x)
0x908D,2,254,39.8,6.4,254,63,133,Unclassified,0,1.0,0,0,
0x3725,2,307,47.8,6.4,307,27,80,Unclassified,0,1.0,0,0,
0xF650,2,183,28.7,6.4,183,25,67,Transcription,2.33,0.0019848854653109205,12,1,Transcription(2.33x)
0x0697,2,124,19.4,6.4,124,27,42,Unclassified,0,1.0,0,0,
0x37D8,2,378,60.0,6.3,378,52,117,Cytoskeleton,6.96,0.00020612279196219568,6,1,Cytoskeleton(6.96x)
0xB9E6,2,356,56.7,6.3,356,42,101,Cytoskeleton,5.74,0.005000916495506975,4,2,Cytoskeleton(5.74x); Kinase(4.13x)
0xD082,2,1070,169.1,6.3,1070,175,430,Chromatin,3.54,2.4180468182375044e-07,22,4,Chromatin(3.54x); RNA processing(2.2x); DNA repair(2.14x); Nuc acid bind(2.13x)
0x20A9,2,725,114.8,6.3,725,99,242,Chromatin,4.26,1.958048848537665e-06,15,1,Chromatin(4.26x)
0x2E62,2,2608,412.6,6.3,2608,227,616,Cytoskeleton,3.19,0.00039136779010470795,12,2,Cytoskeleton(3.19x); Chromatin(2.23x)
0x8A2C,2,564,89.7,6.3,564,82,208,Cytoskeleton,4.41,0.0023557677727876316,6,3,Cytoskeleton(4.41x); DNA repair(2.8x); Chromatin(2.74x)
0x856F,2,123,19.5,6.3,123,13,43,Cell adhesion,6.99,0.001924368859962311,4,1,Cell adhesion(6.99x)
0x608D,2,270,43.0,6.3,270,47,132,Unclassified,0,1.0,0,0,
0x4D34,2,1232,195.3,6.3,1232,133,313,Cell adhesion,4.1,2.929227577175769e-09,24,2,Cell adhesion(4.1x); Phosphatase(3.52x)
0x769E,2,220,34.7,6.3,220,25,62,Nuc acid bind,3.23,0.0021169649638196784,8,1,Nuc acid bind(3.23x)
0x54D1,2,66,10.5,6.3,66,12,25,Unclassified,0,1.0,0,0,
0xE56A,2,74,11.7,6.3,74,14,36,RNA processing,10.59,6.612627544232562e-05,5,1,RNA processing(10.59x)
0xB4D5,2,266,42.5,6.3,266,51,115,Structural,6.11,0.0004149689445905926,6,4,Structural(6.11x); Cytoskeleton(5.91x); Transport(3.16x); Cell adhesion(3.12x)
0x5CA9,2,209,33.4,6.3,209,31,66,Cell adhesion,5.87,4.253040853203604e-05,8,1,Cell adhesion(5.87x)
0xA725,2,170,26.9,6.3,170,28,64,Unclassified,0,1.0,0,0,
0x9C9D,2,287,45.4,6.3,287,46,109,Unclassified,0,1.0,0,0,
0x8657,2,286,45.7,6.3,286,27,93,Unclassified,0,1.0,0,0,
0xF5D3,2,164,26.2,6.3,164,25,70,Transcription,2.72,0.00010457754856039336,14,1,Transcription(2.72x)
0xF4DC,2,91,14.5,6.3,91,10,32,Unclassified,0,1.0,0,0,
0x2B62,2,2512,403.1,6.2,2512,227,674,Cytoskeleton,5.31,9.76521317556327e-10,20,4,Cytoskeleton(5.31x); Structural(3.2x); Chromatin(2.35x); Nuc acid bind(1.51x)
0x5820,2,1337,217.0,6.2,1337,186,467,Cytoskeleton,3.89,6.030351161990793e-05,12,5,Cytoskeleton(3.89x); Methylation(2.7x); Structural(2.51x); Chromatin(2.12x); Kinase(1.72x)
0x79E5,2,1163,186.1,6.2,1163,159,390,RNA processing,2.8,0.00030566378407091536,15,2,RNA processing(2.8x); Nuc acid bind(1.65x)
0xE5D7,2,468,76.1,6.2,468,68,172,Unclassified,0,1.0,0,0,
0xCB2A,2,63,10.2,6.2,63,15,25,Transcription,2.59,0.005098754495182751,8,1,Transcription(2.59x)
0x6B6D,2,742,118.8,6.2,742,117,268,Unclassified,0,1.0,0,0,
0xA691,2,140,22.5,6.2,140,27,52,Ion channel,3.4,0.0068631158872101035,6,1,Ion channel(3.4x)
0x3628,2,1227,199.1,6.2,1227,153,378,Chromatin,2.39,0.0031430647031677667,13,2,Chromatin(2.39x); Nuc acid bind(1.71x)
0x6E79,2,548,88.6,6.2,548,76,201,Cytoskeleton,5.56,0.0002547904386031282,7,1,Cytoskeleton(5.56x)
0x74D7,2,769,124.8,6.2,769,94,250,Chromatin,3.29,0.00048438177766709997,11,3,Chromatin(3.29x); Transcription(2.01x); Kinase(1.99x)
0x2CAD,2,602,96.5,6.2,602,89,214,Chromatin,3.79,6.856024341538753e-05,12,3,Chromatin(3.79x); DNA repair(3.55x); Transcription(1.69x)
0x356A,2,105,17.0,6.2,105,21,51,Signaling,2.41,0.003695933020255277,10,1,Signaling(2.41x)
0x6CB1,2,69,11.1,6.2,69,12,32,Apoptosis,8.44,0.004638661329870819,3,2,Apoptosis(8.44x); Kinase(4.45x)
0x37D9,2,128,20.5,6.2,128,27,59,Unclassified,0,1.0,0,0,
0x4208,2,932,149.4,6.2,932,161,366,Chromatin,3.84,5.379703262699283e-08,22,3,Chromatin(3.84x); Methylation(3.12x); Nuc acid bind(2.07x)
0x8621,2,169,27.5,6.2,169,20,51,Ion channel,3.83,0.00795173501808048,5,1,Ion channel(3.83x)
0xE799,2,64,10.4,6.2,64,12,31,Nuc acid bind,5.04,0.0005126088234918899,6,1,Nuc acid bind(5.04x)
0x1C46,2,147,23.8,6.2,147,30,73,Transcription,4.69,2.6070074984041586e-19,29,1,Transcription(4.69x)
0x7411,2,86,14.0,6.2,86,19,40,Unclassified,0,1.0,0,0,
0x8425,2,151,24.7,6.1,151,38,67,Unclassified,0,1.0,0,0,
0x89D8,2,510,83.2,6.1,510,76,215,Unclassified,0,1.0,0,0,
0x10A1,2,285,46.5,6.1,285,72,140,Cell adhesion,3.16,0.001138539483561848,10,1,Cell adhesion(3.16x)
0x20B9,2,1083,177.7,6.1,1083,171,391,Chromatin,3.62,1.6018675613483856e-07,22,5,Chromatin(3.62x); Cytoskeleton(2.82x); DNA repair(2.69x); RNA processing(2.43x); Nuc acid bind(2.0x)
0xF560,2,242,40.0,6.1,242,36,88,Unclassified,0,1.0,0,0,
0x8827,2,203,33.3,6.1,203,25,77,Cytoskeleton,9.65,0.0007032918982012343,4,3,Cytoskeleton(9.65x); Chromatin(5.62x); Transcription(2.33x)
0xD09D,2,1244,202.7,6.1,1244,185,427,Cytoskeleton,3.26,0.0010090129653941649,10,2,Cytoskeleton(3.26x); Cell cycle(2.33x)
0xF727,2,185,30.2,6.1,185,26,52,Unclassified,0,1.0,0,0,
0xB653,2,108,17.7,6.1,108,23,48,Unclassified,0,1.0,0,0,
0xA69C,2,84,13.9,6.1,84,26,49,Transcription,2.43,0.0007973603959436036,13,1,Transcription(2.43x)
0x7698,2,635,104.1,6.1,635,103,244,Cell adhesion,3.09,0.0001578619082872253,14,2,Cell adhesion(3.09x); Transcription(1.56x)
0xCBDC,2,137,22.5,6.1,137,23,39,Unclassified,0,1.0,0,0,
0xDCAD,2,673,111.0,6.1,673,121,266,Chromatin,2.56,0.0038224672165720736,11,2,Chromatin(2.56x); Transcription(1.77x)
0xCB27,2,130,21.4,6.1,130,15,38,Unclassified,0,1.0,0,0,
0x0829,2,82,13.5,6.1,82,13,39,Unclassified,0,1.0,0,0,
0x6C8D,2,222,36.2,6.1,222,36,86,Methylation,6.2,0.003759486524107041,4,1,Methylation(6.2x)
0xCA50,2,107,17.6,6.1,107,11,39,Unclassified,0,1.0,0,0,
0xA4DA,2,98,16.0,6.1,98,16,34,Cell adhesion,5.68,0.004410320388517912,4,1,Cell adhesion(5.68x)
0x2442,2,236,38.8,6.1,236,35,72,Unclassified,0,1.0,0,0,
0x5C46,2,185,30.5,6.1,185,41,85,Transcription,4.62,6.9204673446296035e-25,39,1,Transcription(4.62x)
0x741C,2,108,17.6,6.1,108,16,40,Transcription,2.43,0.00837540827888861,8,1,Transcription(2.43x)
0x2596,2,3743,624.5,6.0,3743,486,1302,Cytoskeleton,2.36,0.00043674195258741686,19,4,Cytoskeleton(2.36x); Chromatin(1.91x); Cell cycle(1.78x); Kinase(1.59x)
0xD8A1,2,1312,218.4,6.0,1312,223,526,DNA repair,2.71,3.238085862261567e-05,21,3,DNA repair(2.71x); Cytoskeleton(2.7x); Kinase(1.85x)
0xD8A2,2,3123,517.2,6.0,3123,441,1115,Cell cycle,2.28,3.7784282140690696e-05,28,2,Cell cycle(2.28x); Cytoskeleton(2.19x)
0x9A42,2,898,149.1,6.0,898,188,399,Transcription,3.8,1.5573827883119616e-65,147,1,Transcription(3.8x)
0x6186,2,1832,305.0,6.0,1832,241,561,Chromatin,2.8,4.905953007414239e-06,24,3,Chromatin(2.8x); Cell adhesion(2.17x); Nuc acid bind(2.01x)
0x85D8,2,690,115.6,6.0,690,106,262,Chromatin,3.71,2.183410725878308e-05,14,3,Chromatin(3.71x); DNA repair(2.71x); Cell adhesion(2.36x)
0x72C9,2,622,103.9,6.0,622,99,219,Chromatin,2.84,0.002670597919799649,10,2,Chromatin(2.84x); Transcription(2.4x)
0x8A50,2,367,60.7,6.0,367,51,128,Unclassified,0,1.0,0,0,
0x8428,2,300,49.9,6.0,300,55,117,Unclassified,0,1.0,0,0,
0x9599,2,350,58.4,6.0,350,46,141,Unclassified,0,1.0,0,0,
0xE410,2,53,8.9,6.0,53,13,25,Phosphatase,15.43,0.000839886035901963,3,1,Phosphatase(15.43x)
0x896A,2,83,13.8,6.0,83,26,41,Unclassified,0,1.0,0,0,
0x208D,2,770,128.2,6.0,770,95,277,Cytoskeleton,3.81,0.0049031300281210605,6,1,Cytoskeleton(3.81x)
0x956C,2,603,99.8,6.0,603,65,227,Kinase,3.49,3.798107582345527e-06,17,1,Kinase(3.49x)
0x7623,2,274,45.4,6.0,274,22,81,Cytoskeleton,8.22,0.005471202351967714,3,1,Cytoskeleton(8.22x)
0xA905,2,88,14.7,6.0,88,12,22,Transcription,2.83,0.004623100393764415,7,1,Transcription(2.83x)
0x6C9D,2,439,73.4,6.0,439,54,188,Unclassified,0,1.0,0,0,
0xB5DE,2,103,17.1,6.0,103,10,30,Unclassified,0,1.0,0,0,
0x8698,2,278,46.5,6.0,278,59,119,Cell adhesion,4.24,4.3688932322913356e-05,11,1,Cell adhesion(4.24x)
0xB2C8,2,117,19.6,6.0,117,23,56,Transcription,2.32,0.0031593391732717972,11,1,Transcription(2.32x)
0xC725,2,68,11.3,6.0,68,10,21,Unclassified,0,1.0,0,0,
0x84D8,2,186,31.0,6.0,186,27,68,Kinase,3.95,0.0005904357222536934,8,1,Kinase(3.95x)
0x37DB,2,173,28.9,6.0,173,25,77,Cytoskeleton,7.24,0.007879807675763583,3,2,Cytoskeleton(7.24x); Chromatin(5.62x)
0x885C,2,117,19.5,6.0,117,11,51,Cell cycle,9.81,0.002970592767415828,3,1,Cell cycle(9.81x)
0xA289,2,531,90.1,5.9,531,77,227,Unclassified,0,1.0,0,0,
0x76DA,2,487,82.4,5.9,487,57,288,Phosphatase,5.87,0.0015683527176395444,5,1,Phosphatase(5.87x)
0x3425,2,254,42.9,5.9,254,26,85,Unclassified,0,1.0,0,0,
0x2E42,2,1572,268.7,5.9,1572,228,530,Chromatin,4.81,1.4282381933699813e-16,39,3,Chromatin(4.81x); DNA repair(2.27x); Nuc acid bind(2.12x)
0x5A28,2,3114,523.6,5.9,3114,304,882,Cytoskeleton,3.37,1.1493796555612216e-05,17,5,Cytoskeleton(3.37x); Cell cycle(2.49x); Chromatin(2.41x); DNA repair(1.99x); Kinase(1.54x)
0x25A9,2,752,126.5,5.9,752,94,256,GTPase,2.63,0.0029404053509850875,11,2,GTPase(2.63x); Transport(2.4x)
0x25A1,2,930,157.2,5.9,930,101,329,Chromatin,3.62,5.639493110582392e-05,13,3,Chromatin(3.62x); Cytoskeleton(3.58x); DNA repair(2.85x)
0xD34D,2,2435,412.8,5.9,2435,269,643,Cell adhesion,2.54,2.462691900075271e-06,30,2,Cell adhesion(2.54x); Chromatin(2.2x)
0x50A1,2,351,59.5,5.9,351,68,175,Unclassified,0,1.0,0,0,
0x3798,2,162,27.6,5.9,162,17,67,Transcription,2.57,0.0031688689493179815,9,1,Transcription(2.57x)
0xB457,2,102,17.2,5.9,102,24,44,DNA repair,4.79,0.008818416348839307,4,1,DNA repair(4.79x)
0x7723,2,175,29.4,5.9,175,25,65,Phosphatase,8.03,0.00592304633368872,3,1,Phosphatase(8.03x)
0x582B,2,410,69.7,5.9,410,46,121,DNA repair,3.75,0.0049162694533717004,6,1,DNA repair(3.75x)
0x0A98,2,221,37.2,5.9,221,29,71,Cell adhesion,7.84,2.3199907052508213e-07,10,1,Cell adhesion(7.84x)
0x5A18,2,895,152.0,5.9,895,107,299,Ion channel,2.58,0.0001765362206578226,18,2,Ion channel(2.58x); Transport(1.81x)
0x7DF4,2,1168,198.5,5.9,1168,151,333,Nuc acid bind,1.87,0.00081395156344614,28,2,Nuc acid bind(1.87x); Kinase(1.77x)
0xF5D0,2,242,40.8,5.9,242,43,95,Unclassified,0,1.0,0,0,
0x7650,2,454,76.7,5.9,454,63,165,Cell adhesion,5.05,4.299183889447088e-07,14,1,Cell adhesion(5.05x)
0xF420,2,160,27.3,5.9,160,31,81,Methylation,9.0,0.00020393527485805692,5,3,Methylation(9.0x); Chromatin(8.17x); Transcription(2.35x)
0x882C,2,234,39.7,5.9,234,30,101,GTPase,3.75,0.009656697202985835,5,1,GTPase(3.75x)
0x9C81,2,77,13.1,5.9,77,20,39,Cell adhesion,10.23,6.218893344260419e-08,9,1,Cell adhesion(10.23x)
0x1CA9,2,153,26.0,5.9,153,35,74,Nuc acid bind,2.59,0.0058932983519660136,9,1,Nuc acid bind(2.59x)
0xB5DB,2,228,38.5,5.9,228,28,78,Unclassified,0,1.0,0,0,
0xB2C9,2,164,27.7,5.9,164,28,56,Immune,3.49,0.006134824414223955,6,2,Immune(3.49x); Transcription(2.25x)
0x05D7,2,226,38.3,5.9,226,38,105,Unclassified,0,1.0,0,0,
0x5CB1,2,67,11.4,5.9,67,14,26,Unclassified,0,1.0,0,0,
0xB61F,2,61,10.5,5.8,61,10,28,Kinase,5.34,0.004559388050958186,4,1,Kinase(5.34x)
0x7628,2,2123,364.0,5.8,2123,263,633,Chromatin,3.85,2.4587541790565242e-12,36,3,Chromatin(3.85x); Cytoskeleton(2.75x); DNA repair(2.19x)
0x2942,2,1162,201.1,5.8,1162,157,396,Cytoskeleton,3.46,0.0011929008288951858,9,3,Cytoskeleton(3.46x); Chromatin(3.22x); Cell adhesion(2.32x)
0x2081,2,432,74.9,5.8,432,68,141,Unclassified,0,1.0,0,0,
0x5A2C,2,946,163.1,5.8,946,84,264,Structural,3.71,0.005548371362334718,6,4,Structural(3.71x); Chromatin(3.01x); Cell cycle(3.0x); Kinase(2.54x)
0x0BD0,2,117,20.1,5.8,117,26,60,Chromatin,6.49,0.00024411334693143935,6,1,Chromatin(6.49x)
0x2CA2,2,1170,201.7,5.8,1170,136,382,Cytoskeleton,5.32,2.5139884041000056e-06,12,2,Cytoskeleton(5.32x); Chromatin(2.27x)
0x8650,2,200,34.3,5.8,200,41,87,Cell adhesion,6.65,1.1223553921366419e-07,12,2,Cell adhesion(6.65x); Cytoskeleton(5.88x)
0x6CBD,2,225,39.1,5.8,225,27,66,Unclassified,0,1.0,0,0,
0x25BD,2,887,152.6,5.8,887,116,273,Chromatin,2.91,0.0008403911510381205,12,3,Chromatin(2.91x); DNA repair(2.73x); Nuc acid bind(1.91x)
0x77D0,2,431,74.4,5.8,431,65,151,Transcription,1.87,0.0007024166323995842,25,1,Transcription(1.87x)
0xB62E,2,190,32.7,5.8,190,22,62,Cytoskeleton,10.97,0.0004227673405585103,4,2,Cytoskeleton(10.97x); Cell cycle(6.54x)
0x5CB9,2,299,51.7,5.8,299,45,118,Unclassified,0,1.0,0,0,
0x3427,2,131,22.7,5.8,131,20,44,Ubiquitin,5.23,0.006271345902859676,4,1,Ubiquitin(5.23x)
0x7721,2,232,39.9,5.8,232,29,86,Chromatin,4.85,0.003247279782750745,5,1,Chromatin(4.85x)
0x361B,2,105,18.0,5.8,105,13,31,Unclassified,0,1.0,0,0,
0x5B93,2,99,17.1,5.8,99,13,51,Unclassified,0,1.0,0,0,
0xE628,2,669,116.2,5.8,669,64,195,Cytoskeleton,4.71,0.004095648194971851,5,2,Cytoskeleton(4.71x); Nuc acid bind(2.36x)
0x7629,2,272,47.1,5.8,272,33,91,Chromatin,4.26,0.00577833270208938,5,1,Chromatin(4.26x)
0x1C9D,2,342,58.8,5.8,342,44,137,Unclassified,0,1.0,0,0,
0xE62C,2,209,36.2,5.8,209,34,70,Unclassified,0,1.0,0,0,
0x0657,2,81,13.9,5.8,81,16,28,Cell adhesion,8.52,3.8532893343902606e-05,6,1,Cell adhesion(8.52x)
0xBDA7,2,116,20.0,5.8,116,15,36,Unclassified,0,1.0,0,0,
0x2362,2,1752,308.9,5.7,1752,183,503,Chromatin,3.69,2.9734512937893326e-08,24,4,Chromatin(3.69x); Cytoskeleton(3.3x); Methylation(3.05x); Cell adhesion(1.99x)
0xA20A,2,621,108.2,5.7,621,84,249,Cytoskeleton,4.31,0.002661472680321104,6,1,Cytoskeleton(4.31x)
0x9B6D,2,801,140.3,5.7,801,117,297,Cell adhesion,2.33,0.005286521654542904,12,2,Cell adhesion(2.33x); Ion channel(1.96x)
0xD5A1,2,1409,248.1,5.7,1409,252,557,Cell adhesion,2.53,5.750649863033874e-06,28,3,Cell adhesion(2.53x); Chromatin(2.01x); Kinase(1.59x)
0x7653,2,214,37.5,5.7,214,32,99,Unclassified,0,1.0,0,0,
0x6E62,2,730,127.3,5.7,730,84,241,Cell cycle,3.85,0.0005180989277523411,9,2,Cell cycle(3.85x); GTPase(2.68x)
0xB428,2,348,61.2,5.7,348,48,123,Cytoskeleton,5.03,0.008051929980511954,4,1,Cytoskeleton(5.03x)
0x77D1,2,208,36.4,5.7,208,31,58,Cytoskeleton,9.73,0.00014167426055937494,5,1,Cytoskeleton(9.73x)
0x258D,2,802,141.2,5.7,802,93,291,Cytoskeleton,3.89,0.004418137869717806,6,3,Cytoskeleton(3.89x); Cell adhesion(3.18x); Cell cycle(3.09x)
0x9568,2,1052,183.8,5.7,1052,154,365,Cell adhesion,2.36,0.0012049384094265701,16,2,Cell adhesion(2.36x); Kinase(1.82x)
0x90A9,2,202,35.6,5.7,202,56,109,Kinase,2.62,0.0025721245313426273,11,2,Kinase(2.62x); Transcription(1.73x)
0x68AD,2,509,89.9,5.7,509,57,186,Chromatin,3.45,0.0038815824634893387,7,1,Chromatin(3.45x)
0x7266,2,325,57.4,5.7,325,76,176,Transcription,4.02,2.450838504199239e-31,63,1,Transcription(4.02x)
0x596E,2,423,73.6,5.7,423,72,183,Unclassified,0,1.0,0,0,
0x0720,2,84,14.6,5.7,84,11,27,Unclassified,0,1.0,0,0,
0x1CB9,2,231,40.2,5.7,231,42,98,Transcription,2.66,1.0869654997830189e-06,23,1,Transcription(2.66x)
0x1CA1,2,184,32.3,5.7,184,27,64,Unclassified,0,1.0,0,0,
0xD451,2,148,26.0,5.7,148,21,44,Unclassified,0,1.0,0,0,
0x0425,2,109,19.1,5.7,109,15,48,Unclassified,0,1.0,0,0,
0x869E,2,89,15.5,5.7,89,10,40,Cell adhesion,6.82,0.008051696227775518,3,1,Cell adhesion(6.82x)
0x741A,2,184,32.1,5.7,184,29,54,Cell adhesion,4.7,0.0014043701128571406,6,1,Cell adhesion(4.7x)
0x09D1,2,87,15.2,5.7,87,21,40,Ion channel,4.38,0.001758290678978713,6,1,Ion channel(4.38x)
0x2C81,2,255,44.7,5.7,255,38,84,Cell adhesion,4.19,0.0011737685326027418,7,1,Cell adhesion(4.19x)
0xF723,2,82,14.4,5.7,82,16,31,Chromatin,8.79,0.0001747178900933633,5,2,Chromatin(8.79x); Transcription(2.43x)
0xB4DB,2,105,18.3,5.7,105,17,33,Unclassified,0,1.0,0,0,
0x165C,2,72,12.6,5.7,72,10,19,Unclassified,0,1.0,0,0,
0x5828,2,2347,420.8,5.6,2347,223,651,Chromatin,3.15,3.417429166282394e-07,25,3,Chromatin(3.15x); Cell cycle(2.58x); Ubiquitin(2.23x)
0x77D8,2,820,146.8,5.6,820,104,283,Cytoskeleton,5.22,5.476876869333825e-05,9,2,Cytoskeleton(5.22x); Chromatin(2.97x)
0x8B28,2,492,87.9,5.6,492,48,154,Cytoskeleton,6.28,0.0011375966762977728,5,2,Cytoskeleton(6.28x); Chromatin(3.52x)
0x9D75,2,1333,236.9,5.6,1333,184,425,Chromatin,2.45,0.0008603405438562361,16,2,Chromatin(2.45x); Transcription(1.95x)
0x6289,2,1666,296.7,5.6,1666,197,554,Chromatin,2.57,0.00022690495075015322,18,1,Chromatin(2.57x)
0xD8AD,2,1380,247.4,5.6,1380,224,543,Cell adhesion,2.03,0.0020673659076973494,20,3,Cell adhesion(2.03x); Chromatin(2.01x); Kinase(1.61x)
0x6909,2,1353,242.3,5.6,1353,196,571,Transcription,2.75,5.943311324541439e-29,111,1,Transcription(2.75x)
0x8A27,2,424,75.2,5.6,424,42,130,Unclassified,0,1.0,0,0,
0xF5DB,2,215,38.7,5.6,215,44,98,Unclassified,0,1.0,0,0,
0x7207,2,203,36.5,5.6,203,31,62,Transcription,2.04,0.0056379734188311,13,1,Transcription(2.04x)
0xB69C,2,99,17.7,5.6,99,23,49,Unclassified,0,1.0,0,0,
0xB790,2,60,10.6,5.6,60,19,40,Unclassified,0,1.0,0,0,
0xF5D5,2,500,89.9,5.6,500,100,202,Cell adhesion,2.73,0.0014171476362792763,12,1,Cell adhesion(2.73x)
0x85DA,2,236,42.1,5.6,236,39,112,Cell adhesion,7.58,5.5593554416225574e-09,13,1,Cell adhesion(7.58x)
0x8A2F,2,236,42.3,5.6,236,29,83,Chromatin,5.82,0.0004602181494200488,6,1,Chromatin(5.82x)
0x762F,2,300,53.5,5.6,300,33,78,Unclassified,0,1.0,0,0,
0xA45C,2,61,10.8,5.6,61,11,20,Unclassified,0,1.0,0,0,
0xA415,2,203,36.0,5.6,203,41,68,Transcription,2.49,1.2891795860184276e-05,21,1,Transcription(2.49x)
0x3623,2,140,24.8,5.6,140,13,41,Unclassified,0,1.0,0,0,
0x2A42,2,1042,188.6,5.5,1042,140,313,Chromatin,4.82,1.1685868927023074e-10,24,4,Chromatin(4.82x); Methylation(4.38x); DNA repair(2.46x); Cell adhesion(2.11x)
0x28AD,2,1635,299.0,5.5,1635,228,582,Cell cycle,3.16,5.391116922550823e-06,20,5,Cell cycle(3.16x); Cytoskeleton(2.91x); Structural(2.73x); DNA repair(2.52x); Nuc acid bind(1.55x)
0x2B72,2,1247,225.1,5.5,1247,119,340,Chromatin,3.78,4.488130742211947e-06,16,2,Chromatin(3.78x); Transcription(1.63x)
0xA6DA,2,169,30.6,5.5,169,42,75,Structural,4.94,0.008445434580712603,4,1,Structural(4.94x)
0x8114,2,54,9.8,5.5,54,11,21,Unclassified,0,1.0,0,0,
0x5CA1,2,230,41.5,5.5,230,39,78,Unclassified,0,1.0,0,0,
0x2C96,2,1847,338.4,5.5,1847,211,586,Cytoskeleton,3.14,0.000767377124385901,11,4,Cytoskeleton(3.14x); Chromatin(3.07x); Transcription(1.56x); Nuc acid bind(1.53x)
0xD8BD,2,1158,212.0,5.5,1158,168,392,Cytoskeleton,3.23,0.001909295458750363,9,3,Cytoskeleton(3.23x); Chromatin(2.68x); Kinase(2.54x)
0x68B2,2,523,94.4,5.5,523,55,170,Unclassified,0,1.0,0,0,
0x362F,2,162,29.2,5.5,162,23,57,Unclassified,0,1.0,0,0,
0xB6D5,2,658,119.7,5.5,658,101,275,Unclassified,0,1.0,0,0,
0x37DA,2,120,21.8,5.5,120,23,39,Unclassified,0,1.0,0,0,
0x8A98,2,456,82.4,5.5,456,72,141,Unclassified,0,1.0,0,0,
0xF7D5,2,446,80.4,5.5,446,62,150,Unclassified,0,1.0,0,0,
0xA629,2,97,17.5,5.5,97,13,37,Cell adhesion,10.49,9.246212908384891e-06,6,1,Cell adhesion(10.49x)
0xE62A,2,79,14.5,5.5,79,14,27,Unclassified,0,1.0,0,0,
0x35DC,2,247,45.1,5.5,247,36,85,Unclassified,0,1.0,0,0,
0x362A,2,137,24.8,5.5,137,11,43,Unclassified,0,1.0,0,0,
0x4144,2,106,19.4,5.5,106,18,37,Unclassified,0,1.0,0,0,
0x34D1,2,73,13.4,5.5,73,18,33,Unclassified,0,1.0,0,0,
0x0B2E,2,66,12.1,5.5,66,13,43,Unclassified,0,1.0,0,0,
0x899A,2,114,20.7,5.5,114,37,64,Transcription,4.86,3.1802293943932595e-26,37,1,Transcription(4.86x)
0x0625,2,132,24.5,5.4,132,14,39,Unclassified,0,1.0,0,0,
0x7DF5,2,2017,372.0,5.4,2017,222,545,Chromatin,3.29,8.203010979815471e-08,26,3,Chromatin(3.29x); Cytoskeleton(2.72x); Transcription(1.66x)
0x50A2,2,761,140.9,5.4,761,124,323,DNA repair,2.55,0.003913105367505276,11,3,DNA repair(2.55x); Chromatin(2.49x); Cell adhesion(2.2x)
0x90AD,2,271,50.2,5.4,271,49,120,Chromatin,5.74,6.807756202893528e-06,10,2,Chromatin(5.74x); Transcription(1.88x)
0x35D8,2,556,102.2,5.4,556,78,181,Unclassified,0,1.0,0,0,
0x41A7,2,314,58.3,5.4,314,35,75,Cell adhesion,5.2,0.00010866360196850109,8,2,Cell adhesion(5.2x); Chromatin(4.02x)
0x7DF6,2,2744,509.9,5.4,2744,342,781,Cell adhesion,2.99,3.002619500619449e-11,45,3,Cell adhesion(2.99x); Chromatin(2.71x); Nuc acid bind(1.53x)
0x20AD,2,870,161.6,5.4,870,130,348,Cytoskeleton,4.64,5.808977489968546e-05,10,4,Cytoskeleton(4.64x); Chromatin(4.33x); DNA repair(2.43x); Nuc acid bind(2.09x)
0xB5D7,2,466,86.2,5.4,466,85,191,Transcription,1.77,0.0005085204514170853,31,1,Transcription(1.77x)
0x2CA9,2,371,68.6,5.4,371,61,118,Unclassified,0,1.0,0,0,
0x6620,2,150,27.7,5.4,150,24,51,Transcription,2.63,0.00028985561279536214,13,1,Transcription(2.63x)
0xA610,2,94,17.3,5.4,94,19,37,Transcription,2.3,0.008080986880772429,9,1,Transcription(2.3x)
0x10BD,2,246,45.1,5.4,246,34,88,Unclassified,0,1.0,0,0,
0x5C82,2,339,63.0,5.4,339,54,137,Cytoskeleton,6.7,0.0002544359403482004,6,1,Cytoskeleton(6.7x)
0x69A6,2,2405,446.1,5.4,2405,407,763,Structural,2.17,0.0022257389333237014,17,4,Structural(2.17x); Nuc acid bind(2.11x); Chromatin(2.07x); Cell adhesion(1.9x)
0x5A27,2,737,136.7,5.4,737,71,205,Cytoskeleton,5.1,0.0011188887901617628,6,2,Cytoskeleton(5.1x); Kinase(2.44x)
0xE5D0,2,193,35.8,5.4,193,37,78,Unclassified,0,1.0,0,0,
0xA56B,2,144,26.5,5.4,144,24,57,Unclassified,0,1.0,0,0,
0x942B,2,100,18.5,5.4,100,11,44,Unclassified,0,1.0,0,0,
0x2445,2,177,33.0,5.4,177,19,54,Unclassified,0,1.0,0,0,
0xC9D5,2,332,61.0,5.4,332,59,130,Unclassified,0,1.0,0,0,
0x420B,2,524,97.2,5.4,524,86,191,Chromatin,4.58,1.7873415717431805e-06,14,2,Chromatin(4.58x); DNA repair(2.67x)
0xB62A,2,116,21.5,5.4,116,19,41,Cell adhesion,4.79,0.008460965515330184,4,1,Cell adhesion(4.79x)
0x1F71,2,178,33.1,5.4,178,22,49,Transcription,2.65,0.00045778915744899325,12,1,Transcription(2.65x)
0x90BD,2,232,43.0,5.4,232,39,77,Cell adhesion,4.08,0.0013773012609997102,7,1,Cell adhesion(4.08x)
0xC827,2,80,14.7,5.4,80,11,26,Transcription,3.09,0.0023410507193006498,7,1,Transcription(3.09x)
0xE566,2,88,16.3,5.4,88,15,32,Nuc acid bind,4.03,0.0021380517987646085,6,1,Nuc acid bind(4.03x)
0xCADC,2,124,22.9,5.4,124,24,42,Transcription,2.83,5.67465181995168e-05,14,1,Transcription(2.83x)
0xCA18,2,131,24.2,5.4,131,18,53,Unclassified,0,1.0,0,0,
0x741E,2,54,10.1,5.4,54,10,17,Unclassified,0,1.0,0,0,
0x0BDB,2,103,19.1,5.4,103,11,36,DNA repair,7.84,0.005595226175285792,3,1,DNA repair(7.84x)
0xBDCB,2,116,21.6,5.4,116,17,28,Kinase,3.92,0.0067566719580344345,5,1,Kinase(3.92x)
0xE610,2,80,14.9,5.4,80,13,33,Unclassified,0,1.0,0,0,
0x1C8D,2,158,29.0,5.4,158,21,77,Unclassified,0,1.0,0,0,
0xF69A,2,114,21.1,5.4,114,16,41,Unclassified,0,1.0,0,0,
0x3553,2,92,16.9,5.4,92,13,29,Immune,5.02,0.006421066779410298,4,1,Immune(5.02x)
0x71C5,2,99,18.4,5.4,99,14,28,Unclassified,0,1.0,0,0,
0x2372,2,917,172.5,5.3,917,100,262,Chromatin,5.34,1.75687720633201e-09,19,3,Chromatin(5.34x); Methylation(4.46x); Transcription(2.18x)
0xB628,2,910,172.3,5.3,910,111,302,Cytoskeleton,3.8,0.002440027298261004,7,2,Cytoskeleton(3.8x); Nuc acid bind(2.0x)
0xD88D,2,1043,196.2,5.3,1043,147,382,Unclassified,0,1.0,0,0,
0x2962,2,1622,308.8,5.3,1622,200,514,Chromatin,2.53,0.0002736198669576827,18,1,Chromatin(2.53x)
0x50A9,2,254,47.9,5.3,254,46,108,Nuc acid bind,2.63,0.0013641653078232767,12,1,Nuc acid bind(2.63x)
0x8810,2,86,16.4,5.3,86,17,44,Unclassified,0,1.0,0,0,
0xF4D8,2,175,33.0,5.3,175,38,70,Unclassified,0,1.0,0,0,
0xD0AD,2,663,126.0,5.3,663,130,296,Cytoskeleton,3.71,0.001418266867794678,8,1,Cytoskeleton(3.71x)
0x7D77,2,2847,539.8,5.3,2847,305,692,Cytoskeleton,3.95,1.4770964180743184e-07,20,5,Cytoskeleton(3.95x); Chromatin(3.14x); Kinase(2.1x); Cell adhesion(1.71x); Transcription(1.67x)
0x10A9,2,200,37.4,5.3,200,42,87,Cell adhesion,3.79,0.0021563962455025216,7,1,Cell adhesion(3.79x)
0x5A1F,2,170,31.8,5.3,170,27,60,Phosphatase,7.43,0.007370288453495316,3,1,Phosphatase(7.43x)
0x94D5,2,412,77.7,5.3,412,56,136,Cell adhesion,5.28,6.514283933482708e-07,13,1,Cell adhesion(5.28x)
0xB9E4,2,171,32.5,5.3,171,29,64,Unclassified,0,1.0,0,0,
0x5B23,2,214,40.7,5.3,214,18,64,Unclassified,0,1.0,0,0,
0x637D,2,512,96.0,5.3,512,64,133,Chromatin,6.59,4.5129865402593654e-09,15,3,Chromatin(6.59x); Kinase(2.29x); Transcription(1.74x)
0xE7DF,2,152,28.9,5.3,152,18,42,Kinase,3.71,0.008788173826235222,5,1,Kinase(3.71x)
0x0B20,2,175,32.9,5.3,175,26,81,Unclassified,0,1.0,0,0,
0x509D,2,574,108.4,5.3,574,79,218,Kinase,2.2,0.005546615525589125,13,1,Kinase(2.2x)
0x81A6,2,140,26.2,5.3,140,29,54,Cell adhesion,4.7,0.0014043701128571406,6,1,Cell adhesion(4.7x)
0x74D9,2,211,39.5,5.3,211,41,85,Cytoskeleton,5.88,0.004582947231240031,4,1,Cytoskeleton(5.88x)
0x0B95,2,325,61.8,5.3,325,61,131,Transcription,1.91,0.0006077469561194113,24,1,Transcription(1.91x)
0x04D5,2,141,26.8,5.3,141,20,53,Cell adhesion,5.68,0.001442877730872783,5,1,Cell adhesion(5.68x)
0x8B2B,2,77,14.5,5.3,77,13,40,Unclassified,0,1.0,0,0,
0x8284,2,133,25.0,5.3,133,16,49,Unclassified,0,1.0,0,0,
0x04DB,2,61,11.6,5.3,61,16,34,Immune,8.15,1.590400196163436e-06,8,1,Immune(8.15x)
0xB2CA,2,179,34.1,5.3,179,33,71,Chromatin,4.26,0.00577833270208938,5,2,Chromatin(4.26x); Transcription(2.06x)
0xC820,2,153,29.1,5.3,153,24,63,Nuc acid bind,4.2,4.720907661498939e-05,10,1,Nuc acid bind(4.2x)
0x07D5,2,104,19.7,5.3,104,20,40,Unclassified,0,1.0,0,0,
0xF4D0,2,89,16.7,5.3,89,12,26,Chromatin,7.03,0.0077220357899547955,3,1,Chromatin(7.03x)
0x0A1A,2,120,22.4,5.3,120,11,34,Unclassified,0,1.0,0,0,
0x9A79,2,822,159.5,5.2,822,155,310,Nuc acid bind,3.38,5.141791326014855e-16,52,5,Nuc acid bind(3.38x); Methylation(3.24x); Chromatin(2.9x); RNA processing(2.87x); Transcription(1.63x)
0xD596,2,5080,985.9,5.2,5080,795,2034,Transport,1.73,1.578120382060778e-10,128,2,Transport(1.73x); Ion channel(1.64x)
0x9CAD,2,148,28.2,5.2,148,28,71,Cytoskeleton,8.62,0.0010950975663751698,4,1,Cytoskeleton(8.62x)
0x5D75,2,11173,2155.2,5.2,11173,1225,2817,Chromatin,2.02,3.6246854210477894e-11,88,2,Chromatin(2.02x); Cytoskeleton(1.87x)
0x6288,2,1531,294.1,5.2,1531,214,558,Cytoskeleton,4.23,2.55802018082419e-06,15,4,Cytoskeleton(4.23x); Methylation(2.61x); Chromatin(2.5x); DNA repair(2.01x)
0x37D7,2,335,64.7,5.2,335,51,132,Cytoskeleton,4.73,0.00995312044428206,4,2,Cytoskeleton(4.73x); Kinase(2.62x)
0x9D76,2,1211,231.6,5.2,1211,143,409,Nuc acid bind,1.97,0.00032758351147916555,28,1,Nuc acid bind(1.97x)
0xDCB9,2,638,122.0,5.2,638,69,194,Kinase,2.9,0.00014284082882009777,15,1,Kinase(2.9x)
0xD37D,2,2866,547.1,5.2,2866,309,759,Chromatin,4.1,3.3074294682941822e-16,45,3,Chromatin(4.1x); Cytoskeleton(2.73x); Transcription(1.82x)
0x15BD,2,635,122.3,5.2,635,92,258,Unclassified,0,1.0,0,0,
0x3428,2,451,86.7,5.2,451,45,120,Cytoskeleton,6.7,0.0008448124774707335,5,1,Cytoskeleton(6.7x)
0x60B1,2,68,13.2,5.2,68,12,33,Cell cycle,8.99,0.0038799418353282077,3,2,Cell cycle(8.99x); Kinase(4.45x)
0x60B9,2,307,59.6,5.2,307,61,144,Unclassified,0,1.0,0,0,
0x8427,2,68,13.0,5.2,68,18,35,Cytoskeleton,13.4,0.00018625340957121995,4,1,Cytoskeleton(13.4x)
0x88D8,2,409,79.3,5.2,409,46,139,Unclassified,0,1.0,0,0,
0xA628,2,706,135.0,5.2,706,108,252,Cytoskeleton,4.47,0.00041805553118665463,8,3,Cytoskeleton(4.47x); Chromatin(3.39x); Cell adhesion(2.32x)
0x628B,2,1026,196.1,5.2,1026,143,356,Cytoskeleton,3.8,0.0006123892694303222,9,4,Cytoskeleton(3.8x); Chromatin(2.36x); Kinase(1.87x); Nuc acid bind(1.69x)
0x60B2,2,294,56.9,5.2,294,25,91,Nuc acid bind,2.82,0.008991572118715277,7,1,Nuc acid bind(2.82x)
0x5BDF,2,680,132.0,5.2,680,83,195,Chromatin,3.39,0.0006885084455722723,10,1,Chromatin(3.39x)
0x77DA,2,280,53.5,5.2,280,54,106,Transcription,1.71,0.00907191553802366,19,1,Transcription(1.71x)
0x5A23,2,341,65.3,5.2,341,29,93,Unclassified,0,1.0,0,0,
0xB987,2,91,17.5,5.2,91,17,38,RNA processing,6.97,0.0021381158254298724,4,1,RNA processing(6.97x)
0x56CA,2,2500,485.1,5.2,2500,285,819,Unclassified,0,1.0,0,0,
0x74D0,2,304,58.7,5.2,304,35,101,Unclassified,0,1.0,0,0,
0x2B42,2,1368,262.5,5.2,1368,153,397,Chromatin,4.78,2.3539502794521115e-11,26,4,Chromatin(4.78x); Cytoskeleton(3.94x); Cell cycle(2.59x); DNA repair(2.25x)
0x8611,2,64,12.2,5.2,64,12,22,RNA processing,7.41,0.006674969018832184,3,1,RNA processing(7.41x)
0x6DB4,2,868,168.0,5.2,868,125,294,Chromatin,2.47,0.00489639794905617,11,1,Chromatin(2.47x)
0x8158,2,241,46.8,5.2,241,22,98,Unclassified,0,1.0,0,0,
0x50AD,2,351,67.4,5.2,351,61,164,Cell adhesion,3.35,0.0012892342831890041,9,1,Cell adhesion(3.35x)
0x9451,2,249,47.9,5.2,249,39,97,Cell adhesion,4.66,0.00024333320278802987,8,2,Cell adhesion(4.66x); Transport(2.48x)
0x41A4,2,371,71.5,5.2,371,57,136,Cell adhesion,7.98,1.310154704531853e-13,20,1,Cell adhesion(7.98x)
0x0620,2,132,25.6,5.2,132,11,45,DNA repair,7.84,0.005595226175285792,3,1,DNA repair(7.84x)
0x6CA9,2,168,32.4,5.2,168,32,77,Ubiquitin,4.9,0.0011718142731971496,6,1,Ubiquitin(4.9x)
0x74DA,2,220,42.2,5.2,220,31,68,Chromatin,7.26,9.113638559151691e-06,8,1,Chromatin(7.26x)
0x8564,2,66,12.6,5.2,66,10,31,Unclassified,0,1.0,0,0,
0xA4D3,2,74,14.3,5.2,74,11,20,Unclassified,0,1.0,0,0,
0xCBDF,2,172,33.1,5.2,172,22,47,Unclassified,0,1.0,0,0,
0x8A5E,2,108,20.6,5.2,108,11,42,Phosphatase,18.24,0.0004953260593215206,3,1,Phosphatase(18.24x)
0x9CBD,2,126,24.2,5.2,126,20,46,Unclassified,0,1.0,0,0,
0x8B2E,2,87,16.7,5.2,87,17,33,Cytoskeleton,14.19,0.00014675425707080892,4,1,Cytoskeleton(14.19x)
0x4209,2,755,149.4,5.1,755,113,248,DNA repair,3.56,3.56158545000033e-05,14,3,DNA repair(3.56x); Kinase(2.01x); Nuc acid bind(1.96x)
0x762B,2,308,60.3,5.1,308,44,100,Unclassified,0,1.0,0,0,
0xB288,2,211,41.4,5.1,211,31,74,Immune,3.68,0.002277877554460395,7,1,Immune(3.68x)
0xDC81,2,265,51.5,5.1,265,48,109,Unclassified,0,1.0,0,0,
0x675D,2,2901,568.7,5.1,2901,349,854,Cytoskeleton,3.11,1.8895608940665546e-05,18,3,Cytoskeleton(3.11x); Cell adhesion(2.28x); Chromatin(2.26x)
0xD75D,2,14862,2938.6,5.1,14862,1592,3742,Chromatin,2.0,3.7143783870905116e-14,113,3,Chromatin(2.0x); Cytoskeleton(1.78x); Transcription(1.63x)
0x620B,2,756,146.8,5.1,756,150,335,Transcription,3.33,2.2087454594905144e-37,103,1,Transcription(3.33x)
0x7625,2,919,180.2,5.1,919,94,271,Cell adhesion,2.42,0.008150618647894346,10,1,Cell adhesion(2.42x)
0xE428,2,352,69.2,5.1,352,57,126,Chromatin,3.45,0.0038815824634893387,7,1,Chromatin(3.45x)
0x108D,2,213,41.8,5.1,213,25,83,Unclassified,0,1.0,0,0,
0x5B1C,2,157,30.9,5.1,157,17,52,Unclassified,0,1.0,0,0,
0x1E79,2,502,98.1,5.1,502,68,179,Nuc acid bind,2.37,0.0008016336894796851,16,1,Nuc acid bind(2.37x)
0x07D7,2,97,19.0,5.1,97,13,27,Kinase,5.13,0.001807218167344759,5,1,Kinase(5.13x)
0x689D,2,739,144.7,5.1,739,70,222,DNA repair,3.29,0.0028542581258035144,8,1,DNA repair(3.29x)
0x20A1,2,729,142.7,5.1,729,105,238,Chromatin,3.75,1.9571122104685473e-05,14,2,Chromatin(3.75x); Cell adhesion(2.6x)
0x5A29,2,344,67.8,5.1,344,49,124,Cytoskeleton,4.92,0.00865653655234289,4,2,Cytoskeleton(4.92x); Cell adhesion(3.25x)
0x4428,2,124,24.5,5.1,124,20,54,GTPase,5.62,0.001514260024288125,5,1,GTPase(5.62x)
0x9428,2,570,111.9,5.1,570,77,195,Cell cycle,3.27,0.005445155094107828,7,2,Cell cycle(3.27x); Cell adhesion(2.66x)
0x90A1,2,225,44.3,5.1,225,35,78,Unclassified,0,1.0,0,0,
0x8A1F,2,90,17.5,5.1,90,12,34,Kinase,5.56,0.001184717207098134,5,1,Kinase(5.56x)
0xD8A9,2,891,175.8,5.1,891,158,397,Cell adhesion,3.02,5.5077823526629155e-06,21,2,Cell adhesion(3.02x); Kinase(1.94x)
0x05DF,2,118,23.1,5.1,118,18,30,Cell adhesion,8.84,6.353188097516339e-06,7,1,Cell adhesion(8.84x)
0x4517,2,585,115.7,5.1,585,41,272,Ubiquitin,5.1,0.00013425891883133163,8,3,Ubiquitin(5.1x); RNA processing(5.06x); Cell adhesion(3.33x)
0x856A,2,98,19.2,5.1,98,18,41,Ubiquitin,7.26,0.0004522045555654254,5,1,Ubiquitin(7.26x)
0x869B,2,60,11.9,5.1,60,12,25,Unclassified,0,1.0,0,0,
0x1C91,2,65,12.8,5.1,65,12,30,Unclassified,0,1.0,0,0,
0xB7DC,2,81,16.0,5.1,81,21,40,Unclassified,0,1.0,0,0,
0x1082,2,364,70.7,5.1,364,78,143,Cytoskeleton,3.87,0.009426157082274482,5,1,Cytoskeleton(3.87x)
0xA4D9,2,77,15.0,5.1,77,15,26,Unclassified,0,1.0,0,0,
0xB988,2,250,49.4,5.1,250,28,82,Unclassified,0,1.0,0,0,
0x1081,2,124,24.4,5.1,124,31,59,Unclassified,0,1.0,0,0,
0x772B,2,198,39.1,5.1,198,27,62,Chromatin,6.25,0.00030455663792165267,6,2,Chromatin(6.25x); Transcription(2.16x)
0xE629,2,77,15.0,5.1,77,11,32,DNA repair,7.84,0.005595226175285792,3,1,DNA repair(7.84x)
0x05DC,2,80,15.7,5.1,80,16,37,Transcription,2.43,0.00837540827888861,8,1,Transcription(2.43x)
0xBDF4,2,111,21.8,5.1,111,19,36,Kinase,4.21,0.0020203236508017884,6,2,Kinase(4.21x); Signaling(2.4x)
0xA42B,2,60,11.7,5.1,60,14,31,Unclassified,0,1.0,0,0,
0xD35D75,3,113,22.6,5.0,113,10,29,Unclassified,0,1.0,0,0,
0x5D75D3,3,105,21.0,5.0,105,6,16,Unclassified,0,1.0,0,0,
0x8628A2,3,160,32.0,5.0,160,20,40,Chromatin,7.03,0.0005514006024973981,5,1,Chromatin(7.03x)
0x2CB2CB2CB2,5,234,46.8,5.0,234,22,31,Chromatin,11.51,2.7231544116723233e-08,9,2,Chromatin(11.51x); Transcription(3.31x)
0xB2CB2CB2CB,5,222,44.4,5.0,222,18,27,Chromatin,10.94,1.5398660640266438e-06,7,2,Chromatin(10.94x); Transcription(2.97x)
0xCB2CB2CB2C,5,242,48.4,5.0,242,23,32,Chromatin,11.01,4.334394041067138e-08,9,2,Chromatin(11.01x); Transcription(3.17x)
0xCB2CB2CB,4,357,71.4,5.0,357,36,51,Chromatin,7.81,3.1827395658811563e-07,10,2,Chromatin(7.81x); Transcription(3.37x)
0x2CB2CB2C,4,340,68.0,5.0,340,33,46,Chromatin,9.37,9.490692797023531e-09,11,2,Chromatin(9.37x); Transcription(3.38x)
0xB2CB2CB2,4,358,71.6,5.0,358,37,50,Chromatin,8.36,3.68816923212304e-08,11,2,Chromatin(8.36x); Transcription(3.28x)
0x2CB2CB,3,549,109.8,5.0,549,60,88,Chromatin,7.5,1.6973855840783309e-10,16,2,Chromatin(7.5x); Transcription(3.48x)
0xCB2CB2,3,601,120.2,5.0,601,67,97,Chromatin,6.72,1.0152627680800578e-09,16,2,Chromatin(6.72x); Transcription(3.62x)
0xB2CB2C,3,561,112.2,5.0,561,59,83,Chromatin,8.1,1.1434078192910598e-11,17,2,Chromatin(8.1x); Transcription(3.54x)
0xCB2CA5,3,52,10.4,5.0,52,8,10,Chromatin,17.58,2.8367763339961257e-06,5,2,Chromatin(17.58x); Transcription(4.25x)
0x2F72,2,822,163.4,5.0,822,103,213,Chromatin,5.46,4.3348662894582996e-10,20,2,Chromatin(5.46x); Transcription(2.22x)
0x8A23,2,180,35.9,5.0,180,33,81,Unclassified,0,1.0,0,0,
0xD881,2,575,114.7,5.0,575,107,235,Kinase,2.99,8.793156454641382e-07,24,2,Kinase(2.99x); Cell adhesion(2.76x)
0xD89D,2,1999,397.9,5.0,1999,308,762,Kinase,2.17,1.3358014706449292e-07,50,1,Kinase(2.17x)
0xD75D75D7,4,476,95.2,5.0,476,55,118,Chromatin,4.6,0.00012309430428865091,9,2,Chromatin(4.6x); Ubiquitin(3.33x)
0xD75D75,3,1269,253.8,5.0,1269,124,304,Chromatin,4.54,1.2726835140339027e-08,20,3,Chromatin(4.54x); RNA processing(2.39x); Transcription(1.88x)
0x5D75D7,3,1488,297.6,5.0,1488,157,354,Chromatin,4.84,7.173601907886267e-12,27,2,Chromatin(4.84x); Transcription(2.01x)
0x77D75D,3,77,15.4,5.0,77,8,26,Unclassified,0,1.0,0,0,
0x75675D,3,207,41.4,5.0,207,15,59,Unclassified,0,1.0,0,0,
0x5D7567,3,45,9.0,5.0,45,5,13,GTPase,13.49,0.0008170858189588281,3,1,GTPase(13.49x)
0x5D77D7,3,101,20.2,5.0,101,9,27,Cytoskeleton,20.1,0.00034965192776670334,3,1,Cytoskeleton(20.1x)
0x5D7627,3,32,6.4,5.0,32,5,11,Unclassified,0,1.0,0,0,
0x5D8A28,3,56,11.2,5.0,56,7,14,Chromatin,12.05,0.0014027550119515145,3,1,Chromatin(12.05x)
0x75D59D,3,75,15.0,5.0,75,12,28,Transcription,3.24,0.0007110152375408176,8,1,Transcription(3.24x)
0xD59D75,3,44,8.8,5.0,44,6,18,Unclassified,0,1.0,0,0,
0x77D77D,3,98,19.6,5.0,98,21,38,Cytoskeleton,8.62,0.0047827793958664586,3,1,Cytoskeleton(8.62x)
0x79A79A,3,69,13.8,5.0,69,21,34,Nuc acid bind,7.68,9.93514436110803e-13,16,1,Nuc acid bind(7.68x)
0x35DF,2,335,66.4,5.0,335,56,105,Cytoskeleton,6.46,0.000311236862149118,6,1,Cytoskeleton(6.46x)
0x690A95,3,40,8.0,5.0,40,14,21,Transcription,4.51,1.3216084022982544e-08,13,1,Transcription(4.51x)
0x18618618,4,116,23.2,5.0,116,15,42,Chromatin,7.5,0.001571879281202989,4,2,Chromatin(7.5x); Nuc acid bind(4.7x)
0x618618,3,443,88.6,5.0,443,38,100,Chromatin,5.18,0.0003302572190941386,7,3,Chromatin(5.18x); Nuc acid bind(3.45x); Transcription(1.92x)
0xD8628A,3,32,6.4,5.0,32,6,11,Unclassified,0,1.0,0,0,
0x186186,3,315,63.0,5.0,315,40,98,Chromatin,4.92,0.0004589507840788976,7,3,Chromatin(4.92x); Nuc acid bind(2.77x); Transcription(1.94x)
0x7DF7DF7DF7,5,222,44.4,5.0,222,18,50,Cytoskeleton,13.4,0.00018625340957121995,4,1,Cytoskeleton(13.4x)
0xF7DF7DF7DF,5,204,40.8,5.0,204,15,43,Cytoskeleton,12.06,0.0017600659226944355,3,1,Cytoskeleton(12.06x)
0xDF7DF7DF7D,5,276,55.2,5.0,276,19,54,Cytoskeleton,12.7,0.00023288334225229316,4,1,Cytoskeleton(12.7x)
0x7DF7DF7D,4,564,112.8,5.0,564,32,106,Cytoskeleton,7.54,0.0018267018221854595,4,1,Cytoskeleton(7.54x)
0xF7DF7DF7,4,341,68.2,5.0,341,26,83,Cytoskeleton,9.28,0.0008204989000444087,4,1,Cytoskeleton(9.28x)
0xDF7DF7DF,4,432,86.4,5.0,432,26,84,Cytoskeleton,9.28,0.0008204989000444087,4,1,Cytoskeleton(9.28x)
0xF7DF7D,3,1218,243.6,5.0,1218,86,214,Cytoskeleton,4.91,0.0005451844795112113,7,3,Cytoskeleton(4.91x); RNA processing(4.48x); Nuc acid bind(2.93x)
0x7DF7DF,3,1030,206.0,5.0,1030,60,178,Cytoskeleton,7.04,5.621437750921717e-05,7,2,Cytoskeleton(7.04x); Nuc acid bind(2.18x)
0xDF7DF7,3,928,185.6,5.0,928,68,176,Cytoskeleton,6.21,0.0001262550042141212,7,3,Cytoskeleton(6.21x); RNA processing(3.05x); Nuc acid bind(2.67x)
0xCB2CB1,3,33,6.6,5.0,33,6,9,Unclassified,0,1.0,0,0,
0x1E61,2,487,97.0,5.0,487,83,163,Kinase,3.86,4.547511688478882e-09,24,3,Kinase(3.86x); RNA processing(3.57x); Nuc acid bind(2.67x)
0x71C71C71,4,178,35.6,5.0,178,23,38,Transcription,2.96,2.9167810814703237e-05,14,1,Transcription(2.96x)
0xC71C71,3,306,61.2,5.0,306,34,63,Transcription,3.28,3.930886415420171e-09,23,1,Transcription(3.28x)
0x1C71C7,3,265,53.0,5.0,265,35,59,Chromatin,4.02,0.007459145117688794,5,2,Chromatin(4.02x); Transcription(2.91x)
0x71C71C,3,296,59.2,5.0,296,37,67,Methylation,6.03,0.004157049019531038,4,4,Methylation(6.03x); Chromatin(3.8x); Transcription(3.02x); Ion channel(2.9x)
0x1E71,2,151,30.1,5.0,151,20,51,Transcription,2.67,0.0007241670785916302,11,1,Transcription(2.67x)
0x8A28A2,3,1255,251.0,5.0,1255,115,341,Chromatin,4.65,1.9734312949415004e-08,19,2,Chromatin(4.65x); Transcription(1.6x)
0x09D756,3,21,4.2,5.0,21,7,11,Transcription,3.47,0.005331394249368333,5,1,Transcription(3.47x)
0x5C9D,2,378,75.6,5.0,378,65,158,Unclassified,0,1.0,0,0,
0x9A69A69A,4,151,30.2,5.0,151,26,41,Nuc acid bind,5.82,2.169149600216786e-09,15,1,Nuc acid bind(5.82x)
0xD77D77,3,47,9.4,5.0,47,7,17,Unclassified,0,1.0,0,0,
0x9A69A6,3,339,67.8,5.0,339,46,74,Nuc acid bind,4.6,4.270400373959918e-10,21,1,Nuc acid bind(4.6x)
0x69A69A,3,289,57.8,5.0,289,62,91,Nuc acid bind,4.06,2.48171791871711e-10,25,2,Nuc acid bind(4.06x); Transcription(1.8x)
0xB7D77D,3,32,6.4,5.0,32,6,9,Unclassified,0,1.0,0,0,
0xF5D37D,3,35,7.0,5.0,35,5,12,Chromatin,22.5,7.646552789182175e-06,4,2,Chromatin(22.5x); Transcription(4.86x)
0x2CBD,2,415,82.7,5.0,415,59,133,Chromatin,4.77,3.791306212768424e-05,10,2,Chromatin(4.77x); Transcription(1.73x)
0x59D756,3,30,6.0,5.0,30,6,15,Unclassified,0,1.0,0,0,
0x7DF7DB,3,38,7.6,5.0,38,7,18,Unclassified,0,1.0,0,0,
0x6DB5,2,1574,314.8,5.0,1574,240,586,RNA processing,2.72,1.9900747456893332e-05,22,4,RNA processing(2.72x); Ubiquitin(2.29x); DNA repair(2.04x); Chromatin(1.99x)
0x8625,2,404,80.5,5.0,404,52,141,Unclassified,0,1.0,0,0,
0x76D77D,3,79,15.8,5.0,79,5,7,Unclassified,0,1.0,0,0,
0xD75D35,3,41,8.2,5.0,41,7,15,Unclassified,0,1.0,0,0,
0x5D59D7,3,99,19.8,5.0,99,9,27,Unclassified,0,1.0,0,0,
0x5BDF7D,3,48,9.6,5.0,48,7,18,Unclassified,0,1.0,0,0,
0x75D75D,3,1805,361.0,5.0,1805,188,397,Chromatin,3.89,2.473871626317854e-09,26,4,Chromatin(3.89x); Cytoskeleton(2.89x); Transcription(1.83x); Kinase(1.7x)
0x9A42A5,3,55,11.0,5.0,55,14,21,Transcription,4.16,3.402002826979407e-07,12,1,Transcription(4.16x)
0x28628A,3,108,21.6,5.0,108,11,30,Unclassified,0,1.0,0,0,
0x28AD8A,3,66,13.2,5.0,66,5,7,Unclassified,0,1.0,0,0,
0x0A20A2,3,83,16.6,5.0,83,8,24,Unclassified,0,1.0,0,0,
0x069A59,3,22,4.4,5.0,22,5,9,Unclassified,0,1.0,0,0,
0x69A4D6,3,33,6.6,5.0,33,5,11,Transcription,3.88,0.007500360578701421,4,1,Transcription(3.88x)
0x9F7DA5,3,49,9.8,5.0,49,14,21,Structural,33.37,5.629590978020754e-13,9,1,Structural(33.37x)
0x4D75D7,3,61,12.2,5.0,61,5,21,Unclassified,0,1.0,0,0,
0x15B9,2,786,156.9,5.0,786,126,304,Cytoskeleton,3.35,0.00493532390372383,7,1,Cytoskeleton(3.35x)
0x5DA5DE,3,37,7.4,5.0,37,5,6,Structural,31.15,6.845459681147183e-05,3,1,Structural(31.15x)
0x2CB2CA,3,57,11.4,5.0,57,9,9,Chromatin,12.5,0.00017195182308625198,4,2,Chromatin(12.5x); Transcription(4.32x)
0x95D75D,3,25,5.0,5.0,25,6,15,Unclassified,0,1.0,0,0,
0x5D75DA,3,92,18.4,5.0,92,6,28,Unclassified,0,1.0,0,0,
0xA18A28,3,91,18.2,5.0,91,10,23,Unclassified,0,1.0,0,0,
0x76575D,3,81,16.2,5.0,81,6,18,Unclassified,0,1.0,0,0,
0xA28A28,3,877,175.4,5.0,877,94,266,Chromatin,3.29,0.00048438177766709997,11,3,Chromatin(3.29x); DNA repair(2.75x); Transcription(1.6x)
0x4DF56C,3,170,34.0,5.0,170,5,16,Unclassified,0,1.0,0,0,
0x28A28A,3,1007,201.4,5.0,1007,111,309,Chromatin,4.81,1.080408498230326e-08,19,3,Chromatin(4.81x); Nuc acid bind(1.82x); Transcription(1.62x)
0x882582,3,35,7.0,5.0,35,5,7,Unclassified,0,1.0,0,0,
0xF6977D,3,45,9.0,5.0,45,7,18,Structural,22.25,0.00023283276316904137,3,1,Structural(22.25x)
0x37D5B1,3,274,54.8,5.0,274,7,20,Ion channel,6.57,0.007943216887265004,3,1,Ion channel(6.57x)
0xD8A28A,3,116,23.2,5.0,116,14,33,Chromatin,8.04,0.0011857000920805273,4,1,Chromatin(8.04x)
0x779779,3,149,29.8,5.0,149,32,45,RNA processing,20.38,1.0293743502503335e-25,22,2,RNA processing(20.38x); Nuc acid bind(8.19x)
0x8289,2,273,54.4,5.0,273,41,98,Unclassified,0,1.0,0,0,
0x72CB2C,3,100,20.0,5.0,100,12,19,Chromatin,16.41,4.613466614886889e-08,7,2,Chromatin(16.41x); Transcription(4.86x)
0x7DF5DF,3,41,8.2,5.0,41,7,15,Unclassified,0,1.0,0,0,
0x7DCB2C,3,30,6.0,5.0,30,8,8,Chromatin,24.61,5.275038085396979e-10,7,2,Chromatin(24.61x); Transcription(4.86x)
0xDF7DF5,3,126,25.2,5.0,126,14,50,Unclassified,0,1.0,0,0,
0x5D75D75D75,5,299,59.8,5.0,299,26,62,Chromatin,5.41,0.001962948791265161,5,1,Chromatin(5.41x)
0x75D75D75D7,5,195,39.0,5.0,195,23,51,Chromatin,6.11,0.00109607395925483,5,2,Chromatin(6.11x); DNA repair(5.0x)
0x5D75D75D,4,750,150.0,5.0,750,69,163,Chromatin,4.48,2.8302224754317626e-05,11,2,Chromatin(4.48x); Transcription(1.83x)
0x75D75D75,4,479,95.8,5.0,479,50,104,Chromatin,4.5,0.0003436444890472472,8,3,Chromatin(4.5x); RNA processing(3.56x); Transcription(1.94x)
0x08208208,4,27,5.4,5.0,27,7,17,Unclassified,0,1.0,0,0,
0x20820820,4,49,9.8,5.0,49,9,25,Unclassified,0,1.0,0,0,
0x8A28A28A,4,423,84.6,5.0,423,47,119,Transcription,1.86,0.00399049951254245,18,1,Transcription(1.86x)
0xF62F62,3,55,11.0,5.0,55,15,24,Kinase,10.67,1.0690509422986532e-11,12,1,Kinase(10.67x)
0xA28628,3,118,23.6,5.0,118,12,35,Unclassified,0,1.0,0,0,
0x8A98A2,3,37,7.4,5.0,37,5,8,Structural,20.76,0.003553992191532946,2,1,Structural(20.76x)
0x5D7568,3,29,5.8,5.0,29,5,10,Unclassified,0,1.0,0,0,
0xDF7D75,3,53,10.6,5.0,53,8,16,Unclassified,0,1.0,0,0,
0xF5D77D,3,100,20.0,5.0,100,11,21,Methylation,15.22,0.0008407077756562867,3,2,Methylation(15.22x); Chromatin(12.78x)
0xD77D5B,3,21,4.2,5.0,21,6,8,Methylation,18.6,0.004570565337126574,2,2,Methylation(18.6x); Chromatin(14.06x)
0xC96CB2,3,28,5.6,5.0,28,5,10,Unclassified,0,1.0,0,0,
0xF4DF7D,3,38,7.6,5.0,38,5,10,Methylation,33.48,5.51741276685053e-05,3,2,Methylation(33.48x); Chromatin(16.87x)
0xD77D76,3,21,4.2,5.0,21,5,8,Unclassified,0,1.0,0,0,
0x7D37DF,3,98,19.6,5.0,98,5,12,Methylation,33.48,5.51741276685053e-05,3,2,Methylation(33.48x); Chromatin(16.87x)
0xF7DF5D,3,63,12.6,5.0,63,7,21,Methylation,15.94,0.006323573878647882,2,3,Methylation(15.94x); Chromatin(12.05x); Transcription(3.47x)
0xDF6DF7,3,37,7.4,5.0,37,6,13,Chromatin,14.06,0.0008232427731061284,3,1,Chromatin(14.06x)
0xDF56F6,3,47,9.4,5.0,47,7,14,Methylation,15.94,0.006323573878647882,2,1,Methylation(15.94x)
0xF72CB2,3,56,11.2,5.0,56,10,12,Chromatin,19.69,7.436843268211894e-09,7,2,Chromatin(19.69x); Transcription(4.37x)
0xD75DB5,3,95,19.0,5.0,95,8,16,Unclassified,0,1.0,0,0,
0x77975D,3,78,15.6,5.0,78,8,16,Unclassified,0,1.0,0,0,
0xB2CB2C96,4,24,4.8,5.0,24,6,7,Transcription,4.05,0.0018359526442447652,5,1,Transcription(4.05x)
0xCB2CA9,3,42,8.4,5.0,42,5,6,Chromatin,16.87,0.00042276870904518185,3,2,Chromatin(16.87x); Transcription(4.86x)
0xCB2C96,3,82,16.4,5.0,82,18,22,Transcription,2.97,0.00020689244440434562,11,1,Transcription(2.97x)
0xB2CB25,3,25,5.0,5.0,25,8,11,Transcription,3.64,0.001444001908202713,6,1,Transcription(3.64x)
0xCB25B2,3,25,5.0,5.0,25,5,9,Transcription,3.88,0.007500360578701421,4,1,Transcription(3.88x)
0x4D34D34D,4,99,19.8,5.0,99,8,24,Unclassified,0,1.0,0,0,
0x34D34D,3,172,34.4,5.0,172,14,37,Unclassified,0,1.0,0,0,
0x4D34D3,3,204,40.8,5.0,204,11,35,Unclassified,0,1.0,0,0,
0x828828,3,45,9.0,5.0,45,5,16,Unclassified,0,1.0,0,0,
0x288288,3,88,17.6,5.0,88,8,26,Ion channel,7.66,0.0010185534963105857,4,2,Ion channel(7.66x); Transport(5.37x)
0x286186,3,31,6.2,5.0,31,6,12,Chromatin,14.06,0.0008232427731061284,3,1,Chromatin(14.06x)
0x582896,3,36,7.2,5.0,36,6,12,Unclassified,0,1.0,0,0,
0x5968AD,3,70,14.0,5.0,70,6,10,Structural,17.3,0.005263506507095355,2,1,Structural(17.3x)
0x75D89D,3,30,6.0,5.0,30,7,15,Unclassified,0,1.0,0,0,
0xA69A69A6,4,176,35.2,5.0,176,21,36,Nuc acid bind,6.24,7.98148905474526e-09,13,2,Nuc acid bind(6.24x); RNA processing(5.65x)
0xA69A69,3,386,77.2,5.0,386,68,102,Nuc acid bind,3.26,3.107805801795733e-07,22,2,Nuc acid bind(3.26x); Transcription(1.64x)
0x5DA5D7,3,63,12.6,5.0,63,9,21,Unclassified,0,1.0,0,0,
0x9F7DA7DF69,5,98,19.6,5.0,98,10,21,Structural,41.53,7.188930123063806e-13,8,1,Structural(41.53x)
0x7DA7DF69F7,5,47,9.4,5.0,47,5,10,Structural,20.76,0.003553992191532946,2,1,Structural(20.76x)
0xDF69F7DA7D,5,46,9.2,5.0,46,5,11,Structural,20.76,0.003553992191532946,2,2,Structural(20.76x); Cell adhesion(13.64x)
0x69F7DA7DF6,5,51,10.2,5.0,51,8,16,Structural,32.44,1.3489688143559615e-07,5,1,Structural(32.44x)
0x7DF69F7DA7,5,70,14.0,5.0,70,6,15,Structural,25.96,0.00013496356040813243,3,2,Structural(25.96x); Cell adhesion(11.37x)
0xDA7DF69F7D,5,62,12.4,5.0,62,8,16,Structural,32.44,1.3489688143559615e-07,5,2,Structural(32.44x); Cell adhesion(8.52x)
0xA7DF69F7DA,5,64,12.8,5.0,64,10,17,Structural,36.34,1.0139567959755331e-10,7,2,Structural(36.34x); Cell adhesion(6.82x)
0xF69F7DA7DF,5,41,8.2,5.0,41,5,11,Structural,31.15,6.845459681147183e-05,3,1,Structural(31.15x)
0x7DA7DF69,4,138,27.6,5.0,138,20,34,Structural,36.34,2.154825996603748e-20,14,2,Structural(36.34x); Cell adhesion(5.68x)
0xF7DA7DF69F,5,40,8.0,5.0,40,7,12,Structural,37.08,5.139058072912177e-08,5,1,Structural(37.08x)
0x69F7DA7D,4,148,29.6,5.0,148,26,45,Structural,35.94,8.445049535870642e-26,18,2,Structural(35.94x); Cell adhesion(6.12x)
0x695BDA7D,4,37,7.4,5.0,37,8,15,Structural,38.93,1.2868003052371783e-09,6,1,Structural(38.93x)
0x9F7DA7DF,4,98,19.6,5.0,98,10,21,Structural,41.53,7.188930123063806e-13,8,1,Structural(41.53x)
0x7DF69F7D,4,106,21.2,5.0,106,13,31,Structural,35.94,2.0444446003126892e-13,9,1,Structural(35.94x)
0xF69F7DA7,4,111,22.2,5.0,111,16,31,Structural,35.69,4.1420859069046967e-16,11,2,Structural(35.69x); Cell adhesion(7.1x)
0xDA7DF69F,4,116,23.2,5.0,116,20,36,Structural,31.15,2.0696852264837937e-16,12,2,Structural(31.15x); Cell adhesion(7.96x)
0xA7DF69F7,4,102,20.4,5.0,102,16,26,Structural,29.2,3.111197602671913e-12,9,2,Structural(29.2x); Cell adhesion(8.52x)
0xDF69F7DA,4,68,13.6,5.0,68,11,18,Structural,37.75,2.592578411149233e-12,8,1,Structural(37.75x)
0xDA7D0A98,4,56,11.2,5.0,56,6,11,Structural,17.3,0.005263506507095355,2,2,Structural(17.3x); Cell adhesion(15.15x)
0xF7DA7DF6,4,65,13.0,5.0,65,11,21,Structural,37.75,2.592578411149233e-12,8,1,Structural(37.75x)
0x2A62F6,3,63,12.6,5.0,63,8,15,Structural,32.44,1.3489688143559615e-07,5,2,Structural(32.44x); Cell adhesion(8.52x)
0x9F7DA7,3,214,42.8,5.0,214,30,51,Structural,27.69,2.2638155337390853e-20,16,2,Structural(27.69x); Cell adhesion(8.34x)
0xA7DF69,3,353,70.6,5.0,353,39,76,Structural,29.28,2.1946354489155926e-28,22,2,Structural(29.28x); Cell adhesion(6.99x)
0x69F7DA,3,263,52.6,5.0,263,37,69,Structural,30.87,4.163884024391943e-29,22,2,Structural(30.87x); Cell adhesion(6.76x)
0x2A62E6,3,27,5.4,5.0,27,7,13,Cell adhesion,16.24,3.146825629012547e-06,5,2,Cell adhesion(16.24x); Structural(14.83x)
0x975D75,3,33,6.6,5.0,33,6,13,Chromatin,14.06,0.0008232427731061284,3,1,Chromatin(14.06x)
0x7DA7DF,3,130,26.0,5.0,130,23,36,Structural,31.6,4.31858517593233e-19,14,2,Structural(31.6x); Cell adhesion(5.93x)
0xF69F7D,3,163,32.6,5.0,163,30,55,Structural,31.15,4.371765972329707e-24,18,2,Structural(31.15x); Cell adhesion(5.3x)
0x695BDA,3,195,39.0,5.0,195,30,54,Structural,34.61,4.826104542779726e-28,20,2,Structural(34.61x); Cell adhesion(6.82x)
0x0A9882A6,4,22,4.4,5.0,22,7,11,Structural,22.25,0.00023283276316904137,3,2,Structural(22.25x); Cell adhesion(12.99x)
0xA45F69,3,101,20.2,5.0,101,10,23,Structural,25.96,5.881952746909e-07,5,2,Structural(25.96x); Cell adhesion(11.37x)
0xF7DA7D,3,192,38.4,5.0,192,32,58,Structural,30.82,3.0351120031527095e-25,19,2,Structural(30.82x); Cell adhesion(6.39x)
0x7DF69F,3,209,41.8,5.0,209,30,57,Structural,29.42,3.368251173587871e-22,17,2,Structural(29.42x); Cell adhesion(5.3x)
0xDA7DF6,3,202,40.4,5.0,202,34,58,Structural,30.54,2.0914249227472396e-26,20,2,Structural(30.54x); Cell adhesion(7.35x)
0xA620A9,3,155,31.0,5.0,155,19,34,Structural,38.25,6.5746090685480966e-21,14,2,Structural(38.25x); Cell adhesion(5.98x)
0xDF69F7,3,142,28.4,5.0,142,18,30,Structural,28.84,2.1539437134718564e-13,10,2,Structural(28.84x); Cell adhesion(6.31x)
0xDA7DCA,3,27,5.4,5.0,27,9,14,Structural,34.61,3.798557057735774e-09,6,1,Structural(34.61x)
0x7DCA9F,3,27,5.4,5.0,27,9,10,Structural,40.37,3.0921928987880444e-11,7,1,Structural(40.37x)
0x56F69F,3,67,13.4,5.0,67,8,14,Structural,32.44,1.3489688143559615e-07,5,2,Structural(32.44x); Cell adhesion(8.52x)
0x9F7DA4,3,36,7.2,5.0,36,13,18,Structural,35.94,2.0444446003126892e-13,9,1,Structural(35.94x)
0x769769,3,30,6.0,5.0,30,6,13,Cell adhesion,11.37,0.0015312989444011087,3,1,Cell adhesion(11.37x)
0xDA7D0A,3,68,13.6,5.0,68,12,19,Structural,34.61,7.649803248810805e-12,8,2,Structural(34.61x); Cell adhesion(7.58x)
0x7D0A98,3,71,14.2,5.0,71,8,18,Cell adhesion,17.05,1.8228743868141188e-07,6,2,Cell adhesion(17.05x); Structural(12.98x)
0xCA9F7D,3,44,8.8,5.0,44,9,12,Unclassified,0,1.0,0,0,
0x5BDA7D,3,49,9.8,5.0,49,9,19,Structural,46.14,1.461836995059337e-13,8,1,Structural(46.14x)
0xA7D969,3,33,6.6,5.0,33,12,14,Structural,38.93,6.39659923184475e-14,9,1,Structural(38.93x)
0xA56F69,3,209,41.8,5.0,209,31,60,Structural,33.49,1.3375588464855654e-27,20,2,Structural(33.49x); Cell adhesion(7.33x)
0x62E698,3,50,10.0,5.0,50,5,6,Cell adhesion,18.19,1.784630309819039e-05,4,1,Cell adhesion(18.19x)
0xA9882A,3,40,8.0,5.0,40,9,12,Structural,34.61,3.798557057735774e-09,6,2,Structural(34.61x); Cell adhesion(7.58x)
0x9882A6,3,40,8.0,5.0,40,6,14,Structural,17.3,0.005263506507095355,2,2,Structural(17.3x); Cell adhesion(11.37x)
0x20A20A,3,39,7.8,5.0,39,7,21,Chromatin,16.07,5.0559787978947196e-05,4,1,Chromatin(16.07x)
0xF7D77D,3,59,11.8,5.0,59,8,21,Unclassified,0,1.0,0,0,
0x861861,3,347,69.4,5.0,347,39,95,Chromatin,5.05,0.0003903821871763381,7,3,Chromatin(5.05x); Nuc acid bind(3.1x); Transcription(1.99x)
0x577976,3,22,4.4,5.0,22,6,7,Transcription,4.86,7.591087417095647e-05,6,1,Transcription(4.86x)
0xDB6DB6,3,311,62.2,5.0,311,43,65,Chromatin,4.58,0.0007238542200695434,7,4,Chromatin(4.58x); RNA processing(4.14x); Nuc acid bind(3.28x); Transcription(1.92x)
0x0A25A2,3,33,6.6,5.0,33,6,13,Unclassified,0,1.0,0,0,
0x0960A2,3,36,7.2,5.0,36,5,11,Unclassified,0,1.0,0,0,
0xDB6DB5,3,27,5.4,5.0,27,5,9,RNA processing,17.79,0.0003619382605806454,3,2,RNA processing(17.79x); Nuc acid bind(6.05x)
0x75DF5D,3,86,17.2,5.0,86,12,31,Cytoskeleton,15.08,0.0008827570042968416,3,2,Cytoskeleton(15.08x); Chromatin(7.03x)
0x6106DF,3,29,5.8,5.0,29,12,15,Cell adhesion,22.73,4.5720886560113555e-17,12,1,Cell adhesion(22.73x)
0x208208,3,146,29.2,5.0,146,22,47,RNA processing,5.39,0.005753269844660552,4,2,RNA processing(5.39x); Chromatin(5.11x)
0x5D75DF,3,97,19.4,5.0,97,16,27,Chromatin,7.03,0.002037599744906197,4,2,Chromatin(7.03x); Transcription(3.03x)
0x8798B9,3,34,6.8,5.0,34,7,10,RNA processing,16.94,4.111936267346344e-05,4,1,RNA processing(16.94x)
0xE42F,2,51,10.2,5.0,51,11,20,Chromatin,10.23,0.00042550781902441203,4,1,Chromatin(10.23x)
0x7628A2,3,56,11.2,5.0,56,14,22,Chromatin,8.04,0.0011857000920805273,4,1,Chromatin(8.04x)
0x69A69A69,4,140,28.0,5.0,140,35,52,Nuc acid bind,4.61,5.1521045585332185e-08,16,2,Nuc acid bind(4.61x); RNA processing(4.23x)
0x628A28,3,329,65.8,5.0,329,46,117,Chromatin,7.95,4.135518682706391e-09,13,1,Chromatin(7.95x)
0x7D75D7,3,54,10.8,5.0,54,12,24,Unclassified,0,1.0,0,0,
0x8A2862,3,150,30.0,5.0,150,17,44,Unclassified,0,1.0,0,0,
0x9A69A5,3,54,10.8,5.0,54,8,8,Nuc acid bind,7.56,2.2066274769911127e-05,6,1,Nuc acid bind(7.56x)
0x97DF7D,3,27,5.4,5.0,27,6,12,Unclassified,0,1.0,0,0,
0x28A28A28,4,396,79.2,5.0,396,56,125,Transcription,1.82,0.002634024858970097,21,1,Transcription(1.82x)
0x20A28A,3,95,19.0,5.0,95,5,45,Unclassified,0,1.0,0,0,
0x28A18A,3,89,17.8,5.0,89,5,22,Unclassified,0,1.0,0,0,
0x75D77D,3,68,13.6,5.0,68,20,35,Chromatin,8.44,4.924921537612179e-05,6,3,Chromatin(8.44x); Methylation(8.37x); Transcription(2.91x)
0xDB5DF6,3,41,8.2,5.0,41,5,9,Transcription,3.88,0.007500360578701421,4,1,Transcription(3.88x)
0xD76D75,3,40,8.0,5.0,40,5,15,Unclassified,0,1.0,0,0,
0x6D75D7,3,38,7.6,5.0,38,5,12,Unclassified,0,1.0,0,0,
0xC71C71C7,4,130,26.0,5.0,130,18,26,Transcription,2.97,0.00020689244440434562,11,1,Transcription(2.97x)
0x8A28A1,3,183,36.6,5.0,183,11,33,Chromatin,7.67,0.005946636778539999,3,1,Chromatin(7.67x)
0x09D75D,3,43,8.6,5.0,43,6,20,Transcription,4.05,0.0018359526442447652,5,1,Transcription(4.05x)
0x62E62E62E6,5,66,13.2,5.0,66,8,15,Unclassified,0,1.0,0,0,
0xE62E62E62E,5,66,13.2,5.0,66,8,15,Unclassified,0,1.0,0,0,
0x2E62E62E62,5,84,16.8,5.0,84,9,17,Unclassified,0,1.0,0,0,
0xE62E62E6,4,108,21.6,5.0,108,11,24,Unclassified,0,1.0,0,0,
0x62E62E62,4,109,21.8,5.0,109,12,23,Unclassified,0,1.0,0,0,
0x2E62E62E,4,108,21.6,5.0,108,10,21,Unclassified,0,1.0,0,0,
0x62E62E,3,169,33.8,5.0,169,19,35,Unclassified,0,1.0,0,0,
0xE62E62,3,202,40.4,5.0,202,22,53,Cytoskeleton,8.22,0.005471202351967714,3,1,Cytoskeleton(8.22x)
0x2E62E6,3,181,36.2,5.0,181,20,41,Cytoskeleton,9.05,0.004149583128981454,3,1,Cytoskeleton(9.05x)
0x76975D,3,98,19.6,5.0,98,14,28,Chromatin,8.04,0.0011857000920805273,4,1,Chromatin(8.04x)
0x5D85D8,3,117,23.4,5.0,117,14,25,Chromatin,18.08,1.4121847627659767e-10,9,1,Chromatin(18.08x)
0x85D85D,3,22,4.4,5.0,22,7,12,Chromatin,16.07,5.0559787978947196e-05,4,1,Chromatin(16.07x)
0xE61E62E6,4,41,8.2,5.0,41,6,8,RNA processing,14.82,0.000705771710465136,3,1,RNA processing(14.82x)
0x1E61E6,3,58,11.6,5.0,58,8,11,RNA processing,11.12,0.0018787871705125637,3,2,RNA processing(11.12x); Nuc acid bind(5.04x)
0xE61E62,3,74,14.8,5.0,74,8,14,RNA processing,14.82,8.005063930276854e-05,4,2,RNA processing(14.82x); Nuc acid bind(5.04x)
0x1E62E6,3,65,13.0,5.0,65,7,13,RNA processing,12.7,0.0012042609713088905,3,1,RNA processing(12.7x)
0xDB6DB6DB,4,119,23.8,5.0,119,18,25,Nuc acid bind,3.92,0.0011030636290787757,7,1,Nuc acid bind(3.92x)
0x6DB6DB,3,340,68.0,5.0,340,51,70,RNA processing,4.65,0.00027732451277037484,8,4,RNA processing(4.65x); Nuc acid bind(3.56x); Chromatin(3.31x); Transcription(2.28x)
0xB6DB6D,3,397,79.4,5.0,397,55,78,RNA processing,5.93,1.7403821870947353e-06,11,4,RNA processing(5.93x); Chromatin(3.58x); Nuc acid bind(2.75x); Transcription(2.38x)
0xD5B15A,3,80,16.0,5.0,80,7,14,Unclassified,0,1.0,0,0,
0x798798,3,50,10.0,5.0,50,10,17,RNA processing,14.82,9.309306168915814e-06,5,2,RNA processing(14.82x); Nuc acid bind(6.05x)
0x8B9879,3,32,6.4,5.0,32,11,18,RNA processing,16.17,5.657558991137782e-07,6,2,RNA processing(16.17x); Nuc acid bind(6.42x)
0x98798B,3,32,6.4,5.0,32,7,11,RNA processing,12.7,0.0012042609713088905,3,2,RNA processing(12.7x); Nuc acid bind(7.2x)
0x798B98,3,79,15.8,5.0,79,10,19,RNA processing,8.89,0.0038282586542033024,3,2,RNA processing(8.89x); Nuc acid bind(6.05x)
0x09D59D,3,23,4.6,5.0,23,5,6,Unclassified,0,1.0,0,0,
0x5D75D8,3,148,29.6,5.0,148,21,46,Chromatin,8.04,6.689732442993269e-05,6,1,Chromatin(8.04x)
0x7568A2,3,29,5.8,5.0,29,6,14,Unclassified,0,1.0,0,0,
0xF5D75D,3,103,20.6,5.0,103,17,33,Unclassified,0,1.0,0,0,
0x5A159D,3,158,31.6,5.0,158,9,77,Cell adhesion,7.58,0.00582460517924621,3,1,Cell adhesion(7.58x)
0xB28B,2,139,27.6,5.0,139,13,49,Cell cycle,8.3,0.004941110839737182,3,2,Cell cycle(8.3x); DNA repair(6.63x)
0x9A79A79A,4,23,4.6,5.0,23,9,14,Nuc acid bind,8.96,7.511933062994092e-08,8,1,Nuc acid bind(8.96x)
0xA79A79,3,43,8.6,5.0,43,16,23,Nuc acid bind,6.93,2.37757657070342e-08,11,1,Nuc acid bind(6.93x)
0x9A79A7,3,36,7.2,5.0,36,15,23,Nuc acid bind,8.06,2.931952260891764e-10,12,1,Nuc acid bind(8.06x)
0x820820,3,114,22.8,5.0,114,20,45,Nuc acid bind,3.53,0.002250918352060818,7,1,Nuc acid bind(3.53x)
0x77D59D,3,28,5.6,5.0,28,8,11,Cytoskeleton,30.16,4.851929928532672e-06,4,1,Cytoskeleton(30.16x)
0xD75D75D75D,5,307,61.4,5.0,307,33,73,Chromatin,5.11,0.0009517179734789322,6,1,Chromatin(5.11x)
0x82082082,4,30,6.0,5.0,30,7,20,Unclassified,0,1.0,0,0,
0x77DF7D,3,66,13.2,5.0,66,7,21,Unclassified,0,1.0,0,0,
0x082082,3,207,41.4,5.0,207,36,76,Chromatin,3.91,0.008415460023341795,5,1,Chromatin(3.91x)
0xDF5D75,3,101,20.2,5.0,101,12,28,Unclassified,0,1.0,0,0,
0xDB6DB6DB6D,5,62,12.4,5.0,62,12,15,Unclassified,0,1.0,0,0,
0x6DB6DB6DB6,5,39,7.8,5.0,39,10,12,Unclassified,0,1.0,0,0,
0x6DB6DB6D,4,165,33.0,5.0,165,25,32,RNA processing,5.93,0.001292360427586583,5,3,RNA processing(5.93x); Nuc acid bind(2.82x); Transcription(2.33x)
0xB6DB6DB6,4,111,22.2,5.0,111,17,23,Unclassified,0,1.0,0,0,
0x761762,3,42,8.4,5.0,42,7,11,Chromatin,12.05,0.0014027550119515145,3,1,Chromatin(12.05x)
0x28A286,3,99,19.8,5.0,99,13,29,Chromatin,12.98,2.6951986146368463e-06,6,1,Chromatin(12.98x)
0x7D77DF,3,46,9.2,5.0,46,6,17,Unclassified,0,1.0,0,0,
0xA415A5,3,24,4.8,5.0,24,6,6,Ion channel,12.77,6.630424133824674e-06,5,2,Ion channel(12.77x); Transport(8.95x)
0x6975D7,3,47,9.4,5.0,47,15,17,Chromatin,9.37,0.00012370732199375788,5,2,Chromatin(9.37x); Transcription(2.59x)
0xD75D89,3,23,4.6,5.0,23,5,7,Unclassified,0,1.0,0,0,
0x5D89D8,3,32,6.4,5.0,32,5,12,Unclassified,0,1.0,0,0,
0xDCB2CB,3,62,12.4,5.0,62,9,12,Chromatin,21.87,2.301288872248393e-09,7,2,Chromatin(21.87x); Transcription(4.32x)
0x7565A2,3,70,14.0,5.0,70,7,9,Cytoskeleton,17.23,0.005434211464024758,2,1,Cytoskeleton(17.23x)
0x7DF695,3,38,7.6,5.0,38,10,16,Structural,31.15,9.344299124943105e-09,6,2,Structural(31.15x); Cell adhesion(6.82x)
0xDA69A6,3,60,12.0,5.0,60,12,18,Chromatin,7.03,0.0077220357899547955,3,1,Chromatin(7.03x)
0x286286,3,66,13.2,5.0,66,5,13,Transcription,3.88,0.007500360578701421,4,1,Transcription(3.88x)
0x6CB2CB,3,111,22.2,5.0,111,15,17,Chromatin,7.5,0.001571879281202989,4,2,Chromatin(7.5x); Transcription(3.56x)
0xA69B69,3,30,6.0,5.0,30,7,12,Structural,14.83,0.007275776004665881,2,1,Structural(14.83x)
0x1C71C71C71,5,81,16.2,5.0,81,10,18,Chromatin,8.44,0.004440874335035748,3,2,Chromatin(8.44x); Transcription(2.91x)
0x1C71C71C,4,155,31.0,5.0,155,21,33,Chromatin,5.36,0.005823014096320686,4,2,Chromatin(5.36x); Transcription(3.24x)
0x9F7DA6,3,93,18.6,5.0,93,14,25,Structural,33.37,5.629590978020754e-13,9,1,Structural(33.37x)
0x28A28A28A2,5,132,26.4,5.0,132,24,55,Chromatin,4.69,0.0095074511123656,4,1,Chromatin(4.69x)
0xA28A28A28A,5,118,23.6,5.0,118,14,32,Unclassified,0,1.0,0,0,
0x8A28A28A28,5,209,41.8,5.0,209,28,59,Transcription,2.08,0.006284981538114602,12,1,Transcription(2.08x)
0xA28A28A2,4,304,60.8,5.0,304,36,99,Unclassified,0,1.0,0,0,
0xB6DB6DB6DB,5,35,7.0,5.0,35,6,7,Unclassified,0,1.0,0,0,
0xD75DF5,3,90,18.0,5.0,90,16,29,Unclassified,0,1.0,0,0,
0x797797,3,222,44.4,5.0,222,43,62,RNA processing,17.23,2.3990831846496204e-26,25,2,RNA processing(17.23x); Nuc acid bind(7.5x)
0xD75D74,3,126,25.2,5.0,126,19,36,Transcription,2.81,0.00040006823797857777,11,1,Transcription(2.81x)
0xA5D769,3,51,10.2,5.0,51,8,10,Structural,12.98,0.009578618735845498,2,1,Structural(12.98x)
0x672C99,3,66,13.2,5.0,66,16,32,Transcription,4.55,6.330105002269565e-10,15,1,Transcription(4.55x)
0x72CB2CB2,4,42,8.4,5.0,42,7,9,Chromatin,16.07,5.0559787978947196e-05,4,2,Chromatin(16.07x); Transcription(4.86x)
0xF5DA5D,3,22,4.4,5.0,22,5,9,Unclassified,0,1.0,0,0,
0x7457,2,264,52.3,5.0,264,45,104,Unclassified,0,1.0,0,0,
0x5D7628,3,110,22.0,5.0,110,8,18,Unclassified,0,1.0,0,0,
0x71C71C71C7,5,61,12.2,5.0,61,10,16,Transcription,2.91,0.007386187901020373,6,1,Transcription(2.91x)
0xC71C71C71C,5,73,14.6,5.0,73,12,18,Transcription,3.24,0.0007110152375408176,8,1,Transcription(3.24x)
0x5B2CB2,3,117,23.4,5.0,117,13,20,Transcription,2.99,0.0015150534648130252,8,1,Transcription(2.99x)
0x2CB25B,3,24,4.8,5.0,24,6,8,Unclassified,0,1.0,0,0,
0x96CB2C,3,69,13.8,5.0,69,10,14,Transcription,3.88,9.642694729899351e-05,8,1,Transcription(3.88x)
0xD75DF6,3,30,6.0,5.0,30,5,12,Unclassified,0,1.0,0,0,
0x5D75D0,3,75,15.0,5.0,75,6,18,Methylation,18.6,0.004570565337126574,2,1,Methylation(18.6x)
0x5A1E62,3,63,12.6,5.0,63,12,17,Cell adhesion,22.73,4.5720886560113555e-17,12,1,Cell adhesion(22.73x)
0xC72CB2,3,35,7.0,5.0,35,6,8,Unclassified,0,1.0,0,0,
0x617628,3,26,5.2,5.0,26,6,14,Phosphatase,55.74,4.1548320417239554e-09,5,1,Phosphatase(55.74x)
0x761761,3,30,6.0,5.0,30,6,13,RNA processing,14.82,0.000705771710465136,3,1,RNA processing(14.82x)
0x4DA620BD,4,539,107.8,5.0,539,100,280,Transcription,4.86,3.707584559876663e-70,100,1,Transcription(4.86x)
0xC99A4275,4,398,79.6,5.0,398,69,210,Transcription,4.86,1.8614074026957445e-48,69,1,Transcription(4.86x)
0x4DA620,3,536,107.2,5.0,536,107,281,Transcription,4.86,4.43029396633506e-75,107,1,Transcription(4.86x)
0x9A4275,3,413,82.6,5.0,413,93,231,Transcription,4.86,3.0438657911034775e-65,93,1,Transcription(4.86x)
0x560B9C,3,25,5.0,5.0,25,10,18,Transcription,4.86,1.3508959217719712e-07,10,1,Transcription(4.86x)
0x427557,3,115,23.0,5.0,115,18,54,Transcription,4.86,4.2025038246505523e-13,18,1,Transcription(4.86x)
0xA620BD,3,492,98.4,5.0,492,109,256,Transcription,4.86,1.7315099397073693e-76,109,1,Transcription(4.86x)
0xC99A42,3,395,79.0,5.0,395,80,208,Transcription,4.86,3.8732712625008418e-56,80,1,Transcription(4.86x)
0xDB7DB7,3,47,9.4,5.0,47,8,24,Unclassified,0,1.0,0,0,
0x5D85D7,3,31,6.2,5.0,31,5,9,RNA processing,17.79,0.0003619382605806454,3,2,RNA processing(17.79x); Nuc acid bind(8.06x)
0xB98B98,3,204,40.8,5.0,204,19,40,Cytoskeleton,9.52,0.003570249340324058,3,1,Cytoskeleton(9.52x)
0x41841B7D,4,26,5.2,5.0,26,6,7,Cell adhesion,22.73,7.023375953614935e-09,6,1,Cell adhesion(22.73x)
0x194184,3,54,10.8,5.0,54,14,18,Cell adhesion,22.73,8.392600686310102e-20,14,1,Cell adhesion(22.73x)
0x865061,3,35,7.0,5.0,35,9,12,Cell adhesion,22.73,5.721118962852608e-13,9,1,Cell adhesion(22.73x)
0x687988,3,27,5.4,5.0,27,7,10,Cell adhesion,22.73,3.0510062399190295e-10,7,1,Cell adhesion(22.73x)
0x41841B,3,26,5.2,5.0,26,6,7,Cell adhesion,22.73,7.023375953614935e-09,6,1,Cell adhesion(22.73x)
0x841B7D,3,45,9.0,5.0,45,12,14,Cell adhesion,22.73,4.5720886560113555e-17,12,1,Cell adhesion(22.73x)
0x841F7D,3,23,4.6,5.0,23,6,7,Cell adhesion,22.73,7.023375953614935e-09,6,1,Cell adhesion(22.73x)
0x568798,3,58,11.6,5.0,58,14,19,Cell adhesion,21.11,2.6362551249984317e-17,13,1,Cell adhesion(21.11x)
0x941841,3,29,5.8,5.0,29,11,12,Cell adhesion,22.73,1.063725001375142e-15,11,1,Cell adhesion(22.73x)
0x756962,3,25,5.0,5.0,25,9,12,Kinase,10.38,4.077502005778518e-07,7,1,Kinase(10.38x)
0x69F6DA7D,4,53,10.6,5.0,53,7,10,Structural,44.49,3.2693900496531975e-10,6,1,Structural(44.49x)
0x69B7DA,3,56,11.2,5.0,56,14,22,Structural,37.08,5.269661269709958e-15,10,2,Structural(37.08x); Cell adhesion(6.49x)
0xA62E69,3,94,18.8,5.0,94,27,38,Structural,34.61,2.4913311541508947e-25,18,2,Structural(34.61x); Cell adhesion(6.74x)
0x69F42A,3,84,16.8,5.0,84,21,35,Structural,39.55,3.686790698425234e-24,16,2,Structural(39.55x); Cell adhesion(5.41x)
0xDA7D76,3,58,11.6,5.0,58,10,23,Structural,36.34,1.0139567959755331e-10,7,2,Structural(36.34x); Phosphatase(13.38x)
0x69F72A,3,105,21.0,5.0,105,18,30,Structural,40.37,1.7596354945401542e-21,14,1,Structural(40.37x)
0xA62F69,3,92,18.4,5.0,92,23,38,Structural,38.37,3.194086981678836e-25,17,2,Structural(38.37x); Cell adhesion(5.93x)
0xA6DF69,3,64,12.8,5.0,64,12,19,Structural,47.58,1.2172749365475199e-18,11,1,Structural(47.58x)
0xB7DA7D,3,33,6.6,5.0,33,7,14,Structural,29.66,4.471290060254037e-06,4,1,Structural(29.66x)
0xA7DB69,3,61,12.2,5.0,61,18,26,Structural,37.49,2.685296607438313e-19,13,2,Structural(37.49x); Cell adhesion(6.31x)
0x698B9A,3,20,4.0,5.0,20,9,11,Structural,34.61,3.798557057735774e-09,6,1,Structural(34.61x)
0x69F6DA,3,85,17.0,5.0,85,16,22,Structural,35.69,4.1420859069046967e-16,11,2,Structural(35.69x); Cell adhesion(7.1x)
0xF6DA7D,3,63,12.6,5.0,63,6,10,Structural,51.91,4.746637629519053e-11,6,1,Structural(51.91x)
0xDA7DB6,3,39,7.8,5.0,39,14,18,Structural,37.08,5.269661269709958e-15,10,2,Structural(37.08x); Cell adhesion(6.49x)
0xDA6DF6,3,31,6.2,5.0,31,9,14,Structural,34.61,3.798557057735774e-09,6,2,Structural(34.61x); Cell adhesion(7.58x)
0x69B6DA,3,21,4.2,5.0,21,7,15,Structural,44.49,3.2693900496531975e-10,6,1,Structural(44.49x)
0xD75D77,3,117,23.4,5.0,117,16,33,Chromatin,7.03,0.002037599744906197,4,2,Chromatin(7.03x); Transcription(2.43x)
0x61861861,4,137,27.4,5.0,137,15,40,Unclassified,0,1.0,0,0,
0x7DA7D7,3,45,9.0,5.0,45,9,28,Phosphatase,22.29,0.00025778198268374655,3,2,Phosphatase(22.29x); Kinase(5.93x)
0xE623,2,73,14.5,5.0,73,13,23,Unclassified,0,1.0,0,0,
0xD76DB6,3,20,4.0,5.0,20,5,11,Unclassified,0,1.0,0,0,
0xA5D75D,3,58,11.6,5.0,58,12,22,Chromatin,11.72,3.564396848200867e-05,5,2,Chromatin(11.72x); Transcription(2.83x)
0x1369882F,4,325,65.0,5.0,325,73,195,Transcription,4.86,3.0117263172188293e-51,73,1,Transcription(4.86x)
0x69882F,3,344,68.8,5.0,344,85,204,Transcription,4.86,1.2293017281889818e-59,85,1,Transcription(4.86x)
0x136988,3,315,63.0,5.0,315,74,188,Transcription,4.86,6.034498440832245e-52,74,1,Transcription(4.86x)
0x77275D,3,67,13.4,5.0,67,8,27,Transcription,3.64,0.001444001908202713,6,1,Transcription(3.64x)
0x75DB5D,3,58,11.6,5.0,58,9,24,Transcription,3.24,0.0035757415793988495,6,1,Transcription(3.24x)
0x75D76D,3,99,19.8,5.0,99,8,30,DNA repair,10.78,0.0020527319756459693,3,2,DNA repair(10.78x); Chromatin(10.55x)
0xA79A69,3,41,8.2,5.0,41,13,19,Nuc acid bind,10.08,8.409101951397818e-14,13,2,Nuc acid bind(10.08x); RNA processing(6.84x)
0x9A69E6,3,27,5.4,5.0,27,11,13,Nuc acid bind,10.08,8.720027089653114e-12,11,1,Nuc acid bind(10.08x)
0x69E69E,3,51,10.2,5.0,51,13,23,Nuc acid bind,8.53,5.632050679166627e-10,11,1,Nuc acid bind(8.53x)
0x8618618618,5,79,15.8,5.0,79,9,29,Nuc acid bind,5.6,0.0008519562962114983,5,1,Nuc acid bind(5.6x)
0x86186186,4,141,28.2,5.0,141,18,49,Nuc acid bind,5.04,1.9075270140552874e-05,9,1,Nuc acid bind(5.04x)
0xDA5DF6,3,27,5.4,5.0,27,7,13,Structural,14.83,0.007275776004665881,2,2,Structural(14.83x); Cell adhesion(9.74x)
0x75D74D,3,97,19.4,5.0,97,11,31,Unclassified,0,1.0,0,0,
0xE7975D,3,35,7.0,5.0,35,6,10,Unclassified,0,1.0,0,0,
0xDF7DF6,3,122,24.4,5.0,122,16,44,Transcription,2.43,0.00837540827888861,8,1,Transcription(2.43x)
0xB7DF7D,3,128,25.6,5.0,128,10,33,Unclassified,0,1.0,0,0,
0x75D772,3,35,7.0,5.0,35,6,9,Unclassified,0,1.0,0,0,
0x4DC4DC,3,35,7.0,5.0,35,5,22,Unclassified,0,1.0,0,0,
0xC4DC4D,3,32,6.4,5.0,32,6,24,Unclassified,0,1.0,0,0,
0xDC4DC4,3,34,6.8,5.0,34,6,22,Unclassified,0,1.0,0,0,
0x116189,3,21,4.2,5.0,21,6,11,Structural,17.3,0.005263506507095355,2,1,Structural(17.3x)
0xD75D76,3,306,61.2,5.0,306,23,66,Chromatin,11.01,4.334394041067138e-08,9,2,Chromatin(11.01x); DNA repair(5.0x)
0x8BD8BD,3,74,14.8,5.0,74,14,24,Kinase,7.62,1.921560063022586e-06,8,1,Kinase(7.62x)
0x698B9F,3,69,13.8,5.0,69,19,39,Transcription,4.86,8.597864487644327e-14,19,1,Transcription(4.86x)
0x8B9F55,3,25,5.0,5.0,25,8,13,Transcription,4.86,3.2046841631806567e-06,8,1,Transcription(4.86x)
0x420820,3,52,10.4,5.0,52,5,17,Unclassified,0,1.0,0,0,
0x9D75D7,3,67,13.4,5.0,67,10,17,Unclassified,0,1.0,0,0,
0x69A69A69A6,5,61,12.2,5.0,61,12,22,Nuc acid bind,7.56,1.5012594967844666e-07,9,2,Nuc acid bind(7.56x); RNA processing(7.41x)
0xA69A69A69A,5,70,14.0,5.0,70,13,24,Nuc acid bind,7.75,1.9155051026044948e-08,10,2,Nuc acid bind(7.75x); RNA processing(6.84x)
0x9A69A69A69,5,58,11.6,5.0,58,18,29,RNA processing,6.59,0.0026766844897204954,4,2,RNA processing(6.59x); Nuc acid bind(6.16x)
0x8A2B62,3,106,21.2,5.0,106,9,16,Cytoskeleton,26.81,8.620478188304372e-06,4,1,Cytoskeleton(26.81x)
0x8A2896,3,66,13.2,5.0,66,6,17,Cytoskeleton,30.16,8.636973966823249e-05,3,1,Cytoskeleton(30.16x)
0x8BD9,2,94,18.6,5.0,94,17,41,Kinase,3.92,0.0067566719580344345,5,1,Kinase(3.92x)
0x8968A2,3,76,15.2,5.0,76,5,17,Cytoskeleton,24.12,0.0026449484598850517,2,1,Cytoskeleton(24.12x)
0xE5DE5D,3,400,80.0,5.0,400,51,129,RNA processing,18.02,2.6602282259086082e-33,31,2,RNA processing(18.02x); Nuc acid bind(7.51x)
0x9081,2,117,23.3,5.0,117,20,50,Unclassified,0,1.0,0,0,
0x75D35D,3,88,17.6,5.0,88,8,25,Unclassified,0,1.0,0,0,
0x5D75DB,3,80,16.0,5.0,80,18,54,Ubiquitin,11.62,1.33267784651528e-07,8,2,Ubiquitin(11.62x); RNA processing(11.53x)
0xDF7D77,3,62,12.4,5.0,62,10,23,Unclassified,0,1.0,0,0,
0xD77276,3,26,5.2,5.0,26,6,8,Transcription,4.05,0.0018359526442447652,5,1,Transcription(4.05x)
0x5D7797,3,29,5.8,5.0,29,6,10,Unclassified,0,1.0,0,0,
0x8A28B9,3,74,14.8,5.0,74,7,28,Unclassified,0,1.0,0,0,
0x5DE5D5,3,23,4.6,5.0,23,6,6,Cytoskeleton,20.1,0.003924237819993463,2,2,Cytoskeleton(20.1x); Kinase(8.9x)
0x36D5B1,3,92,18.4,5.0,92,5,13,Unclassified,0,1.0,0,0,
0xDF72CB,3,26,5.2,5.0,26,5,6,Chromatin,16.87,0.00042276870904518185,3,2,Chromatin(16.87x); Transcription(4.86x)
0xCBDF7D,3,41,8.2,5.0,41,6,12,Unclassified,0,1.0,0,0,
0xE61E61,3,31,6.2,5.0,31,7,12,RNA processing,16.94,4.111936267346344e-05,4,2,RNA processing(16.94x); Nuc acid bind(7.2x)
0x7DF7D5,3,75,15.0,5.0,75,8,29,Unclassified,0,1.0,0,0,
0xF7DB7D,3,76,15.2,5.0,76,9,23,Unclassified,0,1.0,0,0,
0x8B98B9,3,233,46.6,5.0,233,19,47,Unclassified,0,1.0,0,0,
0x7797797797,5,47,9.4,5.0,47,12,14,RNA processing,24.7,1.0471531641047848e-13,10,2,RNA processing(24.7x); Nuc acid bind(9.24x)
0x9779779779,5,43,8.6,5.0,43,8,11,RNA processing,22.23,3.738311458230227e-08,6,2,RNA processing(22.23x); Nuc acid bind(8.82x)
0x7977977977,5,48,9.6,5.0,48,10,12,RNA processing,26.68,4.971558872385089e-13,9,2,RNA processing(26.68x); Nuc acid bind(10.08x)
0x77977977,4,91,18.2,5.0,91,22,26,RNA processing,22.91,1.4665163824619365e-21,17,2,RNA processing(22.91x); Nuc acid bind(8.71x)
0x97797797,4,74,14.8,5.0,74,18,23,RNA processing,21.41,4.3384120413832664e-16,13,2,RNA processing(21.41x); Nuc acid bind(8.96x)
0x79779779,4,96,19.2,5.0,96,20,26,RNA processing,20.75,6.189018107666848e-17,14,2,RNA processing(20.75x); Nuc acid bind(9.07x)
0x5DE5DE5D,4,92,18.4,5.0,92,28,36,RNA processing,20.11,3.5059482573383578e-22,19,2,RNA processing(20.11x); Nuc acid bind(9.0x)
0x37DF5D,3,26,5.2,5.0,26,6,9,Unclassified,0,1.0,0,0,
0x5DE5DE,3,136,27.2,5.0,136,32,47,RNA processing,19.45,6.2784527934980844e-24,21,2,RNA processing(19.45x); Nuc acid bind(8.51x)
0x977977,3,150,30.0,5.0,150,33,44,RNA processing,21.56,6.360277294504771e-29,24,2,RNA processing(21.56x); Nuc acid bind(8.25x)
0xDE5DE5,3,89,17.8,5.0,89,27,39,RNA processing,20.86,1.162217030583273e-22,19,2,RNA processing(20.86x); Nuc acid bind(8.96x)
0xF7D5BD,3,74,14.8,5.0,74,6,25,Unclassified,0,1.0,0,0,
0xDB5D75,3,24,4.8,5.0,24,7,14,Unclassified,0,1.0,0,0,
0xDF56C6,3,63,12.6,5.0,63,5,12,Ubiquitin,15.69,0.0005240257959213309,3,2,Ubiquitin(15.69x); Signaling(4.05x)
0xE79E79,3,92,18.4,5.0,92,6,47,Unclassified,0,1.0,0,0,
0x1861861861,5,59,11.8,5.0,59,8,20,Nuc acid bind,5.04,0.00485809886759974,4,1,Nuc acid bind(5.04x)
0x6186186186,5,84,16.8,5.0,84,8,25,Nuc acid bind,5.04,0.00485809886759974,4,1,Nuc acid bind(5.04x)
0x28968A,3,111,22.2,5.0,111,6,33,Unclassified,0,1.0,0,0,
0x2CB2C8,3,44,8.8,5.0,44,7,8,Chromatin,16.07,5.0559787978947196e-05,4,2,Chromatin(16.07x); Transcription(4.16x)
0x75DE5D,3,33,6.6,5.0,33,6,9,Nuc acid bind,6.72,0.0012256128511476448,4,1,Nuc acid bind(6.72x)
0x8B98B98B,4,105,21.0,5.0,105,7,16,Unclassified,0,1.0,0,0,
0x769A69,3,91,18.2,5.0,91,11,13,Unclassified,0,1.0,0,0,
0x98B98B,3,122,24.4,5.0,122,12,22,Unclassified,0,1.0,0,0,
0x65765C,3,20,4.0,5.0,20,8,11,Kinase,10.01,4.273260017614417e-06,6,1,Kinase(10.01x)
0x596596,3,93,18.6,5.0,93,9,39,Cell adhesion,7.58,0.00582460517924621,3,1,Cell adhesion(7.58x)
0x98B98B98B9,5,71,14.2,5.0,71,7,12,Unclassified,0,1.0,0,0,
0x98B98B98,4,108,21.6,5.0,108,9,17,Unclassified,0,1.0,0,0,
0xB98B98B9,4,108,21.6,5.0,108,7,16,Unclassified,0,1.0,0,0,
0x62E61E,3,38,7.6,5.0,38,6,10,RNA processing,14.82,0.000705771710465136,3,1,RNA processing(14.82x)
0x5AD896,3,50,10.0,5.0,50,6,6,Unclassified,0,1.0,0,0,
0x5D76DF,3,25,5.0,5.0,25,5,12,Unclassified,0,1.0,0,0,
0xDE5D75,3,39,7.8,5.0,39,8,12,Nuc acid bind,5.04,0.00485809886759974,4,1,Nuc acid bind(5.04x)
0xE62E61,3,50,10.0,5.0,50,8,13,Unclassified,0,1.0,0,0,
0x2E61E6,3,31,6.2,5.0,31,7,11,Unclassified,0,1.0,0,0,
0x61E62E,3,44,8.8,5.0,44,6,10,Unclassified,0,1.0,0,0,
0xDF56C5,3,83,16.6,5.0,83,6,13,Unclassified,0,1.0,0,0,
0x5B15AD,3,25,5.0,5.0,25,6,12,Unclassified,0,1.0,0,0,
0xDF7DB7,3,71,14.2,5.0,71,5,22,Unclassified,0,1.0,0,0,
0xD34D34,3,124,24.8,5.0,124,9,35,Unclassified,0,1.0,0,0,
0x75D762,3,63,12.6,5.0,63,7,15,Unclassified,0,1.0,0,0,
0x1369882F51,5,149,29.8,5.0,149,36,99,Transcription,4.86,1.5649798979129732e-25,36,1,Transcription(4.86x)
0x171369882F,5,248,49.6,5.0,248,44,139,Transcription,4.86,4.503127125240731e-31,44,1,Transcription(4.86x)
0x69882F51,4,170,34.0,5.0,170,42,109,Transcription,4.86,1.0958416124234915e-29,42,1,Transcription(4.86x)
0x17136988,4,266,53.2,5.0,266,50,150,Transcription,4.86,3.096443707737251e-35,50,1,Transcription(4.86x)
0x882F51,3,198,39.6,5.0,198,45,122,Transcription,4.86,9.123274878375114e-32,45,1,Transcription(4.86x)
0x2F5109,3,34,6.8,5.0,34,8,22,Transcription,4.86,3.2046841631806567e-06,8,1,Transcription(4.86x)
0x171369,3,298,59.6,5.0,298,65,174,Transcription,4.86,1.1433990125631118e-45,65,1,Transcription(4.86x)
0x5C4DA620BD,5,474,94.8,5.0,474,79,242,Transcription,4.86,1.937571204019141e-55,79,1,Transcription(4.86x)
0x4DA620BD47,5,28,5.6,5.0,28,8,14,Transcription,4.86,3.2046841631806567e-06,8,1,Transcription(4.86x)
0x5C4DA620,4,495,99.0,5.0,495,87,259,Transcription,4.86,4.8877907606332465e-61,87,1,Transcription(4.86x)
0xA620BD47,4,28,5.6,5.0,28,8,14,Transcription,4.86,3.2046841631806567e-06,8,1,Transcription(4.86x)
0x5C4DA6,3,540,108.0,5.0,540,108,290,Transcription,4.86,8.760201684183398e-76,108,1,Transcription(4.86x)
0x20BD47,3,28,5.6,5.0,28,8,14,Transcription,4.86,3.2046841631806567e-06,8,1,Transcription(4.86x)
0xBD4426,3,43,8.6,5.0,43,17,30,Transcription,4.86,2.053352830271332e-12,17,1,Transcription(4.86x)
0x76D75D,3,58,11.6,5.0,58,8,17,Unclassified,0,1.0,0,0,
0x5DE5DE5DE5,5,27,5.4,5.0,27,15,15,RNA processing,23.71,7.510968883401237e-16,12,2,RNA processing(23.71x); Nuc acid bind(9.41x)
0xE5DE5DE5,4,60,12.0,5.0,60,20,26,RNA processing,22.23,8.278825383960552e-19,15,2,RNA processing(22.23x); Nuc acid bind(9.58x)
0x987987,3,28,5.6,5.0,28,7,12,RNA processing,16.94,4.111936267346344e-05,4,2,RNA processing(16.94x); Nuc acid bind(7.2x)
0x879879,3,29,5.8,5.0,29,9,14,RNA processing,19.76,1.0896319482044645e-07,6,2,RNA processing(19.76x); Nuc acid bind(6.72x)
0x565965,3,71,14.2,5.0,71,8,29,Unclassified,0,1.0,0,0,
0x37D75D,3,61,12.2,5.0,61,6,26,Unclassified,0,1.0,0,0,
0x5D75D5,3,94,18.8,5.0,94,11,34,Unclassified,0,1.0,0,0,
0x75D756,3,136,27.2,5.0,136,16,45,Transcription,2.43,0.00837540827888861,8,1,Transcription(2.43x)
0xDF5DF6,3,60,12.0,5.0,60,10,13,Unclassified,0,1.0,0,0,
0x77D756,3,27,5.4,5.0,27,5,7,Unclassified,0,1.0,0,0,
0x650610,3,33,6.6,5.0,33,14,17,Cell adhesion,22.73,8.392600686310102e-20,14,1,Cell adhesion(22.73x)
0x0A2E62,3,42,8.4,5.0,42,5,19,Unclassified,0,1.0,0,0,
0xD75D95,3,39,7.8,5.0,39,5,11,Unclassified,0,1.0,0,0,
0xE5DE5DE5DE,5,31,6.2,5.0,31,12,14,RNA processing,24.7,1.0471531641047848e-13,10,2,RNA processing(24.7x); Nuc acid bind(10.08x)
0xDE5DE5DE5D,5,36,7.2,5.0,36,14,16,RNA processing,23.29,1.837351322679082e-14,11,2,RNA processing(23.29x); Nuc acid bind(9.36x)
0xDE5DE5DE,4,46,9.2,5.0,46,15,20,RNA processing,23.71,7.510968883401237e-16,12,2,RNA processing(23.71x); Nuc acid bind(9.41x)
0xD75D36,3,29,5.8,5.0,29,5,9,Unclassified,0,1.0,0,0,
0x77977D,3,24,4.8,5.0,24,7,8,RNA processing,21.17,8.438967131733235e-07,5,2,RNA processing(21.17x); Nuc acid bind(5.76x)
0x35D75D,3,115,23.0,5.0,115,8,28,Unclassified,0,1.0,0,0,
0x762762,3,28,5.6,5.0,28,10,16,Kinase,10.67,3.7805417265986455e-08,8,1,Kinase(10.67x)
0xE5D59D,3,65,13.0,5.0,65,8,20,Cytoskeleton,30.16,4.851929928532672e-06,4,1,Cytoskeleton(30.16x)
0xA55F69,3,64,12.8,5.0,64,18,24,Structural,37.49,2.685296607438313e-19,13,2,Structural(37.49x); Cell adhesion(6.31x)
0xA65F69,3,23,4.6,5.0,23,7,12,Structural,37.08,5.139058072912177e-08,5,1,Structural(37.08x)
0x5A7DF6,3,32,6.4,5.0,32,10,15,Structural,51.91,5.630238297319891e-18,10,1,Structural(51.91x)
0x69882A,3,77,15.4,5.0,77,14,21,Structural,48.2,4.694490843531382e-22,13,1,Structural(48.2x)
0xA72F69,3,23,4.6,5.0,23,7,11,Structural,44.49,3.2693900496531975e-10,6,1,Structural(44.49x)
0x69F65A,3,28,5.6,5.0,28,10,13,Structural,41.53,7.188930123063806e-13,8,1,Structural(41.53x)
0x7DF69C,3,27,5.4,5.0,27,6,8,Structural,34.61,1.945633214811228e-06,4,1,Structural(34.61x)
0x690BDA,3,26,5.2,5.0,26,8,16,Structural,45.42,6.985238208033605e-12,7,1,Structural(45.42x)
0xF69F5D,3,58,11.6,5.0,58,10,28,Structural,15.57,0.000764820773920954,3,1,Structural(15.57x)
0xA71F69,3,22,4.4,5.0,22,6,10,Structural,43.26,1.491655092615288e-08,5,1,Structural(43.26x)
0xA5DF69,3,45,9.0,5.0,45,13,24,Structural,39.93,1.5311177794157615e-15,10,1,Structural(39.93x)
0xDA56F6,3,105,21.0,5.0,105,16,32,Structural,29.2,3.111197602671913e-12,9,2,Structural(29.2x); Cell adhesion(8.52x)
0xA7D0A9,3,58,11.6,5.0,58,10,25,Structural,20.76,2.5632559818212926e-05,4,2,Structural(20.76x); Cell adhesion(11.37x)
0x95BDA6,3,27,5.4,5.0,27,5,11,Structural,31.15,6.845459681147183e-05,3,1,Structural(31.15x)
0xA7DCA9,3,43,8.6,5.0,43,9,14,Structural,23.07,1.5614814000804126e-05,4,1,Structural(23.07x)
0x75DA5D,3,67,13.4,5.0,67,8,22,Unclassified,0,1.0,0,0,
0xD8BD8B,3,21,4.2,5.0,21,9,16,Kinase,10.38,4.077502005778518e-07,7,1,Kinase(10.38x)
0x8A2962,3,45,9.0,5.0,45,5,23,Unclassified,0,1.0,0,0,
0x75D85D,3,76,15.2,5.0,76,7,22,Chromatin,12.05,0.0014027550119515145,3,1,Chromatin(12.05x)
0x618A28,3,65,13.0,5.0,65,8,21,DNA repair,10.78,0.0020527319756459693,3,1,DNA repair(10.78x)
0x8618A2,3,33,6.6,5.0,33,8,16,Chromatin,10.55,0.002185438339348083,3,1,Chromatin(10.55x)
0xD76276,3,28,5.6,5.0,28,5,7,Unclassified,0,1.0,0,0,
0x59D75D,3,44,8.8,5.0,44,8,23,Unclassified,0,1.0,0,0,
0x5DF5D7,3,41,8.2,5.0,41,6,16,Unclassified,0,1.0,0,0,
0x628628,3,173,34.6,5.0,173,14,35,Cytoskeleton,12.92,0.0014253288752570272,3,1,Cytoskeleton(12.92x)
0x69F72A7D,4,28,5.6,5.0,28,6,10,Structural,34.61,1.945633214811228e-06,4,1,Structural(34.61x)
0x2A7DF6,3,75,15.0,5.0,75,12,22,Structural,30.28,6.476129314686899e-10,7,2,Structural(30.28x); Cell adhesion(7.58x)
0xF72A7D,3,24,4.8,5.0,24,6,11,Structural,34.61,1.945633214811228e-06,4,1,Structural(34.61x)
0xA25A28,3,29,5.8,5.0,29,5,14,Unclassified,0,1.0,0,0,
0xBDA7DF69,4,50,10.0,5.0,50,14,19,Structural,29.66,4.489493492826605e-11,8,2,Structural(29.66x); Cell adhesion(9.74x)
0x69F7DA56,4,25,5.0,5.0,25,7,13,Structural,44.49,3.2693900496531975e-10,6,1,Structural(44.49x)
0xA56F69F7,4,23,4.6,5.0,23,5,10,Structural,31.15,6.845459681147183e-05,3,1,Structural(31.15x)
0xA42F69,3,40,8.0,5.0,40,11,19,Structural,42.47,1.6260987740310493e-14,9,1,Structural(42.47x)
0x69F79A,3,56,11.2,5.0,56,15,24,Structural,48.45,9.074048115190634e-24,14,1,Structural(48.45x)
0xA7DE69,3,74,14.8,5.0,74,21,32,Structural,39.55,3.686790698425234e-24,16,1,Structural(39.55x)
0xF7DA56,3,31,6.2,5.0,31,8,14,Structural,32.44,1.3489688143559615e-07,5,1,Structural(32.44x)
0x56F698,3,21,4.2,5.0,21,6,7,Structural,25.96,0.00013496356040813243,3,1,Structural(25.96x)
0xA62CA9,3,28,5.6,5.0,28,8,11,Structural,51.91,1.651437047403689e-14,8,1,Structural(51.91x)
0x6F69F7,3,26,5.2,5.0,26,6,11,Structural,34.61,1.945633214811228e-06,4,1,Structural(34.61x)
0xF69F72,3,36,7.2,5.0,36,5,9,Structural,31.15,6.845459681147183e-05,3,1,Structural(31.15x)
0x6987DA,3,28,5.6,5.0,28,11,14,Structural,42.47,1.6260987740310493e-14,9,1,Structural(42.47x)
0x95BDA7,3,27,5.4,5.0,27,8,15,Cell adhesion,14.21,8.087722612897776e-06,5,2,Cell adhesion(14.21x); Structural(12.98x)
0xBDA7DF,3,21,4.2,5.0,21,6,8,Cell adhesion,18.94,9.329023425259801e-07,5,1,Cell adhesion(18.94x)
0x8A18A2,3,123,24.6,5.0,123,21,41,Cytoskeleton,8.62,0.0047827793958664586,3,2,Cytoskeleton(8.62x); Transcription(2.31x)
0x828A28,3,77,15.4,5.0,77,5,27,Ion channel,9.19,0.0025058949398156756,3,1,Ion channel(9.19x)
0xA5DA69,3,26,5.2,5.0,26,8,13,Unclassified,0,1.0,0,0,
0x7DF56F,3,71,14.2,5.0,71,5,19,Unclassified,0,1.0,0,0,
0xDC4DA620,4,93,18.6,5.0,93,24,56,Transcription,4.86,3.0645655310369683e-17,24,1,Transcription(4.86x)
0xDC4DA6,3,132,26.4,5.0,132,38,73,Transcription,4.86,6.460175513088938e-27,38,1,Transcription(4.86x)
0xE4DC4D,3,103,20.6,5.0,103,23,52,Transcription,4.86,1.5007145693144815e-16,23,1,Transcription(4.86x)
0x506106,3,22,4.4,5.0,22,9,10,Cell adhesion,22.73,5.721118962852608e-13,9,1,Cell adhesion(22.73x)
0xC4DA62,3,432,86.4,5.0,432,101,225,Transcription,4.81,3.0095296948902447e-68,100,1,Transcription(4.81x)
0xD75DB6,3,35,7.0,5.0,35,5,15,Methylation,22.32,0.0030833404786065905,2,1,Methylation(22.32x)
0x618A18,3,82,16.4,5.0,82,9,16,Unclassified,0,1.0,0,0,
0x8A2882,3,91,18.2,5.0,91,8,47,Unclassified,0,1.0,0,0,
0x18A28A,3,95,19.0,5.0,95,16,38,Unclassified,0,1.0,0,0,
0xDF6DF6,3,69,13.8,5.0,69,5,33,Unclassified,0,1.0,0,0,
0x6DF6DF,3,43,8.6,5.0,43,6,28,Unclassified,0,1.0,0,0,
0x71369882F5,5,988,197.6,5.0,988,121,511,Transcription,4.86,5.970438707651952e-85,121,1,Transcription(4.86x)
0x71369882,4,1007,201.4,5.0,1007,125,525,Transcription,4.86,8.906458280746591e-88,125,1,Transcription(4.86x)
0x369882F5,4,985,197.0,5.0,985,123,508,Transcription,4.86,2.3078098439811878e-86,123,1,Transcription(4.86x)
0x713698,3,1046,209.2,5.0,1046,141,546,Transcription,4.86,4.138583562154692e-99,141,1,Transcription(4.86x)
0x369882,3,910,182.0,5.0,910,124,487,Transcription,4.86,4.534596783925796e-87,124,1,Transcription(4.86x)
0x9882F5,3,776,155.2,5.0,776,114,417,Transcription,4.86,5.192969216822263e-80,114,1,Transcription(4.86x)
0xF51099,3,39,7.8,5.0,39,11,25,Transcription,4.86,2.7720322109269433e-08,11,1,Transcription(4.86x)
0x618628,3,81,16.2,5.0,81,13,24,Chromatin,6.49,0.00977728756436635,3,1,Chromatin(6.49x)
0xA69E69,3,61,12.2,5.0,61,14,25,Nuc acid bind,8.64,6.447500082098638e-11,12,1,Nuc acid bind(8.64x)
0x861862,3,42,8.4,5.0,42,6,16,Unclassified,0,1.0,0,0,
0x69A79A,3,51,10.2,5.0,51,7,19,Nuc acid bind,8.64,6.025244923133212e-06,6,1,Nuc acid bind(8.64x)
0x9A79A6,3,57,11.4,5.0,57,15,30,Nuc acid bind,8.74,7.29494450393886e-12,13,1,Nuc acid bind(8.74x)
0x8A1861,3,101,20.2,5.0,101,9,16,Chromatin,9.37,0.003192181597479,3,1,Chromatin(9.37x)
0x98A28A,3,28,5.6,5.0,28,5,10,Unclassified,0,1.0,0,0,
0x69F5DA,3,31,6.2,5.0,31,9,11,Structural,34.61,3.798557057735774e-09,6,2,Structural(34.61x); Phosphatase(14.86x)
0xDA6DB6,3,23,4.6,5.0,23,8,11,Structural,32.44,1.3489688143559615e-07,5,1,Structural(32.44x)
0xDF4DF6,3,53,10.6,5.0,53,7,16,Unclassified,0,1.0,0,0,
0x42A620A9,4,20,4.0,5.0,20,6,7,Structural,34.61,1.945633214811228e-06,4,1,Structural(34.61x)
0x72A7DF69,4,36,7.2,5.0,36,5,10,Cell adhesion,18.19,1.784630309819039e-05,4,1,Cell adhesion(18.19x)
0x2A620A,3,49,9.8,5.0,49,9,17,Structural,40.37,3.0921928987880444e-11,7,1,Structural(40.37x)
0x42A620,3,22,4.4,5.0,22,7,9,Structural,37.08,5.139058072912177e-08,5,1,Structural(37.08x)
0xDF695B,3,27,5.4,5.0,27,9,14,Structural,34.61,3.798557057735774e-09,6,1,Structural(34.61x)
0x698BDA,3,45,9.0,5.0,45,11,19,Structural,33.03,2.7430110667376035e-10,7,2,Structural(33.03x); Cell adhesion(8.27x)
0x69E69E69,4,47,9.4,5.0,47,10,17,Nuc acid bind,9.07,8.212544846041752e-09,9,1,Nuc acid bind(9.07x)
0x69E69A,3,40,8.0,5.0,40,16,19,Nuc acid bind,10.08,7.910852273706074e-17,16,1,Nuc acid bind(10.08x)
0xE69E69,3,147,29.4,5.0,147,22,36,Nuc acid bind,8.25,3.752077824593065e-15,18,1,Nuc acid bind(8.25x)
0x9E69E6,3,62,12.4,5.0,62,8,16,Nuc acid bind,8.82,6.782349742072421e-07,7,1,Nuc acid bind(8.82x)
0x5D7560,3,51,10.2,5.0,51,6,20,Unclassified,0,1.0,0,0,
0x7975D7,3,62,12.4,5.0,62,7,14,Nuc acid bind,5.76,0.002635212095418059,4,1,Nuc acid bind(5.76x)
0xC4DA62E7,4,41,8.2,5.0,41,14,30,Transcription,4.51,1.3216084022982544e-08,13,1,Transcription(4.51x)
0xDA62E7,3,40,8.0,5.0,40,15,29,Transcription,4.86,4.8965331802935974e-11,15,1,Transcription(4.86x)
0xF5D74D,3,37,7.4,5.0,37,6,10,Unclassified,0,1.0,0,0,
0xF56F7D,3,46,9.2,5.0,46,6,17,Unclassified,0,1.0,0,0,
0x93713698,4,83,16.6,5.0,83,16,47,Transcription,4.86,1.0028987241334622e-11,16,1,Transcription(4.86x)
0x937136,3,82,16.4,5.0,82,17,46,Transcription,4.86,2.053352830271332e-12,17,1,Transcription(4.86x)
0x6937DA,3,23,4.6,5.0,23,6,10,Structural,34.61,1.945633214811228e-06,4,1,Structural(34.61x)
0xA7D769,3,28,5.6,5.0,28,12,15,Structural,34.61,7.649803248810805e-12,8,2,Structural(34.61x); Phosphatase(16.72x)
0x6988DA,3,20,4.0,5.0,20,5,6,Structural,51.91,2.525647134604806e-09,5,1,Structural(51.91x)
0x6957DA,3,29,5.8,5.0,29,15,17,Structural,51.91,1.1041286536748929e-26,15,1,Structural(51.91x)
0x7DB69F,3,27,5.4,5.0,27,9,12,Structural,40.37,3.0921928987880444e-11,7,1,Structural(40.37x)
0xDA7DE6,3,34,6.8,5.0,34,8,15,Structural,38.93,1.2868003052371783e-09,6,1,Structural(38.93x)
0xE69F7D,3,26,5.2,5.0,26,10,15,Structural,31.15,9.344299124943105e-09,6,1,Structural(31.15x)
0x2F62F6,3,32,6.4,5.0,32,16,23,Kinase,10.01,3.9848785115681034e-11,12,1,Kinase(10.01x)
0x8618A1,3,80,16.0,5.0,80,10,21,Unclassified,0,1.0,0,0,
0xDF7DF4,3,75,15.0,5.0,75,6,22,Unclassified,0,1.0,0,0,
0xDA5D75,3,57,11.4,5.0,57,7,15,Unclassified,0,1.0,0,0,
0x797567,3,32,6.4,5.0,32,6,11,Cytoskeleton,20.1,0.003924237819993463,2,1,Cytoskeleton(20.1x)
0x175D76,3,82,16.4,5.0,82,6,25,Unclassified,0,1.0,0,0,
0x76175D,3,31,6.2,5.0,31,6,14,Unclassified,0,1.0,0,0,
0xCB2CAD,3,35,7.0,5.0,35,6,7,Transcription,4.05,0.0018359526442447652,5,1,Transcription(4.05x)
0xC4DA620B,4,367,73.4,5.0,367,83,201,Transcription,4.8,1.0300644042696041e-55,82,1,Transcription(4.8x)
0xDA620B,3,359,71.8,5.0,359,86,197,Transcription,4.86,2.451713950122774e-60,86,1,Transcription(4.86x)
0xDF5DF7,3,27,5.4,5.0,27,5,14,Unclassified,0,1.0,0,0,
0x628A28A2,4,57,11.4,5.0,57,10,20,Chromatin,11.25,0.0002785652098465909,4,1,Chromatin(11.25x)
0xA7DF7D,3,60,12.0,5.0,60,7,11,RNA processing,12.7,0.0012042609713088905,3,1,RNA processing(12.7x)
0xF7DF69,3,33,6.6,5.0,33,8,15,RNA processing,11.12,0.0018787871705125637,3,2,RNA processing(11.12x); Nuc acid bind(7.56x)
0x862861,3,52,10.4,5.0,52,9,18,Chromatin,9.37,0.003192181597479,3,1,Chromatin(9.37x)
0x56F7DF,3,57,11.4,5.0,57,6,14,Unclassified,0,1.0,0,0,
0x896596,3,48,9.6,5.0,48,5,11,Unclassified,0,1.0,0,0,
0xD76176,3,49,9.8,5.0,49,5,13,Unclassified,0,1.0,0,0,
0x75D761,3,66,13.2,5.0,66,6,13,Nuc acid bind,6.72,0.0012256128511476448,4,1,Nuc acid bind(6.72x)
0x79A79A79,4,23,4.6,5.0,23,8,12,Nuc acid bind,8.82,6.782349742072421e-07,7,1,Nuc acid bind(8.82x)
0x5D35D7,3,38,7.6,5.0,38,8,19,Unclassified,0,1.0,0,0,
0x58A28A,3,24,4.8,5.0,24,5,14,Unclassified,0,1.0,0,0,
0x5D09D7,3,35,7.0,5.0,35,5,20,Transcription,3.88,0.007500360578701421,4,1,Transcription(3.88x)
0x5D74D7,3,56,11.2,5.0,56,7,16,Chromatin,12.05,0.0014027550119515145,3,1,Chromatin(12.05x)
0xD77D75,3,22,4.4,5.0,22,6,9,Unclassified,0,1.0,0,0,
0xCB2CBD,3,35,7.0,5.0,35,6,7,Unclassified,0,1.0,0,0,
0x175D75,3,28,5.6,5.0,28,6,14,Transcription,4.05,0.0018359526442447652,5,1,Transcription(4.05x)
0xD75D59,3,86,17.2,5.0,86,9,45,Unclassified,0,1.0,0,0,
0x882882,3,52,10.4,5.0,52,11,29,Ion channel,5.57,0.004099500745580287,4,1,Ion channel(5.57x)
0x5DF5DF,3,116,23.2,5.0,116,17,26,Chromatin,6.62,0.0025906019606784193,4,1,Chromatin(6.62x)
0xF5DF7D,3,40,8.0,5.0,40,10,21,Unclassified,0,1.0,0,0,
0x2CB2C9,3,29,5.8,5.0,29,8,10,Transcription,3.64,0.001444001908202713,6,1,Transcription(3.64x)
0x582171,3,56,11.2,5.0,56,9,38,Transcription,4.86,6.580883170314391e-07,9,1,Transcription(4.86x)
0x75D779,3,47,9.4,5.0,47,8,15,RNA processing,11.12,0.0018787871705125637,3,1,RNA processing(11.12x)
0x7DB7DF,3,58,11.6,5.0,58,5,15,Transcription,3.88,0.007500360578701421,4,1,Transcription(3.88x)
0xDF69F6,3,28,5.6,5.0,28,6,15,Structural,43.26,1.491655092615288e-08,5,1,Structural(43.26x)
0x9F72A7,3,34,6.8,5.0,34,7,13,Structural,37.08,5.139058072912177e-08,5,1,Structural(37.08x)
0xA61769,3,22,4.4,5.0,22,5,7,Structural,20.76,0.003553992191532946,2,1,Structural(20.76x)
0xA560A9,3,22,4.4,5.0,22,10,13,Structural,41.53,7.188930123063806e-13,8,1,Structural(41.53x)
0x6DF69F,3,29,5.8,5.0,29,7,19,Structural,22.25,0.00023283276316904137,3,1,Structural(22.25x)
0xF69F42,3,20,4.0,5.0,20,7,10,Structural,29.66,4.471290060254037e-06,4,1,Structural(29.66x)
0x9F42A6,3,62,12.4,5.0,62,11,22,Structural,28.31,2.0228296746866314e-08,6,2,Structural(28.31x); Cell adhesion(10.33x)
0x7DF7DC,3,43,8.6,5.0,43,8,16,Unclassified,0,1.0,0,0,
0xF7DF72,3,63,12.6,5.0,63,5,11,Unclassified,0,1.0,0,0,
0xD76976,3,78,15.6,5.0,78,5,12,Unclassified,0,1.0,0,0,
0xA28A2E,3,58,11.6,5.0,58,5,19,Unclassified,0,1.0,0,0,
0xDF5DF5,3,26,5.2,5.0,26,7,15,Unclassified,0,1.0,0,0,
0x13698B9F,4,60,12.0,5.0,60,15,35,Transcription,4.86,4.8965331802935974e-11,15,1,Transcription(4.86x)
0x726690,3,230,46.0,5.0,230,52,132,Transcription,4.86,1.2647176458891365e-36,52,1,Transcription(4.86x)
0x9CB266,3,53,10.6,5.0,53,12,28,Transcription,4.86,5.686083533494969e-09,12,1,Transcription(4.86x)
0x66909D,3,302,60.4,5.0,302,70,180,Transcription,4.86,3.7353858153469795e-49,70,1,Transcription(4.86x)
0x11B937,3,20,4.0,5.0,20,7,12,Transcription,4.86,1.5600019500226283e-05,7,1,Transcription(4.86x)
0x13698B,3,76,15.2,5.0,76,21,46,Transcription,4.86,3.594752654656496e-15,21,1,Transcription(4.86x)
0x11B917,3,122,24.4,5.0,122,26,75,Transcription,4.86,1.2765052968862076e-18,26,1,Transcription(4.86x)
0x9711B9,3,27,5.4,5.0,27,8,18,Transcription,4.86,3.2046841631806567e-06,8,1,Transcription(4.86x)
0xB266,2,77,15.3,5.0,77,24,47,Transcription,4.65,2.8968648942162543e-15,23,1,Transcription(4.65x)
0x6DF7DF,3,61,12.2,5.0,61,6,25,Unclassified,0,1.0,0,0,
0x75D75D76,4,45,9.0,5.0,45,6,11,Chromatin,14.06,0.0008232427731061284,3,1,Chromatin(14.06x)
0xA28A18,3,84,16.8,5.0,84,10,24,Chromatin,8.44,0.004440874335035748,3,1,Chromatin(8.44x)
0x7DF698,3,27,5.4,5.0,27,10,15,Structural,51.91,5.630238297319891e-18,10,1,Structural(51.91x)
0x628618,3,58,11.6,5.0,58,12,18,Chromatin,11.72,3.564396848200867e-05,5,1,Chromatin(11.72x)
0x74D75D,3,52,10.4,5.0,52,10,21,Transcription,3.4,0.0010354440316511658,7,1,Transcription(3.4x)
0xA56F7D,3,48,9.6,5.0,48,5,7,Nuc acid bind,6.05,0.0083473671724906,3,1,Nuc acid bind(6.05x)
0x5DB5D7,3,44,8.8,5.0,44,7,13,Unclassified,0,1.0,0,0,
0x0A2082,3,62,12.4,5.0,62,8,19,RNA processing,11.12,0.0018787871705125637,3,1,RNA processing(11.12x)
0xD59D76,3,62,12.4,5.0,62,5,34,Unclassified,0,1.0,0,0,
0x369056,3,55,11.0,5.0,55,6,18,Transcription,4.05,0.0018359526442447652,5,1,Transcription(4.05x)
0xBDF7DF,3,58,11.6,5.0,58,5,19,Unclassified,0,1.0,0,0,
0x75D755,3,44,8.8,5.0,44,6,10,Unclassified,0,1.0,0,0,
0x75DF6D,3,24,4.8,5.0,24,5,15,Unclassified,0,1.0,0,0,
0x7DA56F69,4,40,8.0,5.0,40,6,17,Structural,25.96,0.00013496356040813243,3,2,Structural(25.96x); Cell adhesion(11.37x)
0x7DA56F,3,48,9.6,5.0,48,8,22,Structural,32.44,1.3489688143559615e-07,5,2,Structural(32.44x); Cell adhesion(8.52x)
0xDF69B7,3,20,4.0,5.0,20,5,6,Structural,20.76,0.003553992191532946,2,2,Structural(20.76x); Cell adhesion(13.64x)
0x9A7DF6,3,44,8.8,5.0,44,8,13,Structural,25.96,8.80768323907248e-06,4,2,Structural(25.96x); Cell adhesion(8.52x)
0x0A9842,3,32,6.4,5.0,32,6,10,Structural,25.96,0.00013496356040813243,3,2,Structural(25.96x); Cell adhesion(11.37x)
0xA9F7DA,3,57,11.4,5.0,57,8,18,Structural,19.47,0.00036724781112702244,3,2,Structural(19.47x); Cell adhesion(11.37x)
0x7DF7D7,3,47,9.4,5.0,47,7,20,Methylation,15.94,0.006323573878647882,2,1,Methylation(15.94x)
0xDF5DF4,3,37,7.4,5.0,37,5,12,Cytoskeleton,24.12,0.0026449484598850517,2,1,Cytoskeleton(24.12x)
0x15A5CA,3,26,5.2,5.0,26,10,11,Kinase,12.01,6.671780086424634e-10,9,1,Kinase(12.01x)
0x8A28A9,3,25,5.0,5.0,25,6,10,Structural,17.3,0.005263506507095355,2,1,Structural(17.3x)
0x89D75D,3,32,6.4,5.0,32,5,14,Unclassified,0,1.0,0,0,
0xA628A2,3,37,7.4,5.0,37,7,12,Unclassified,0,1.0,0,0,
0xD8618A,3,24,4.8,5.0,24,7,9,Unclassified,0,1.0,0,0,
0xDF7D5B,3,72,14.4,5.0,72,7,20,Unclassified,0,1.0,0,0,
0x6CB2CB2C,4,36,7.2,5.0,36,6,7,Unclassified,0,1.0,0,0,
0x1F698A,3,33,6.6,5.0,33,6,11,Kinase,11.12,1.315060140505521e-05,5,1,Kinase(11.12x)
0xA28820,3,22,4.4,5.0,22,6,14,Unclassified,0,1.0,0,0,
0xDC9D75,3,27,5.4,5.0,27,5,12,Transcription,3.88,0.007500360578701421,4,1,Transcription(3.88x)
0x56CB2C,3,41,8.2,5.0,41,5,8,Transcription,4.86,0.0003692511691832579,5,1,Transcription(4.86x)
0x5DC9D7,3,240,48.0,5.0,240,20,139,Transcription,4.86,1.7583726700607206e-14,20,1,Transcription(4.86x)
0x5987266909,5,22,4.4,5.0,22,5,8,Transcription,4.86,0.0003692511691832579,5,1,Transcription(4.86x)
0x266909D54D,5,44,8.8,5.0,44,12,27,Transcription,4.86,5.686083533494969e-09,12,1,Transcription(4.86x)
0x266909D579,5,79,15.8,5.0,79,6,45,Transcription,4.86,7.591087417095647e-05,6,1,Transcription(4.86x)
0x369882F553,5,632,126.4,5.0,632,45,348,Transcription,4.86,9.123274878375114e-32,45,1,Transcription(4.86x)
0x266909D5,4,877,175.4,5.0,877,101,482,Transcription,4.86,7.351307105851827e-71,101,1,Transcription(4.86x)
0x59872669,4,25,5.0,5.0,25,6,11,Transcription,4.86,7.591087417095647e-05,6,1,Transcription(4.86x)
0x87266909,4,24,4.8,5.0,24,5,10,Transcription,4.86,0.0003692511691832579,5,1,Transcription(4.86x)
0x369882F513,5,132,26.4,5.0,132,26,73,Transcription,4.86,1.2765052968862076e-18,26,1,Transcription(4.86x)
0x9882F51359,5,141,28.2,5.0,141,30,80,Transcription,4.86,2.204833405121001e-21,30,1,Transcription(4.86x)
0x9882F55359,5,638,127.6,5.0,638,50,353,Transcription,4.86,3.096443707737251e-35,50,1,Transcription(4.86x)
0x085C4DA6,4,57,11.4,5.0,57,6,28,Transcription,4.86,7.591087417095647e-05,6,1,Transcription(4.86x)
0x266909,3,870,174.0,5.0,870,105,472,Transcription,4.86,1.131768996599581e-73,105,1,Transcription(4.86x)
0x598726,3,41,8.2,5.0,41,10,15,Transcription,4.86,1.3508959217719712e-07,10,1,Transcription(4.86x)
0x872669,3,38,7.6,5.0,38,7,22,Transcription,4.86,1.5600019500226283e-05,7,1,Transcription(4.86x)
0x6909D54D,4,70,14.0,5.0,70,16,39,Transcription,4.86,1.0028987241334622e-11,16,1,Transcription(4.86x)
0x6909D579,4,75,15.0,5.0,75,6,39,Transcription,4.86,7.591087417095647e-05,6,1,Transcription(4.86x)
0x82F51359,4,149,29.8,5.0,149,36,86,Transcription,4.86,1.5649798979129732e-25,36,1,Transcription(4.86x)
0x9882F553,4,632,126.4,5.0,632,50,350,Transcription,4.86,3.096443707737251e-35,50,1,Transcription(4.86x)
0x82F55359,4,646,129.2,5.0,646,52,355,Transcription,4.86,1.2647176458891365e-36,52,1,Transcription(4.86x)
0x6909D5,3,870,174.0,5.0,870,113,469,Transcription,4.86,2.6324477056396135e-79,113,1,Transcription(4.86x)
0x713798,3,89,17.8,5.0,89,20,50,Transcription,4.86,1.7583726700607206e-14,20,1,Transcription(4.86x)
0x9882F513,4,126,25.2,5.0,126,30,68,Transcription,4.86,2.204833405121001e-21,30,1,Transcription(4.86x)
0x266908,3,45,9.0,5.0,45,12,30,Transcription,4.86,5.686083533494969e-09,12,1,Transcription(4.86x)
0x085C4D,3,56,11.2,5.0,56,6,28,Transcription,4.86,7.591087417095647e-05,6,1,Transcription(4.86x)
0x09D54D,3,72,14.4,5.0,72,17,40,Transcription,4.57,1.3763913781834717e-10,16,1,Transcription(4.57x)
0xD661C9,3,28,5.6,5.0,28,6,11,Transcription,4.86,7.591087417095647e-05,6,1,Transcription(4.86x)
0x61C99A,3,40,8.0,5.0,40,12,19,Transcription,4.86,5.686083533494969e-09,12,1,Transcription(4.86x)
0x5F69F5,3,22,4.4,5.0,22,12,18,Phosphatase,27.87,5.099477352107426e-07,5,2,Phosphatase(27.87x); Kinase(7.78x)
0xF61F62,3,24,4.8,5.0,24,5,16,Phosphatase,26.75,0.0021563813847346003,2,2,Phosphatase(26.75x); Kinase(8.01x)
0x1769882F,4,27,5.4,5.0,27,8,14,Transcription,4.86,3.2046841631806567e-06,8,1,Transcription(4.86x)
0x176988,3,35,7.0,5.0,35,12,19,Transcription,4.86,5.686083533494969e-09,12,1,Transcription(4.86x)
0x186286,3,39,7.8,5.0,39,5,12,Unclassified,0,1.0,0,0,
0x28A2B6,3,73,14.6,5.0,73,5,10,Cytoskeleton,24.12,0.0026449484598850517,2,1,Cytoskeleton(24.12x)
0x0417,2,54,10.7,5.0,54,11,19,Unclassified,0,1.0,0,0,
0xF7DF6D,3,60,12.0,5.0,60,7,31,Unclassified,0,1.0,0,0,
0x5D8628,3,30,6.0,5.0,30,5,12,Unclassified,0,1.0,0,0,
0xF69F6D,3,23,4.6,5.0,23,7,10,Structural,37.08,5.139058072912177e-08,5,1,Structural(37.08x)
0xDE69E6,3,24,4.8,5.0,24,5,5,Nuc acid bind,6.05,0.0083473671724906,3,1,Nuc acid bind(6.05x)
0xA18A18,3,36,7.2,5.0,36,8,17,Unclassified,0,1.0,0,0,
0x553720,3,27,5.4,5.0,27,6,10,Transcription,4.05,0.0018359526442447652,5,1,Transcription(4.05x)
0x971762,3,20,4.0,5.0,20,5,9,Kinase,13.34,2.3368539599127737e-06,5,1,Kinase(13.34x)
0x2A56F6,3,24,4.8,5.0,24,5,11,Structural,41.53,6.584887722211777e-07,4,1,Structural(41.53x)
0x13713713,4,20,4.0,5.0,20,5,15,Unclassified,0,1.0,0,0,
0x37137137,4,20,4.0,5.0,20,6,16,Unclassified,0,1.0,0,0,
0x137137,3,44,8.8,5.0,44,9,30,Unclassified,0,1.0,0,0,
0x713713,3,32,6.4,5.0,32,7,24,Unclassified,0,1.0,0,0,
0x371371,3,42,8.4,5.0,42,8,28,Unclassified,0,1.0,0,0,
0x582E71,3,39,7.8,5.0,39,9,17,Transcription,4.86,6.580883170314391e-07,9,1,Transcription(4.86x)
0x6977DA,3,31,6.2,5.0,31,11,16,Structural,33.03,2.7430110667376035e-10,7,1,Structural(33.03x)
0xA620BD4426,5,42,8.4,5.0,42,15,29,Transcription,4.86,4.8965331802935974e-11,15,1,Transcription(4.86x)
0xA620BD44,4,162,32.4,5.0,162,43,100,Transcription,4.86,2.2218420682989772e-30,43,1,Transcription(4.86x)
0x20BD4426,4,43,8.6,5.0,43,16,30,Transcription,4.86,1.0028987241334622e-11,16,1,Transcription(4.86x)
0x20BD44,3,171,34.2,5.0,171,48,105,Transcription,4.86,7.569595300645631e-34,48,1,Transcription(4.86x)
0x620BD4,3,202,40.4,5.0,202,57,124,Transcription,4.86,4.235712478779779e-40,57,1,Transcription(4.86x)
0x65F69F5D,4,25,5.0,5.0,25,5,14,Kinase,10.67,0.0001472938875143992,4,1,Kinase(10.67x)
0x65F69F,3,26,5.2,5.0,26,5,14,Kinase,10.67,0.0001472938875143992,4,1,Kinase(10.67x)
0x882A62,3,34,6.8,5.0,34,7,15,Structural,37.08,5.139058072912177e-08,5,1,Structural(37.08x)
0xC9D75D,3,119,23.8,5.0,119,10,61,Transcription,3.88,9.642694729899351e-05,8,1,Transcription(3.88x)
0x8828A2,3,67,13.4,5.0,67,5,28,Unclassified,0,1.0,0,0,
0xD34D34D3,4,50,10.0,5.0,50,6,15,Unclassified,0,1.0,0,0,
0xDA7D96,3,21,4.2,5.0,21,9,11,Structural,46.14,1.461836995059337e-13,8,1,Structural(46.14x)
0x1369882F55,5,177,35.4,5.0,177,24,95,Transcription,4.86,3.0645655310369683e-17,24,1,Transcription(4.86x)
0x69882F55,4,193,38.6,5.0,193,31,102,Transcription,4.86,4.490620901049022e-22,31,1,Transcription(4.86x)
0x882F55,3,196,39.2,5.0,196,40,106,Transcription,4.86,2.6627122812207427e-28,40,1,Transcription(4.86x)
0x69F7DA62,4,21,4.2,5.0,21,5,9,Structural,41.53,6.584887722211777e-07,4,1,Structural(41.53x)
0x9F6DA7,3,29,5.8,5.0,29,7,10,Structural,37.08,5.139058072912177e-08,5,1,Structural(37.08x)
0x275D75,3,65,13.0,5.0,65,10,20,Chromatin,11.25,0.0002785652098465909,4,1,Chromatin(11.25x)
0x862862,3,59,11.8,5.0,59,8,20,Unclassified,0,1.0,0,0,
0x620A98,3,107,21.4,5.0,107,6,18,Structural,34.61,1.945633214811228e-06,4,1,Structural(34.61x)
0x9E5DE5,3,31,6.2,5.0,31,7,12,RNA processing,25.41,9.619203995885179e-09,6,2,RNA processing(25.41x); Nuc acid bind(5.76x)
0x5D5A58,3,22,4.4,5.0,22,5,9,Kinase,10.67,0.0001472938875143992,4,1,Kinase(10.67x)
0x69469A,3,22,4.4,5.0,22,5,9,Nuc acid bind,10.08,9.520542600431275e-06,5,1,Nuc acid bind(10.08x)
0x909D56,3,35,7.0,5.0,35,7,22,Transcription,4.86,1.5600019500226283e-05,7,1,Transcription(4.86x)
0xE5D75D,3,94,18.8,5.0,94,6,33,Unclassified,0,1.0,0,0,
0x5D5815,3,73,14.6,5.0,73,7,43,Transcription,4.16,0.0004377760021953376,6,1,Transcription(4.16x)
0x59A427,3,47,9.4,5.0,47,17,31,Transcription,4.57,1.3763913781834717e-10,16,1,Transcription(4.57x)
0x75D769,3,68,13.6,5.0,68,7,22,Methylation,15.94,0.006323573878647882,2,1,Methylation(15.94x)
0x5D7697,3,58,11.6,5.0,58,8,17,Cytoskeleton,15.08,0.007166957026063935,2,1,Cytoskeleton(15.08x)
0xA61F69,3,31,6.2,5.0,31,9,15,Structural,40.37,3.0921928987880444e-11,7,1,Structural(40.37x)
0x69F62A,3,24,4.8,5.0,24,5,9,Cell adhesion,13.64,0.000791486024505314,3,1,Cell adhesion(13.64x)
0x2F62F62F,4,21,4.2,5.0,21,10,14,Kinase,12.01,6.671780086424634e-10,9,1,Kinase(12.01x)
0x62F62F,3,32,6.4,5.0,32,10,18,Kinase,12.01,6.671780086424634e-10,9,1,Kinase(12.01x)
0xB917136988,5,172,34.4,5.0,172,29,103,Transcription,4.86,1.0821363952964165e-20,29,1,Transcription(4.86x)
0xB9171369,4,219,43.8,5.0,219,40,130,Transcription,4.86,2.6627122812207427e-28,40,1,Transcription(4.86x)
0x66909D54,4,149,29.8,5.0,149,35,90,Transcription,4.86,7.698309346450809e-25,35,1,Transcription(4.86x)
0x909D54,3,135,27.0,5.0,135,34,81,Transcription,4.86,3.7854570781602116e-24,34,1,Transcription(4.86x)
0xB91713,3,160,32.0,5.0,160,38,100,Transcription,4.86,6.460175513088938e-27,38,1,Transcription(4.86x)
0x75DA69,3,54,10.8,5.0,54,7,22,Kinase,7.62,0.0009121215839966736,4,1,Kinase(7.62x)
0xDA620BD4,4,192,38.4,5.0,192,56,119,Transcription,4.77,4.674449506023292e-37,55,1,Transcription(4.77x)
0xC5DA62,3,28,5.6,5.0,28,12,17,Transcription,4.86,5.686083533494969e-09,12,1,Transcription(4.86x)
0x5D7617,3,37,7.4,5.0,37,6,14,Unclassified,0,1.0,0,0,
0xA62E7D,3,150,30.0,5.0,150,37,72,Transcription,4.86,3.1802293943932595e-26,37,1,Transcription(4.86x)
0x8820A2,3,42,8.4,5.0,42,6,25,Structural,17.3,0.005263506507095355,2,1,Structural(17.3x)
0x6D5965,3,31,6.2,5.0,31,6,8,Unclassified,0,1.0,0,0,
0xDA7D77,3,31,6.2,5.0,31,13,19,Kinase,11.29,2.660984207423205e-11,11,1,Kinase(11.29x)
0xA42A55,3,38,7.6,5.0,38,11,18,Transcription,4.86,2.7720322109269433e-08,11,1,Transcription(4.86x)
0xE4DC4DA620,5,77,15.4,5.0,77,16,47,Transcription,4.86,1.0028987241334622e-11,16,1,Transcription(4.86x)
0xDC4DA620BD,5,73,14.6,5.0,73,15,50,Transcription,4.86,4.8965331802935974e-11,15,1,Transcription(4.86x)
0xE4DC4DA6,4,84,16.8,5.0,84,21,47,Transcription,4.86,3.594752654656496e-15,21,1,Transcription(4.86x)
0x899A42,3,129,25.8,5.0,129,36,79,Transcription,4.86,1.5649798979129732e-25,36,1,Transcription(4.86x)
0xD37DF7,3,69,13.8,5.0,69,5,13,Methylation,22.32,0.0030833404786065905,2,1,Methylation(22.32x)
0x45C4DA62,4,249,49.8,5.0,249,50,143,Transcription,4.76,6.13906827484002e-33,49,1,Transcription(4.76x)
0x45C4DA,3,247,49.4,5.0,247,51,137,Transcription,4.86,6.259086423864108e-36,51,1,Transcription(4.86x)
0xE79E5D,3,27,5.4,5.0,27,6,13,RNA processing,24.7,2.479842066180104e-07,5,2,RNA processing(24.7x); Nuc acid bind(6.72x)
0x85C4DA620B,5,78,15.6,5.0,78,10,42,Transcription,4.37,5.36507684071962e-06,9,1,Transcription(4.37x)
0xC4DA620BD4,5,179,35.8,5.0,179,50,113,Transcription,4.76,6.13906827484002e-33,49,1,Transcription(4.76x)
0x99A42755,4,244,48.8,5.0,244,51,142,Transcription,4.76,1.2662319697527923e-33,50,1,Transcription(4.76x)
0x99A42A55,4,33,6.6,5.0,33,8,13,Transcription,4.86,3.2046841631806567e-06,8,1,Transcription(4.86x)
0x85C4DA62,4,89,17.8,5.0,89,12,47,Transcription,4.45,2.700969464427887e-07,11,1,Transcription(4.45x)
0xA42755,3,271,54.2,5.0,271,69,159,Transcription,4.78,5.132028119495782e-46,68,1,Transcription(4.78x)
0x661C99,3,39,7.8,5.0,39,13,26,Transcription,4.86,1.1659144608595997e-09,13,1,Transcription(4.86x)
0x275577,3,93,18.6,5.0,93,13,41,Transcription,4.86,1.1659144608595997e-09,13,1,Transcription(4.86x)
0x99A427,3,249,49.8,5.0,249,54,138,Transcription,4.86,5.157783057670234e-38,54,1,Transcription(4.86x)
0x1C99A4,3,30,6.0,5.0,30,11,17,Transcription,4.86,2.7720322109269433e-08,11,1,Transcription(4.86x)
0x0BD442,3,29,5.8,5.0,29,6,18,Transcription,4.86,7.591087417095647e-05,6,1,Transcription(4.86x)
0x0BD44D,3,49,9.8,5.0,49,11,31,Transcription,4.86,2.7720322109269433e-08,11,1,Transcription(4.86x)
0x62E7D4,3,29,5.8,5.0,29,8,18,Transcription,4.86,3.2046841631806567e-06,8,1,Transcription(4.86x)
0x620BD5,3,170,34.0,5.0,170,31,82,Transcription,4.86,4.490620901049022e-22,31,1,Transcription(4.86x)
0x85C4DA,3,69,13.8,5.0,69,10,39,Transcription,4.86,1.3508959217719712e-07,10,1,Transcription(4.86x)
0x7266909D54,5,56,11.2,5.0,56,11,36,Transcription,4.86,2.7720322109269433e-08,11,1,Transcription(4.86x)
0x66909D54DC,5,20,4.0,5.0,20,5,9,Transcription,4.86,0.0003692511691832579,5,1,Transcription(4.86x)
0x7266909D,4,201,40.2,5.0,201,31,109,Transcription,4.86,4.490620901049022e-22,31,1,Transcription(4.86x)
0x909D54DC,4,21,4.2,5.0,21,5,10,Transcription,4.86,0.0003692511691832579,5,1,Transcription(4.86x)
0x977166,3,36,7.2,5.0,36,10,26,Transcription,4.86,1.3508959217719712e-07,10,1,Transcription(4.86x)
0x9D54DC,3,24,4.8,5.0,24,9,13,Transcription,4.86,6.580883170314391e-07,9,1,Transcription(4.86x)
0x711B917136,5,386,77.2,5.0,386,60,223,Transcription,4.86,3.4665589214778155e-42,60,1,Transcription(4.86x)
0x711B997137,5,41,8.2,5.0,41,11,20,Transcription,4.86,2.7720322109269433e-08,11,1,Transcription(4.86x)
0x1B99713798,5,47,9.4,5.0,47,12,22,Transcription,4.86,5.686083533494969e-09,12,1,Transcription(4.86x)
0x598B266909,5,63,12.6,5.0,63,18,34,Transcription,4.86,4.2025038246505523e-13,18,1,Transcription(4.86x)
0x8B266909D5,5,63,12.6,5.0,63,18,34,Transcription,4.86,4.2025038246505523e-13,18,1,Transcription(4.86x)
0x266909D569,5,86,17.2,5.0,86,13,48,Transcription,4.86,1.1659144608595997e-09,13,1,Transcription(4.86x)
0x09D569C82C,5,26,5.2,5.0,26,5,10,Transcription,4.86,0.0003692511691832579,5,1,Transcription(4.86x)
0x1B91713698,5,756,151.2,5.0,756,77,408,Transcription,4.86,4.8429929791166436e-54,77,1,Transcription(4.86x)
0x9171369882,5,768,153.6,5.0,768,78,422,Transcription,4.86,9.688791592864422e-55,78,1,Transcription(4.86x)
0x5A19711B99,5,47,9.4,5.0,47,13,24,Transcription,4.86,1.1659144608595997e-09,13,1,Transcription(4.86x)
0x19711B9971,5,50,10.0,5.0,50,13,26,Transcription,4.86,1.1659144608595997e-09,13,1,Transcription(4.86x)
0x6909D569C8,5,39,7.8,5.0,39,8,16,Transcription,4.86,3.2046841631806567e-06,8,1,Transcription(4.86x)
0x1B917136,4,766,153.2,5.0,766,79,414,Transcription,4.86,1.937571204019141e-55,79,1,Transcription(4.86x)
0x598B2669,4,71,14.2,5.0,71,19,40,Transcription,4.86,8.597864487644327e-14,19,1,Transcription(4.86x)
0xD569C82C,4,31,6.2,5.0,31,5,11,Transcription,4.86,0.0003692511691832579,5,1,Transcription(4.86x)
0x57590B26,4,65,13.0,5.0,65,18,38,Transcription,4.86,4.2025038246505523e-13,18,1,Transcription(4.86x)
0x1B997137,4,47,9.4,5.0,47,12,22,Transcription,4.86,5.686083533494969e-09,12,1,Transcription(4.86x)
0x99713798,4,48,9.6,5.0,48,13,23,Transcription,4.86,1.1659144608595997e-09,13,1,Transcription(4.86x)
0x8B266909,4,63,12.6,5.0,63,18,34,Transcription,4.86,4.2025038246505523e-13,18,1,Transcription(4.86x)
0x91713698,4,843,168.6,5.0,843,101,462,Transcription,4.86,7.351307105851827e-71,101,1,Transcription(4.86x)
0x711B9171,4,401,80.2,5.0,401,65,232,Transcription,4.86,1.1433990125631118e-45,65,1,Transcription(4.86x)
0x711B9971,4,97,19.4,5.0,97,27,53,Transcription,4.86,2.6037862656508623e-19,27,1,Transcription(4.86x)
0x5A19711B,4,47,9.4,5.0,47,13,24,Transcription,4.86,1.1659144608595997e-09,13,1,Transcription(4.86x)
0x19711B99,4,49,9.8,5.0,49,13,25,Transcription,4.86,1.1659144608595997e-09,13,1,Transcription(4.86x)
0x6909D569,4,89,17.8,5.0,89,14,49,Transcription,4.86,2.3897834069629653e-10,14,1,Transcription(4.86x)
0x09D569C8,4,39,7.8,5.0,39,8,16,Transcription,4.86,3.2046841631806567e-06,8,1,Transcription(4.86x)
0x917136,3,812,162.4,5.0,812,101,442,Transcription,4.86,7.351307105851827e-71,101,1,Transcription(4.86x)
0x598B26,3,68,13.6,5.0,68,19,37,Transcription,4.86,8.597864487644327e-14,19,1,Transcription(4.86x)
0x8B2669,3,67,13.4,5.0,67,18,36,Transcription,4.86,4.2025038246505523e-13,18,1,Transcription(4.86x)
0x69C82C,3,31,6.2,5.0,31,5,11,Transcription,4.86,0.0003692511691832579,5,1,Transcription(4.86x)
0x590B26,3,64,12.8,5.0,64,18,36,Transcription,4.86,4.2025038246505523e-13,18,1,Transcription(4.86x)
0x997137,3,46,9.2,5.0,46,12,21,Transcription,4.86,5.686083533494969e-09,12,1,Transcription(4.86x)
0x59CB26,3,59,11.8,5.0,59,20,34,Transcription,4.86,1.7583726700607206e-14,20,1,Transcription(4.86x)
0x711B91,3,318,63.6,5.0,318,61,183,Transcription,4.86,6.980568331373771e-43,61,1,Transcription(4.86x)
0x1B9171,3,651,130.2,5.0,651,78,354,Transcription,4.86,9.688791592864422e-55,78,1,Transcription(4.86x)
0x711B99,3,89,17.8,5.0,89,26,47,Transcription,4.86,1.2765052968862076e-18,26,1,Transcription(4.86x)
0x1B9971,3,100,20.0,5.0,100,30,55,Transcription,4.86,2.204833405121001e-21,30,1,Transcription(4.86x)
0xD569C8,3,33,6.6,5.0,33,6,13,Transcription,4.86,7.591087417095647e-05,6,1,Transcription(4.86x)
0x57590B,3,61,12.2,5.0,61,17,34,Transcription,4.86,2.053352830271332e-12,17,1,Transcription(4.86x)
0x09D55D,3,514,102.8,5.0,514,61,283,Transcription,4.86,6.980568331373771e-43,61,1,Transcription(4.86x)
0x5A1971,3,47,9.4,5.0,47,12,23,Transcription,4.86,5.686083533494969e-09,12,1,Transcription(4.86x)
0x19711B,3,44,8.8,5.0,44,11,23,Transcription,4.86,2.7720322109269433e-08,11,1,Transcription(4.86x)
0xF55359,3,609,121.8,5.0,609,57,321,Transcription,4.86,4.235712478779779e-40,57,1,Transcription(4.86x)
0x09D569,3,63,12.6,5.0,63,11,38,Transcription,4.86,2.7720322109269433e-08,11,1,Transcription(4.86x)
0x09D551,3,47,9.4,5.0,47,9,27,Transcription,4.86,6.580883170314391e-07,9,1,Transcription(4.86x)
0xF55759,3,58,11.6,5.0,58,15,32,Transcription,4.86,4.8965331802935974e-11,15,1,Transcription(4.86x)
0xF51359,3,176,35.2,5.0,176,44,99,Transcription,4.86,4.503127125240731e-31,44,1,Transcription(4.86x)
0x82F513,3,114,22.8,5.0,114,25,63,Transcription,4.86,6.255717342414559e-18,25,1,Transcription(4.86x)
0x45C4DA620B,5,206,41.2,5.0,206,37,115,Transcription,4.72,4.6455430402964254e-24,36,1,Transcription(4.72x)
0x59A42755,4,45,9.0,5.0,45,16,29,Transcription,4.86,1.0028987241334622e-11,16,1,Transcription(4.86x)
0x65C46E,3,25,5.0,5.0,25,6,13,Transcription,4.86,7.591087417095647e-05,6,1,Transcription(4.86x)
0x5937266909,5,624,124.8,5.0,624,40,347,Transcription,4.86,2.6627122812207427e-28,40,1,Transcription(4.86x)
0x37266909D5,5,628,125.6,5.0,628,40,348,Transcription,4.86,2.6627122812207427e-28,40,1,Transcription(4.86x)
0x5359372669,5,627,125.4,5.0,627,39,346,Transcription,4.86,1.3117959319094592e-27,39,1,Transcription(4.86x)
0xF553593726,5,602,120.4,5.0,602,38,331,Transcription,4.86,6.460175513088938e-27,38,1,Transcription(4.86x)
0x266909D55D,5,520,104.0,5.0,520,47,300,Transcription,4.86,3.7405036340535795e-33,47,1,Transcription(4.86x)
0xB11B917136,5,481,96.2,5.0,481,32,272,Transcription,4.86,9.142684868232082e-23,32,1,Transcription(4.86x)
0x82F5535937,5,594,118.8,5.0,594,37,329,Transcription,4.86,3.1802293943932595e-26,37,1,Transcription(4.86x)
0x6909D55DC9,5,340,68.0,5.0,340,20,185,Transcription,4.86,1.7583726700607206e-14,20,1,Transcription(4.86x)
0x59372669,4,657,131.4,5.0,657,44,364,Transcription,4.86,4.503127125240731e-31,44,1,Transcription(4.86x)
0x53593726,4,630,126.0,5.0,630,39,349,Transcription,4.86,1.3117959319094592e-27,39,1,Transcription(4.86x)
0x37266909,4,631,126.2,5.0,631,40,351,Transcription,4.86,2.6627122812207427e-28,40,1,Transcription(4.86x)
0x09D55DC9D7,5,315,63.0,5.0,315,20,170,Transcription,4.86,1.7583726700607206e-14,20,1,Transcription(4.86x)
0x6909D55D,4,559,111.8,5.0,559,52,318,Transcription,4.86,1.2647176458891365e-36,52,1,Transcription(4.86x)
0xF5535937,4,606,121.2,5.0,606,39,333,Transcription,4.86,1.3117959319094592e-27,39,1,Transcription(4.86x)
0x593726,3,656,131.2,5.0,656,45,362,Transcription,4.86,9.123274878375114e-32,45,1,Transcription(4.86x)
0x372669,3,651,130.2,5.0,651,44,360,Transcription,4.86,4.503127125240731e-31,44,1,Transcription(4.86x)
0xB11B9171,4,481,96.2,5.0,481,34,273,Transcription,4.86,3.7854570781602116e-24,34,1,Transcription(4.86x)
0x09D55DC9,4,345,69.0,5.0,345,19,187,Transcription,4.86,8.597864487644327e-14,19,1,Transcription(4.86x)
0xD55DC9D7,4,309,61.8,5.0,309,20,166,Transcription,4.86,1.7583726700607206e-14,20,1,Transcription(4.86x)
0x535937,3,605,121.0,5.0,605,39,332,Transcription,4.86,1.3117959319094592e-27,39,1,Transcription(4.86x)
0xD75D58,3,258,51.6,5.0,258,16,139,Transcription,4.55,6.330105002269565e-10,15,1,Transcription(4.55x)
0x82F553,3,564,112.8,5.0,564,45,307,Transcription,4.86,9.123274878375114e-32,45,1,Transcription(4.86x)
0xD55DC9,3,243,48.6,5.0,243,17,142,Transcription,4.57,1.3763913781834717e-10,16,1,Transcription(4.57x)
0x09D579,3,51,10.2,5.0,51,7,30,Transcription,4.86,1.5600019500226283e-05,7,1,Transcription(4.86x)
0xB11B91,3,282,56.4,5.0,282,25,167,Transcription,4.86,6.255717342414559e-18,25,1,Transcription(4.86x)
0x71769882,4,27,5.4,5.0,27,8,16,Transcription,4.86,3.2046841631806567e-06,8,1,Transcription(4.86x)
0x717698,3,49,9.8,5.0,49,17,26,Transcription,4.86,2.053352830271332e-12,17,1,Transcription(4.86x)
0x769882,3,27,5.4,5.0,27,8,16,Transcription,4.86,3.2046841631806567e-06,8,1,Transcription(4.86x)
0x5C46E45C4D,5,108,21.6,5.0,108,18,49,Transcription,4.86,4.2025038246505523e-13,18,1,Transcription(4.86x)
0x46E45C4DA6,5,302,60.4,5.0,302,48,158,Transcription,4.86,7.569595300645631e-34,48,1,Transcription(4.86x)
0xE45C4DA620,5,338,67.6,5.0,338,55,187,Transcription,4.86,1.0409976402523263e-38,55,1,Transcription(4.86x)
0x4DA620BD44,5,141,28.2,5.0,141,37,90,Transcription,4.86,3.1802293943932595e-26,37,1,Transcription(4.86x)
0xA620BD44D6,5,105,21.0,5.0,105,27,59,Transcription,4.86,2.6037862656508623e-19,27,1,Transcription(4.86x)
0xC99A427554,5,38,7.6,5.0,38,12,21,Transcription,4.86,5.686083533494969e-09,12,1,Transcription(4.86x)
0x46E4DC4DA6,5,67,13.4,5.0,67,13,35,Transcription,4.86,1.1659144608595997e-09,13,1,Transcription(4.86x)
0x46E45C4D,4,307,61.4,5.0,307,48,163,Transcription,4.86,7.569595300645631e-34,48,1,Transcription(4.86x)
0xE45C4DA6,4,409,81.8,5.0,409,73,223,Transcription,4.86,3.0117263172188293e-51,73,1,Transcription(4.86x)
0x5C46E45C,4,113,22.6,5.0,113,21,53,Transcription,4.86,3.594752654656496e-15,21,1,Transcription(4.86x)
0x20BD44D6,4,124,24.8,5.0,124,32,72,Transcription,4.86,9.142684868232082e-23,32,1,Transcription(4.86x)
0x9A427554,4,49,9.8,5.0,49,14,25,Transcription,4.86,2.3897834069629653e-10,14,1,Transcription(4.86x)
0x46E4DC4D,4,62,12.4,5.0,62,13,25,Transcription,4.86,1.1659144608595997e-09,13,1,Transcription(4.86x)
0xE45C4D,3,383,76.6,5.0,383,72,211,Transcription,4.86,1.5025280740982922e-50,72,1,Transcription(4.86x)
0x5C46E4,3,143,28.6,5.0,143,29,67,Transcription,4.86,1.0821363952964165e-20,29,1,Transcription(4.86x)
0x46E45C,3,297,59.4,5.0,297,47,149,Transcription,4.86,3.7405036340535795e-33,47,1,Transcription(4.86x)
0x427554,3,52,10.4,5.0,52,14,25,Transcription,4.86,2.3897834069629653e-10,14,1,Transcription(4.86x)
0xBD44D6,3,110,22.0,5.0,110,30,64,Transcription,4.86,2.204833405121001e-21,30,1,Transcription(4.86x)
0x46E4DC,3,75,15.0,5.0,75,18,31,Transcription,4.86,4.2025038246505523e-13,18,1,Transcription(4.86x)
0x59F7266909,5,68,13.6,5.0,68,7,40,Transcription,4.86,1.5600019500226283e-05,7,1,Transcription(4.86x)
0xF7266909D5,5,67,13.4,5.0,67,5,39,Transcription,4.86,0.0003692511691832579,5,1,Transcription(4.86x)
0x711B997136,5,32,6.4,5.0,32,9,18,Transcription,4.86,6.580883170314391e-07,9,1,Transcription(4.86x)
0x1B99713698,5,46,9.2,5.0,46,12,28,Transcription,4.86,5.686083533494969e-09,12,1,Transcription(4.86x)
0x266909D541,5,223,44.6,5.0,223,13,123,Transcription,4.86,1.1659144608595997e-09,13,1,Transcription(4.86x)
0x59CB266909,5,27,5.4,5.0,27,10,17,Transcription,4.86,1.3508959217719712e-07,10,1,Transcription(4.86x)
0xCB266909D5,5,30,6.0,5.0,30,10,17,Transcription,4.86,1.3508959217719712e-07,10,1,Transcription(4.86x)
0x59F72669,4,74,14.8,5.0,74,9,44,Transcription,4.86,6.580883170314391e-07,9,1,Transcription(4.86x)
0xF7266909,4,70,14.0,5.0,70,7,42,Transcription,4.86,1.5600019500226283e-05,7,1,Transcription(4.86x)
0x1B997136,4,46,9.2,5.0,46,12,28,Transcription,4.86,5.686083533494969e-09,12,1,Transcription(4.86x)
0x99713698,4,53,10.6,5.0,53,14,33,Transcription,4.86,2.3897834069629653e-10,14,1,Transcription(4.86x)
0x59CB2669,4,56,11.2,5.0,56,19,33,Transcription,4.86,8.597864487644327e-14,19,1,Transcription(4.86x)
0xCB266909,4,32,6.4,5.0,32,11,19,Transcription,4.86,2.7720322109269433e-08,11,1,Transcription(4.86x)
0x6909D541,4,241,48.2,5.0,241,14,130,Transcription,4.86,2.3897834069629653e-10,14,1,Transcription(4.86x)
0x582971,3,24,4.8,5.0,24,8,12,Transcription,4.86,3.2046841631806567e-06,8,1,Transcription(4.86x)
0x59F726,3,65,13.0,5.0,65,11,42,Transcription,4.86,2.7720322109269433e-08,11,1,Transcription(4.86x)
0xF72669,3,62,12.4,5.0,62,9,40,Transcription,4.86,6.580883170314391e-07,9,1,Transcription(4.86x)
0x997136,3,47,9.4,5.0,47,15,30,Transcription,4.86,4.8965331802935974e-11,15,1,Transcription(4.86x)
0xCB2669,3,55,11.0,5.0,55,19,31,Transcription,4.86,8.597864487644327e-14,19,1,Transcription(4.86x)
0x09D541,3,206,41.2,5.0,206,13,109,Transcription,4.86,1.1659144608595997e-09,13,1,Transcription(4.86x)
0xE65C4DA620,5,31,6.2,5.0,31,5,13,Transcription,4.86,0.0003692511691832579,5,1,Transcription(4.86x)
0x46E65C4DA6,5,26,5.2,5.0,26,7,12,Transcription,4.86,1.5600019500226283e-05,7,1,Transcription(4.86x)
0x4DA620BD54,5,167,33.4,5.0,167,18,101,Transcription,4.86,4.2025038246505523e-13,18,1,Transcription(4.86x)
0xE65C4DA6,4,54,10.8,5.0,54,12,21,Transcription,4.86,5.686083533494969e-09,12,1,Transcription(4.86x)
0x46E65C4D,4,58,11.6,5.0,58,9,21,Transcription,4.86,6.580883170314391e-07,9,1,Transcription(4.86x)
0xA620BD54,4,174,34.8,5.0,174,20,104,Transcription,4.86,1.7583726700607206e-14,20,1,Transcription(4.86x)
0xD672C99A,4,70,14.0,5.0,70,17,40,Transcription,4.86,2.053352830271332e-12,17,1,Transcription(4.86x)
0xE65C4D,3,83,16.6,5.0,83,16,30,Transcription,4.86,1.0028987241334622e-11,16,1,Transcription(4.86x)
0x46E65C,3,56,11.2,5.0,56,10,20,Transcription,4.86,1.3508959217719712e-07,10,1,Transcription(4.86x)
0x20BD54,3,157,31.4,5.0,157,21,98,Transcription,4.86,3.594752654656496e-15,21,1,Transcription(4.86x)
0xD672C9,3,89,17.8,5.0,89,18,45,Transcription,4.86,4.2025038246505523e-13,18,1,Transcription(4.86x)
0x72C99A,3,72,14.4,5.0,72,16,41,Transcription,4.86,1.0028987241334622e-11,16,1,Transcription(4.86x)
0xDC99A4,3,160,32.0,5.0,160,26,80,Transcription,4.86,1.2765052968862076e-18,26,1,Transcription(4.86x)
0x61C99A42,4,37,7.4,5.0,37,10,18,Transcription,4.86,1.3508959217719712e-07,10,1,Transcription(4.86x)
0x5C5DA6,3,20,4.0,5.0,20,12,15,Transcription,4.86,5.686083533494969e-09,12,1,Transcription(4.86x)
0x369882F557,5,51,10.2,5.0,51,15,35,Transcription,4.86,4.8965331802935974e-11,15,1,Transcription(4.86x)
0xF557590B26,5,30,6.0,5.0,30,11,22,Transcription,4.86,2.7720322109269433e-08,11,1,Transcription(4.86x)
0x6909D55DC8,5,33,6.6,5.0,33,11,23,Transcription,4.86,2.7720322109269433e-08,11,1,Transcription(4.86x)
0xF513598B26,5,50,10.0,5.0,50,13,33,Transcription,4.86,1.1659144608595997e-09,13,1,Transcription(4.86x)
0x13598B2669,5,62,12.4,5.0,62,15,36,Transcription,4.86,4.8965331802935974e-11,15,1,Transcription(4.86x)
0x711B937136,5,22,4.4,5.0,22,7,16,Transcription,4.86,1.5600019500226283e-05,7,1,Transcription(4.86x)
0x1B93713698,5,30,6.0,5.0,30,8,23,Transcription,4.86,3.2046841631806567e-06,8,1,Transcription(4.86x)
0x9371369882,5,51,10.2,5.0,51,10,35,Transcription,4.86,1.3508959217719712e-07,10,1,Transcription(4.86x)
0x9882F55759,5,51,10.2,5.0,51,15,35,Transcription,4.86,4.8965331802935974e-11,15,1,Transcription(4.86x)
0x82F557590B,5,30,6.0,5.0,30,11,22,Transcription,4.86,2.7720322109269433e-08,11,1,Transcription(4.86x)
0x82F513598B,5,32,6.4,5.0,32,10,23,Transcription,4.86,1.3508959217719712e-07,10,1,Transcription(4.86x)
0x267909D5,4,22,4.4,5.0,22,6,15,Transcription,4.86,7.591087417095647e-05,6,1,Transcription(4.86x)
0x7909D55D,4,27,5.4,5.0,27,9,14,Transcription,4.86,6.580883170314391e-07,9,1,Transcription(4.86x)
0x13598B26,4,63,12.6,5.0,63,16,37,Transcription,4.86,1.0028987241334622e-11,16,1,Transcription(4.86x)
0x1B937136,4,31,6.2,5.0,31,8,22,Transcription,4.86,3.2046841631806567e-06,8,1,Transcription(4.86x)
0x09D55DC8,4,44,8.8,5.0,44,16,31,Transcription,4.86,1.0028987241334622e-11,16,1,Transcription(4.86x)
0x9882F557,4,47,9.4,5.0,47,15,32,Transcription,4.86,4.8965331802935974e-11,15,1,Transcription(4.86x)
0x82F55759,4,50,10.0,5.0,50,16,34,Transcription,4.86,1.0028987241334622e-11,16,1,Transcription(4.86x)
0xF557590B,4,29,5.8,5.0,29,11,21,Transcription,4.86,2.7720322109269433e-08,11,1,Transcription(4.86x)
0xF513598B,4,52,10.4,5.0,52,15,34,Transcription,4.86,4.8965331802935974e-11,15,1,Transcription(4.86x)
0x711B9371,4,22,4.4,5.0,22,10,17,Transcription,4.86,1.3508959217719712e-07,10,1,Transcription(4.86x)
0x267909,3,21,4.2,5.0,21,6,14,Transcription,4.86,7.591087417095647e-05,6,1,Transcription(4.86x)
0xD55DC8,3,52,10.4,5.0,52,15,30,Transcription,4.86,4.8965331802935974e-11,15,1,Transcription(4.86x)
0x7909D5,3,35,7.0,5.0,35,9,18,Transcription,4.86,6.580883170314391e-07,9,1,Transcription(4.86x)
0x82F557,3,27,5.4,5.0,27,10,21,Transcription,4.86,1.3508959217719712e-07,10,1,Transcription(4.86x)
0x13598B,3,61,12.2,5.0,61,16,34,Transcription,4.86,1.0028987241334622e-11,16,1,Transcription(4.86x)
0x1B9371,3,25,5.0,5.0,25,9,19,Transcription,4.86,6.580883170314391e-07,9,1,Transcription(4.86x)
0x882F510997,5,23,4.6,5.0,23,5,15,Transcription,4.86,0.0003692511691832579,5,1,Transcription(4.86x)
0x882F5109,4,26,5.2,5.0,26,5,18,Transcription,4.86,0.0003692511691832579,5,1,Transcription(4.86x)
0x2F510997,4,24,4.8,5.0,24,5,16,Transcription,4.86,0.0003692511691832579,5,1,Transcription(4.86x)
0x510997,3,29,5.8,5.0,29,10,18,Transcription,4.86,1.3508959217719712e-07,10,1,Transcription(4.86x)
0xE79779,3,51,10.2,5.0,51,7,14,RNA processing,16.94,4.111936267346344e-05,4,2,RNA processing(16.94x); Nuc acid bind(5.76x)
0xD75675,3,59,11.8,5.0,59,7,16,Unclassified,0,1.0,0,0,
0xC46E45C4DA,5,145,29.0,5.0,145,26,80,Transcription,4.86,1.2765052968862076e-18,26,1,Transcription(4.86x)
0x6E45C4DA62,5,141,28.2,5.0,141,26,77,Transcription,4.86,1.2765052968862076e-18,26,1,Transcription(4.86x)
0xC46E45C4,4,153,30.6,5.0,153,29,83,Transcription,4.86,1.0821363952964165e-20,29,1,Transcription(4.86x)
0x6E45C4DA,4,144,28.8,5.0,144,28,80,Transcription,4.86,5.309151970511317e-20,28,1,Transcription(4.86x)
0x64DC99A4,4,104,20.8,5.0,104,14,54,Transcription,4.51,1.3216084022982544e-08,13,1,Transcription(4.51x)
0xC46E45,3,144,28.8,5.0,144,28,75,Transcription,4.86,5.309151970511317e-20,28,1,Transcription(4.86x)
0x6E45C4,3,140,28.0,5.0,140,27,74,Transcription,4.86,2.6037862656508623e-19,27,1,Transcription(4.86x)
0x64DC99,3,102,20.4,5.0,102,11,50,Transcription,4.86,2.7720322109269433e-08,11,1,Transcription(4.86x)
0xD899A4,3,37,7.4,5.0,37,11,27,Transcription,4.86,2.7720322109269433e-08,11,1,Transcription(4.86x)
0x266909D551,5,36,7.2,5.0,36,10,26,Transcription,4.86,1.3508959217719712e-07,10,1,Transcription(4.86x)
0x713698B9,4,146,29.2,5.0,146,40,85,Transcription,4.86,2.6627122812207427e-28,40,1,Transcription(4.86x)
0x26690A95,4,25,5.0,5.0,25,9,15,Transcription,4.86,6.580883170314391e-07,9,1,Transcription(4.86x)
0x6909D551,4,33,6.6,5.0,33,9,23,Transcription,4.86,6.580883170314391e-07,9,1,Transcription(4.86x)
0x26690A,3,29,5.8,5.0,29,11,17,Transcription,4.86,2.7720322109269433e-08,11,1,Transcription(4.86x)
0x3698B9,3,138,27.6,5.0,138,37,76,Transcription,4.86,3.1802293943932595e-26,37,1,Transcription(4.86x)
0x66909D55,4,124,24.8,5.0,124,16,63,Transcription,4.86,1.0028987241334622e-11,16,1,Transcription(4.86x)
0x909D55,3,110,22.0,5.0,110,15,57,Transcription,4.86,4.8965331802935974e-11,15,1,Transcription(4.86x)
0x4DA62E7D44,5,101,20.2,5.0,101,18,43,Transcription,4.86,4.2025038246505523e-13,18,1,Transcription(4.86x)
0x4DA62E7D,4,140,28.0,5.0,140,30,69,Transcription,4.86,2.204833405121001e-21,30,1,Transcription(4.86x)
0xA62E7D44,4,100,20.0,5.0,100,19,43,Transcription,4.86,8.597864487644327e-14,19,1,Transcription(4.86x)
0x4DA62E,3,176,35.2,5.0,176,42,88,Transcription,4.74,1.8198768500663727e-27,41,1,Transcription(4.74x)
0x2E7D44,3,100,20.0,5.0,100,19,43,Transcription,4.86,8.597864487644327e-14,19,1,Transcription(4.86x)
0xC59842,3,35,7.0,5.0,35,11,26,Transcription,4.86,2.7720322109269433e-08,11,1,Transcription(4.86x)
0x4D672C99,4,32,6.4,5.0,32,7,20,Transcription,4.86,1.5600019500226283e-05,7,1,Transcription(4.86x)
0xDC99A427,4,127,25.4,5.0,127,18,70,Transcription,4.59,2.9816094442978044e-11,17,1,Transcription(4.59x)
0x4D672C,3,34,6.8,5.0,34,8,21,Transcription,4.86,3.2046841631806567e-06,8,1,Transcription(4.86x)
0x66909D56,4,35,7.0,5.0,35,6,22,Transcription,4.86,7.591087417095647e-05,6,1,Transcription(4.86x)
0xB26690,3,69,13.8,5.0,69,20,43,Transcription,4.86,1.7583726700607206e-14,20,1,Transcription(4.86x)
0x971369882F,5,37,7.4,5.0,37,9,18,Transcription,4.86,6.580883170314391e-07,9,1,Transcription(4.86x)
0x11B9171369,5,160,32.0,5.0,160,26,95,Transcription,4.86,1.2765052968862076e-18,26,1,Transcription(4.86x)
0x882F5175,4,22,4.4,5.0,22,8,14,Transcription,4.86,3.2046841631806567e-06,8,1,Transcription(4.86x)
0x97136988,4,40,8.0,5.0,40,11,21,Transcription,4.86,2.7720322109269433e-08,11,1,Transcription(4.86x)
0x11B91713,4,150,30.0,5.0,150,27,88,Transcription,4.86,2.6037862656508623e-19,27,1,Transcription(4.86x)
0x2F5175,3,21,4.2,5.0,21,8,15,Transcription,4.86,3.2046841631806567e-06,8,1,Transcription(4.86x)
0x971369,3,47,9.4,5.0,47,16,28,Transcription,4.86,1.0028987241334622e-11,16,1,Transcription(4.86x)
0x672C99A4,4,41,8.2,5.0,41,12,22,Transcription,4.86,5.686083533494969e-09,12,1,Transcription(4.86x)
0x662C99,3,22,4.4,5.0,22,6,12,Transcription,4.86,7.591087417095647e-05,6,1,Transcription(4.86x)
0x2C99A4,3,84,16.8,5.0,84,23,47,Transcription,4.86,1.5007145693144815e-16,23,1,Transcription(4.86x)
0x4DC4DA,3,53,10.6,5.0,53,11,29,Transcription,4.86,2.7720322109269433e-08,11,1,Transcription(4.86x)
0x0BD54D,3,97,19.4,5.0,97,15,46,Transcription,4.86,4.8965331802935974e-11,15,1,Transcription(4.86x)
0xD642C99A42,5,36,7.2,5.0,36,5,16,Transcription,4.86,0.0003692511691832579,5,1,Transcription(4.86x)
0x44D672C99A,5,56,11.2,5.0,56,11,31,Transcription,4.86,2.7720322109269433e-08,11,1,Transcription(4.86x)
0xD672C99A42,5,65,13.0,5.0,65,14,37,Transcription,4.86,2.3897834069629653e-10,14,1,Transcription(4.86x)
0xD642C99A,4,34,6.8,5.0,34,5,15,Transcription,4.86,0.0003692511691832579,5,1,Transcription(4.86x)
0x42C99A42,4,34,6.8,5.0,34,5,15,Transcription,4.86,0.0003692511691832579,5,1,Transcription(4.86x)
0x44D672C9,4,77,15.4,5.0,77,13,39,Transcription,4.86,1.1659144608595997e-09,13,1,Transcription(4.86x)
0x72C99A42,4,62,12.4,5.0,62,14,35,Transcription,4.86,2.3897834069629653e-10,14,1,Transcription(4.86x)
0x9A427553,4,100,20.0,5.0,100,20,56,Transcription,4.86,1.7583726700607206e-14,20,1,Transcription(4.86x)
0xD642C9,3,51,10.2,5.0,51,9,25,Transcription,4.86,6.580883170314391e-07,9,1,Transcription(4.86x)
0x42C99A,3,34,6.8,5.0,34,5,15,Transcription,4.86,0.0003692511691832579,5,1,Transcription(4.86x)
0x44D672,3,81,16.2,5.0,81,16,42,Transcription,4.86,1.0028987241334622e-11,16,1,Transcription(4.86x)
0x427553,3,78,15.6,5.0,78,15,48,Transcription,4.86,4.8965331802935974e-11,15,1,Transcription(4.86x)
0x69882F5535,5,115,23.0,5.0,115,15,62,Transcription,4.86,4.8965331802935974e-11,15,1,Transcription(4.86x)
0x882F5535,4,120,24.0,5.0,120,18,65,Transcription,4.86,4.2025038246505523e-13,18,1,Transcription(4.86x)
0x9CB26690,4,48,9.6,5.0,48,11,27,Transcription,4.86,2.7720322109269433e-08,11,1,Transcription(4.86x)
0x2F5535,3,120,24.0,5.0,120,18,65,Transcription,4.86,4.2025038246505523e-13,18,1,Transcription(4.86x)
0x371369882F,5,28,5.6,5.0,28,7,21,Transcription,4.86,1.5600019500226283e-05,7,1,Transcription(4.86x)
0xB937136988,5,21,4.2,5.0,21,5,15,Transcription,4.86,0.0003692511691832579,5,1,Transcription(4.86x)
0xB9371369,4,24,4.8,5.0,24,5,18,Transcription,4.86,0.0003692511691832579,5,1,Transcription(4.86x)
0x37136988,4,29,5.8,5.0,29,7,22,Transcription,4.86,1.5600019500226283e-05,7,1,Transcription(4.86x)
0x371369,3,45,9.0,5.0,45,11,30,Transcription,4.86,2.7720322109269433e-08,11,1,Transcription(4.86x)
0xB93713,3,29,5.8,5.0,29,8,18,Transcription,4.86,3.2046841631806567e-06,8,1,Transcription(4.86x)
0xC46E65,3,33,6.6,5.0,33,14,19,Transcription,4.86,2.3897834069629653e-10,14,1,Transcription(4.86x)
0xA720A9,3,23,4.6,5.0,23,5,11,Structural,41.53,6.584887722211777e-07,4,1,Structural(41.53x)
0xF7DF56,3,32,6.4,5.0,32,5,18,Unclassified,0,1.0,0,0,
0x20BD44265D,5,37,7.4,5.0,37,13,27,Transcription,4.86,1.1659144608595997e-09,13,1,Transcription(4.86x)
0xBD44265D,4,36,7.2,5.0,36,13,26,Transcription,4.86,1.1659144608595997e-09,13,1,Transcription(4.86x)
0x44265D,3,48,9.6,5.0,48,15,33,Transcription,4.86,4.8965331802935974e-11,15,1,Transcription(4.86x)
0x698B9F51,4,31,6.2,5.0,31,8,19,Transcription,4.86,3.2046841631806567e-06,8,1,Transcription(4.86x)
0x8B9F51,3,42,8.4,5.0,42,13,27,Transcription,4.86,1.1659144608595997e-09,13,1,Transcription(4.86x)
0x2E45C4DA62,5,68,13.6,5.0,68,14,42,Transcription,4.51,1.3216084022982544e-08,13,1,Transcription(4.51x)
0xC72E45C4DA,5,29,5.8,5.0,29,5,16,Transcription,3.88,0.007500360578701421,4,1,Transcription(3.88x)
0xC4DA620BD5,5,177,35.4,5.0,177,28,91,Transcription,4.68,5.857130511784356e-18,27,1,Transcription(4.68x)
0xDA620BD54D,5,111,22.2,5.0,111,14,57,Transcription,4.51,1.3216084022982544e-08,13,1,Transcription(4.51x)
0x2E45C4DA,4,69,13.8,5.0,69,14,43,Transcription,4.51,1.3216084022982544e-08,13,1,Transcription(4.51x)
0xC72E45C4,4,32,6.4,5.0,32,6,18,Transcription,4.05,0.0018359526442447652,5,1,Transcription(4.05x)
0xDA620BD5,4,177,35.4,5.0,177,32,89,Transcription,4.7,1.1535754574204923e-20,31,1,Transcription(4.7x)
0x620BD54D,4,108,21.6,5.0,108,16,53,Transcription,4.55,6.330105002269565e-10,15,1,Transcription(4.55x)
0x6085C4DA,4,34,6.8,5.0,34,5,10,Transcription,4.86,0.0003692511691832579,5,1,Transcription(4.86x)
0x2E45C4,3,69,13.8,5.0,69,14,41,Transcription,4.86,2.3897834069629653e-10,14,1,Transcription(4.86x)
0xC72E45,3,31,6.2,5.0,31,6,17,Transcription,4.86,7.591087417095647e-05,6,1,Transcription(4.86x)
0xC46085,3,39,7.8,5.0,39,5,12,Transcription,4.86,0.0003692511691832579,5,1,Transcription(4.86x)
0x6085C4,3,49,9.8,5.0,49,5,17,Transcription,4.86,0.0003692511691832579,5,1,Transcription(4.86x)
0x65DC59,3,53,10.6,5.0,53,7,33,Transcription,4.86,1.5600019500226283e-05,7,1,Transcription(4.86x)
0xA42355,3,26,5.2,5.0,26,10,16,Transcription,4.86,1.3508959217719712e-07,10,1,Transcription(4.86x)
0x882755,3,21,4.2,5.0,21,6,12,Transcription,4.86,7.591087417095647e-05,6,1,Transcription(4.86x)
0xDA62E7D4,4,21,4.2,5.0,21,5,13,Transcription,4.86,0.0003692511691832579,5,1,Transcription(4.86x)
0x627627,3,21,4.2,5.0,21,7,10,Kinase,11.44,1.1409953529183106e-06,6,1,Kinase(11.44x)
0x6171369882,5,269,53.8,5.0,269,20,140,Transcription,4.86,1.7583726700607206e-14,20,1,Transcription(4.86x)
0x61713698,4,283,56.6,5.0,283,24,147,Transcription,4.86,3.0645655310369683e-17,24,1,Transcription(4.86x)
0x617136,3,315,63.0,5.0,315,23,148,Transcription,4.86,1.5007145693144815e-16,23,1,Transcription(4.86x)
0x771661,3,45,9.0,5.0,45,5,17,Transcription,4.86,0.0003692511691832579,5,1,Transcription(4.86x)
0xF51759,3,42,8.4,5.0,42,9,17,Transcription,4.86,6.580883170314391e-07,9,1,Transcription(4.86x)
0x6908D5,3,26,5.2,5.0,26,7,16,Transcription,4.86,1.5600019500226283e-05,7,1,Transcription(4.86x)
0x2171369882,5,122,24.4,5.0,122,9,61,Transcription,4.86,6.580883170314391e-07,9,1,Transcription(4.86x)
0x21713698,4,129,25.8,5.0,129,9,66,Transcription,4.86,6.580883170314391e-07,9,1,Transcription(4.86x)
0x09977166,4,35,7.0,5.0,35,6,24,Transcription,4.86,7.591087417095647e-05,6,1,Transcription(4.86x)
0x217136,3,175,35.0,5.0,175,14,92,Transcription,4.86,2.3897834069629653e-10,14,1,Transcription(4.86x)
0x987266,3,49,9.8,5.0,49,15,28,Transcription,4.86,4.8965331802935974e-11,15,1,Transcription(4.86x)
0x099771,3,35,7.0,5.0,35,7,20,Transcription,4.86,1.5600019500226283e-05,7,1,Transcription(4.86x)
0xA9F7DA7D,4,35,7.0,5.0,35,6,10,Structural,25.96,0.00013496356040813243,3,2,Structural(25.96x); Cell adhesion(11.37x)
0x9A42E5,3,60,12.0,5.0,60,10,20,Transcription,4.86,1.3508959217719712e-07,10,1,Transcription(4.86x)
0x66909D55DC,5,68,13.6,5.0,68,7,33,Transcription,4.86,1.5600019500226283e-05,7,1,Transcription(4.86x)
0x909D55DC,4,65,13.0,5.0,65,7,30,Transcription,4.86,1.5600019500226283e-05,7,1,Transcription(4.86x)
0xB266909D,4,60,12.0,5.0,60,12,36,Transcription,4.86,5.686083533494969e-09,12,1,Transcription(4.86x)
0x2F5135,3,68,13.6,5.0,68,14,44,Transcription,4.86,2.3897834069629653e-10,14,1,Transcription(4.86x)
0x9D55DC,3,60,12.0,5.0,60,7,28,Transcription,4.86,1.5600019500226283e-05,7,1,Transcription(4.86x)
0x91713698B9,5,39,7.8,5.0,39,12,32,Transcription,4.86,5.686083533494969e-09,12,1,Transcription(4.86x)
0x713698B9F5,5,58,11.6,5.0,58,21,36,Transcription,4.86,3.594752654656496e-15,21,1,Transcription(4.86x)
0x3698B9F5,4,53,10.6,5.0,53,21,32,Transcription,4.86,3.594752654656496e-15,21,1,Transcription(4.86x)
0x98B9F5,3,58,11.6,5.0,58,25,34,Transcription,4.86,6.255717342414559e-18,25,1,Transcription(4.86x)
0x5DA69A,3,37,7.4,5.0,37,7,11,Unclassified,0,1.0,0,0,
0xA620BD54D6,5,162,32.4,5.0,162,18,97,Transcription,4.86,4.2025038246505523e-13,18,1,Transcription(4.86x)
0x2C46E45C4D,5,104,20.8,5.0,104,10,58,Transcription,4.86,1.3508959217719712e-07,10,1,Transcription(4.86x)
0xE45C4DA62E,5,102,20.4,5.0,102,19,45,Transcription,4.86,8.597864487644327e-14,19,1,Transcription(4.86x)
0x5C4DA62E7D,5,114,22.8,5.0,114,20,51,Transcription,4.86,1.7583726700607206e-14,20,1,Transcription(4.86x)
0xC99A42755E,5,41,8.2,5.0,41,5,32,Transcription,4.86,0.0003692511691832579,5,1,Transcription(4.86x)
0xD64DC99A42,5,200,40.0,5.0,200,28,112,Transcription,4.86,5.309151970511317e-20,28,1,Transcription(4.86x)
0x4DC99A4275,5,167,33.4,5.0,167,24,101,Transcription,4.86,3.0645655310369683e-17,24,1,Transcription(4.86x)
0x20BD54D6,4,167,33.4,5.0,167,19,99,Transcription,4.86,8.597864487644327e-14,19,1,Transcription(4.86x)
0x9A42755E,4,59,11.8,5.0,59,12,42,Transcription,4.86,5.686083533494969e-09,12,1,Transcription(4.86x)
0x2C46E45C,4,102,20.4,5.0,102,10,54,Transcription,4.86,1.3508959217719712e-07,10,1,Transcription(4.86x)
0x5C4DA62E,4,131,26.2,5.0,131,27,60,Transcription,4.86,2.6037862656508623e-19,27,1,Transcription(4.86x)
0x56072C46,4,59,11.8,5.0,59,8,36,Transcription,4.86,3.2046841631806567e-06,8,1,Transcription(4.86x)
0x4DC99A42,4,203,40.6,5.0,203,27,111,Transcription,4.86,2.6037862656508623e-19,27,1,Transcription(4.86x)
0xD64DC99A,4,213,42.6,5.0,213,30,118,Transcription,4.86,2.204833405121001e-21,30,1,Transcription(4.86x)
0x42755E,3,33,6.6,5.0,33,10,23,Transcription,4.86,1.3508959217719712e-07,10,1,Transcription(4.86x)
0x2C46E4,3,53,10.6,5.0,53,10,33,Transcription,4.86,1.3508959217719712e-07,10,1,Transcription(4.86x)
0x56072C,3,57,11.4,5.0,57,8,34,Transcription,4.86,3.2046841631806567e-06,8,1,Transcription(4.86x)
0x072C46,3,57,11.4,5.0,57,8,31,Transcription,4.86,3.2046841631806567e-06,8,1,Transcription(4.86x)
0xBD54D6,3,106,21.2,5.0,106,19,66,Transcription,4.86,8.597864487644327e-14,19,1,Transcription(4.86x)
0xD64DC9,3,160,32.0,5.0,160,28,94,Transcription,4.86,5.309151970511317e-20,28,1,Transcription(4.86x)
0x4DC99A,3,169,33.8,5.0,169,27,96,Transcription,4.86,2.6037862656508623e-19,27,1,Transcription(4.86x)
0x9842E5,3,24,4.8,5.0,24,6,16,Transcription,4.86,7.591087417095647e-05,6,1,Transcription(4.86x)
0x99A4275577,5,66,13.2,5.0,66,9,28,Transcription,4.86,6.580883170314391e-07,9,1,Transcription(4.86x)
0x65C4DA620B,5,27,5.4,5.0,27,10,15,Transcription,4.86,1.3508959217719712e-07,10,1,Transcription(4.86x)
0xA4275577,4,75,15.0,5.0,75,10,32,Transcription,4.86,1.3508959217719712e-07,10,1,Transcription(4.86x)
0x65C4DA62,4,41,8.2,5.0,41,15,24,Transcription,4.86,4.8965331802935974e-11,15,1,Transcription(4.86x)
0x65C4DA,3,40,8.0,5.0,40,17,28,Transcription,4.86,2.053352830271332e-12,17,1,Transcription(4.86x)
0x9A427557,4,139,27.8,5.0,139,18,67,Transcription,4.86,4.2025038246505523e-13,18,1,Transcription(4.86x)
0x265DC598,4,41,8.2,5.0,41,10,27,Transcription,4.86,1.3508959217719712e-07,10,1,Transcription(4.86x)
0x265DC5,3,38,7.6,5.0,38,9,25,Transcription,4.86,6.580883170314391e-07,9,1,Transcription(4.86x)
0x5DC598,3,43,8.6,5.0,43,12,29,Transcription,4.86,5.686083533494969e-09,12,1,Transcription(4.86x)
0xDC99A42755,5,123,24.6,5.0,123,17,68,Transcription,4.57,1.3763913781834717e-10,16,1,Transcription(4.57x)
0x1821713698,5,88,17.6,5.0,88,6,50,Transcription,4.86,7.591087417095647e-05,6,1,Transcription(4.86x)
0x77266909D5,5,49,9.8,5.0,49,5,24,Transcription,4.86,0.0003692511691832579,5,1,Transcription(4.86x)
0x9971369882,5,43,8.6,5.0,43,8,26,Transcription,4.86,3.2046841631806567e-06,8,1,Transcription(4.86x)
0x97DA7D77,4,21,4.2,5.0,21,10,15,Kinase,13.34,5.3007780691378005e-12,10,1,Kinase(13.34x)
0x97DA7D,3,43,8.6,5.0,43,19,29,Kinase,11.24,6.712908438496584e-16,16,2,Kinase(11.24x); Phosphatase(10.56x)
0x729598,3,20,4.0,5.0,20,11,16,Kinase,13.34,3.925748915362992e-13,11,1,Kinase(13.34x)
0x75D865,3,20,4.0,5.0,20,5,5,Cell cycle,14.39,0.007282634693249678,2,1,Cell cycle(14.39x)
0x18B9171369,5,21,4.2,5.0,21,5,15,Transcription,4.86,0.0003692511691832579,5,1,Transcription(4.86x)
0x5109977166,5,23,4.6,5.0,23,5,16,Transcription,4.86,0.0003692511691832579,5,1,Transcription(4.86x)
0x66909D57,4,43,8.6,5.0,43,5,24,Transcription,4.86,0.0003692511691832579,5,1,Transcription(4.86x)
0x51099771,4,31,6.2,5.0,31,6,18,Transcription,4.86,7.591087417095647e-05,6,1,Transcription(4.86x)
0x97716610,4,25,5.0,5.0,25,5,18,Transcription,4.86,0.0003692511691832579,5,1,Transcription(4.86x)
0x716610B9,4,21,4.2,5.0,21,5,15,Transcription,4.86,0.0003692511691832579,5,1,Transcription(4.86x)
0x18B91713,4,21,4.2,5.0,21,5,15,Transcription,4.86,0.0003692511691832579,5,1,Transcription(4.86x)
0x909D57,3,45,9.0,5.0,45,8,21,Transcription,4.86,3.2046841631806567e-06,8,1,Transcription(4.86x)
0x716610,3,26,5.2,5.0,26,6,18,Transcription,4.86,7.591087417095647e-05,6,1,Transcription(4.86x)
0x6690B9,3,23,4.6,5.0,23,6,13,Transcription,4.86,7.591087417095647e-05,6,1,Transcription(4.86x)
0xC99A427553,5,48,9.6,5.0,48,9,24,Transcription,4.86,6.580883170314391e-07,9,1,Transcription(4.86x)
0x71769882F5,5,28,5.6,5.0,28,6,15,Transcription,4.86,7.591087417095647e-05,6,1,Transcription(4.86x)
0x82F55B59,4,74,14.8,5.0,74,6,17,Transcription,4.86,7.591087417095647e-05,6,1,Transcription(4.86x)
0x769882F5,4,24,4.8,5.0,24,6,13,Transcription,4.86,7.591087417095647e-05,6,1,Transcription(4.86x)
0xF55B59,3,80,16.0,5.0,80,10,20,Transcription,4.86,1.3508959217719712e-07,10,1,Transcription(4.86x)
0x1861713698,5,223,44.6,5.0,223,18,119,Transcription,4.86,4.2025038246505523e-13,18,1,Transcription(4.86x)
0x18617136,4,249,49.8,5.0,249,20,133,Transcription,4.86,1.7583726700607206e-14,20,1,Transcription(4.86x)
0x186171,3,184,36.8,5.0,184,15,100,Transcription,4.86,4.8965331802935974e-11,15,1,Transcription(4.86x)
0x1CB118,3,30,6.0,5.0,30,5,19,Transcription,4.86,0.0003692511691832579,5,1,Transcription(4.86x)
0x9A427550,4,92,18.4,5.0,92,12,47,Transcription,4.86,5.686083533494969e-09,12,1,Transcription(4.86x)
0x427550,3,63,12.6,5.0,63,12,33,Transcription,4.86,5.686083533494969e-09,12,1,Transcription(4.86x)
0x899A4275,4,67,13.4,5.0,67,14,43,Transcription,4.86,2.3897834069629653e-10,14,1,Transcription(4.86x)
0x713699,3,75,15.0,5.0,75,6,17,Transcription,4.86,7.591087417095647e-05,6,1,Transcription(4.86x)
0x79E5DE,3,33,6.6,5.0,33,5,9,Nuc acid bind,6.05,0.0083473671724906,3,1,Nuc acid bind(6.05x)
0x69882F5135,5,54,10.8,5.0,54,5,31,Transcription,4.86,0.0003692511691832579,5,1,Transcription(4.86x)
0x882F5135,4,66,13.2,5.0,66,10,41,Transcription,4.86,1.3508959217719712e-07,10,1,Transcription(4.86x)
0x6266909D,4,51,10.2,5.0,51,9,29,Transcription,4.86,6.580883170314391e-07,9,1,Transcription(4.86x)
0x626690,3,78,15.6,5.0,78,18,47,Transcription,4.86,4.2025038246505523e-13,18,1,Transcription(4.86x)
0x171769,3,20,4.0,5.0,20,6,10,Transcription,4.86,7.591087417095647e-05,6,1,Transcription(4.86x)
0x6209D5,3,37,7.4,5.0,37,7,17,Transcription,4.86,1.5600019500226283e-05,7,1,Transcription(4.86x)
0x5DC59842E5,5,25,5.0,5.0,25,6,17,Transcription,4.86,7.591087417095647e-05,6,1,Transcription(4.86x)
0x5DC59842,4,37,7.4,5.0,37,12,27,Transcription,4.86,5.686083533494969e-09,12,1,Transcription(4.86x)
0xC59842E5,4,24,4.8,5.0,24,6,16,Transcription,4.86,7.591087417095647e-05,6,1,Transcription(4.86x)
0x64DC99A427,5,81,16.2,5.0,81,8,43,Transcription,4.25,0.00010236736685954572,7,1,Transcription(4.25x)
0x4D64DC99A4,5,85,17.0,5.0,85,12,46,Transcription,4.45,2.700969464427887e-07,11,1,Transcription(4.45x)
0x4D64DC99,4,86,17.2,5.0,86,11,47,Transcription,4.41,1.2087822928564743e-06,10,1,Transcription(4.41x)
0x4D64DC,3,74,14.8,5.0,74,7,37,Transcription,4.86,1.5600019500226283e-05,7,1,Transcription(4.86x)
0x69582A,3,22,4.4,5.0,22,7,14,Structural,37.08,5.139058072912177e-08,5,1,Structural(37.08x)
0x62E45C,3,25,5.0,5.0,25,9,18,Transcription,4.86,6.580883170314391e-07,9,1,Transcription(4.86x)
0x8B91713698,5,22,4.4,5.0,22,6,16,Transcription,4.86,7.591087417095647e-05,6,1,Transcription(4.86x)
0x8B917136,4,27,5.4,5.0,27,6,17,Transcription,4.86,7.591087417095647e-05,6,1,Transcription(4.86x)
0x582371,3,34,6.8,5.0,34,6,17,Transcription,4.86,7.591087417095647e-05,6,1,Transcription(4.86x)
0x8B9171,3,23,4.6,5.0,23,6,14,Transcription,4.86,7.591087417095647e-05,6,1,Transcription(4.86x)
0x62E45C4DA6,5,25,5.0,5.0,25,9,19,Transcription,4.86,6.580883170314391e-07,9,1,Transcription(4.86x)
0x62E45C4D,4,28,5.6,5.0,28,9,21,Transcription,4.86,6.580883170314391e-07,9,1,Transcription(4.86x)
0x6E4DC4,3,49,9.8,5.0,49,8,16,Transcription,4.86,3.2046841631806567e-06,8,1,Transcription(4.86x)
0x98726690,4,43,8.6,5.0,43,14,22,Transcription,4.86,2.3897834069629653e-10,14,1,Transcription(4.86x)
0x553593,3,88,17.6,5.0,88,12,48,Transcription,4.86,5.686083533494969e-09,12,1,Transcription(4.86x)
0x46185C4D,4,75,15.0,5.0,75,11,46,Transcription,4.86,2.7720322109269433e-08,11,1,Transcription(4.86x)
0x46185C,3,47,9.4,5.0,47,8,32,Transcription,4.86,3.2046841631806567e-06,8,1,Transcription(4.86x)
0x185C4D,3,68,13.6,5.0,68,11,45,Transcription,4.86,2.7720322109269433e-08,11,1,Transcription(4.86x)
0x9A4235,3,35,7.0,5.0,35,9,17,Transcription,4.86,6.580883170314391e-07,9,1,Transcription(4.86x)
0x275537,3,37,7.4,5.0,37,6,18,Transcription,4.05,0.0018359526442447652,5,1,Transcription(4.05x)
0xC46E65C4DA,5,20,4.0,5.0,20,9,12,Transcription,4.86,6.580883170314391e-07,9,1,Transcription(4.86x)
0x6E65C4DA62,5,20,4.0,5.0,20,9,12,Transcription,4.86,6.580883170314391e-07,9,1,Transcription(4.86x)
0xC46E65C4,4,32,6.4,5.0,32,11,18,Transcription,4.86,2.7720322109269433e-08,11,1,Transcription(4.86x)
0x6E65C4DA,4,20,4.0,5.0,20,9,12,Transcription,4.86,6.580883170314391e-07,9,1,Transcription(4.86x)
0x6E65C4,3,34,6.8,5.0,34,13,22,Transcription,4.86,1.1659144608595997e-09,13,1,Transcription(4.86x)
0x3628B9,3,51,10.2,5.0,51,7,15,Nuc acid bind,8.64,6.025244923133212e-06,6,1,Nuc acid bind(8.64x)
0x987266909D,5,27,5.4,5.0,27,5,11,Transcription,4.86,0.0003692511691832579,5,1,Transcription(4.86x)
0x997716,3,42,8.4,5.0,42,5,26,Transcription,4.86,0.0003692511691832579,5,1,Transcription(4.86x)
0xDA620BD44D,5,48,9.6,5.0,48,9,26,Transcription,4.32,2.3577450932374392e-05,8,1,Transcription(4.32x)
0x620BD44D,4,47,9.4,5.0,47,11,28,Transcription,4.41,1.2087822928564743e-06,10,1,Transcription(4.41x)
0xD75DA5,3,20,4.0,5.0,20,5,11,Unclassified,0,1.0,0,0,
0xC46E4D,3,41,8.2,5.0,41,9,17,Transcription,4.86,6.580883170314391e-07,9,1,Transcription(4.86x)
0xC46E4DC4DA,5,31,6.2,5.0,31,6,12,Transcription,4.86,7.591087417095647e-05,6,1,Transcription(4.86x)
0xC46E4DC4,4,37,7.4,5.0,37,6,14,Transcription,4.86,7.591087417095647e-05,6,1,Transcription(4.86x)
0x6E4DC4DA,4,31,6.2,5.0,31,6,12,Transcription,4.86,7.591087417095647e-05,6,1,Transcription(4.86x)
0x4DC4DA62,4,35,7.0,5.0,35,8,21,Transcription,4.86,3.2046841631806567e-06,8,1,Transcription(4.86x)
0x59842E55,4,22,4.4,5.0,22,5,17,Transcription,3.88,0.007500360578701421,4,1,Transcription(3.88x)
0xD44265,3,31,6.2,5.0,31,7,21,Transcription,4.86,1.5600019500226283e-05,7,1,Transcription(4.86x)
0xBD44265DC5,5,27,5.4,5.0,27,9,18,Transcription,4.86,6.580883170314391e-07,9,1,Transcription(4.86x)
0x44265DC598,5,31,6.2,5.0,31,10,21,Transcription,4.86,1.3508959217719712e-07,10,1,Transcription(4.86x)
0x265DC59842,5,28,5.6,5.0,28,6,20,Transcription,4.86,7.591087417095647e-05,6,1,Transcription(4.86x)
0x44265DC5,4,34,6.8,5.0,34,10,23,Transcription,4.86,1.3508959217719712e-07,10,1,Transcription(4.86x)
0x57590B2669,5,21,4.2,5.0,21,7,15,Transcription,4.86,1.5600019500226283e-05,7,1,Transcription(4.86x)
0x590B266909,5,32,6.4,5.0,32,8,19,Transcription,4.86,3.2046841631806567e-06,8,1,Transcription(4.86x)
0x0B266909D5,5,23,4.6,5.0,23,7,17,Transcription,4.86,1.5600019500226283e-05,7,1,Transcription(4.86x)
0x415A19711B,5,25,5.0,5.0,25,8,13,Transcription,4.86,3.2046841631806567e-06,8,1,Transcription(4.86x)
0x590B2669,4,32,6.4,5.0,32,8,19,Transcription,4.86,3.2046841631806567e-06,8,1,Transcription(4.86x)
0x0B266909,4,32,6.4,5.0,32,8,19,Transcription,4.86,3.2046841631806567e-06,8,1,Transcription(4.86x)
0x71379882,4,31,6.2,5.0,31,5,22,Transcription,4.86,0.0003692511691832579,5,1,Transcription(4.86x)
0x415A1971,4,27,5.4,5.0,27,8,15,Transcription,4.86,3.2046841631806567e-06,8,1,Transcription(4.86x)
0x0B2669,3,29,5.8,5.0,29,7,16,Transcription,4.86,1.5600019500226283e-05,7,1,Transcription(4.86x)
0x415A19,3,24,4.8,5.0,24,7,12,Transcription,4.86,1.5600019500226283e-05,7,1,Transcription(4.86x)
0x6826BD95,4,24,4.8,5.0,24,10,11,Kinase,13.34,5.3007780691378005e-12,10,1,Kinase(13.34x)
0x6826BD,3,27,5.4,5.0,27,10,11,Kinase,13.34,5.3007780691378005e-12,10,1,Kinase(13.34x)
0x26BD95,3,24,4.8,5.0,24,10,11,Kinase,13.34,5.3007780691378005e-12,10,1,Kinase(13.34x)
0x276276,3,33,6.6,5.0,33,12,16,Kinase,8.9,3.628895245928659e-07,8,1,Kinase(8.9x)
0x1359CB2669,5,22,4.4,5.0,22,6,16,Transcription,4.86,7.591087417095647e-05,6,1,Transcription(4.86x)
0x1359CB26,4,23,4.6,5.0,23,6,17,Transcription,4.86,7.591087417095647e-05,6,1,Transcription(4.86x)
0x1359CB,3,30,6.0,5.0,30,11,22,Transcription,4.86,2.7720322109269433e-08,11,1,Transcription(4.86x)
0x54D64DC99A,5,157,31.4,5.0,157,19,94,Transcription,4.86,8.597864487644327e-14,19,1,Transcription(4.86x)
0x54D64DC9,4,153,30.6,5.0,153,17,90,Transcription,4.86,2.053352830271332e-12,17,1,Transcription(4.86x)
0x54D64D,3,100,20.0,5.0,100,16,65,Transcription,4.86,1.0028987241334622e-11,16,1,Transcription(4.86x)
0x18217136,4,101,20.2,5.0,101,7,58,Transcription,4.86,1.5600019500226283e-05,7,1,Transcription(4.86x)
0x71182171,4,64,12.8,5.0,64,5,34,Transcription,4.86,0.0003692511691832579,5,1,Transcription(4.86x)
0x71581CB1,4,73,14.6,5.0,73,8,45,Transcription,4.86,3.2046841631806567e-06,8,1,Transcription(4.86x)
0xC9D77158,4,108,21.6,5.0,108,6,55,Transcription,4.86,7.591087417095647e-05,6,1,Transcription(4.86x)
0xB1186171,4,139,27.8,5.0,139,10,70,Transcription,4.86,1.3508959217719712e-07,10,1,Transcription(4.86x)
0x182171,3,124,24.8,5.0,124,13,66,Transcription,4.86,1.1659144608595997e-09,13,1,Transcription(4.86x)
0x71581C,3,58,11.6,5.0,58,7,35,Transcription,4.86,1.5600019500226283e-05,7,1,Transcription(4.86x)
0x581CB1,3,201,40.2,5.0,201,16,122,Transcription,4.86,1.0028987241334622e-11,16,1,Transcription(4.86x)
0xC9D771,3,85,17.0,5.0,85,5,43,Transcription,4.86,0.0003692511691832579,5,1,Transcription(4.86x)
0xD77158,3,230,46.0,5.0,230,16,123,Transcription,4.86,1.0028987241334622e-11,16,1,Transcription(4.86x)
0xB11861,3,74,14.8,5.0,74,7,40,Transcription,4.86,1.5600019500226283e-05,7,1,Transcription(4.86x)
0xDB711B,3,32,6.4,5.0,32,6,12,Transcription,4.86,7.591087417095647e-05,6,1,Transcription(4.86x)
0xD44D67,3,24,4.8,5.0,24,5,13,Transcription,4.86,0.0003692511691832579,5,1,Transcription(4.86x)
0x0BD45D,3,23,4.6,5.0,23,8,16,Transcription,4.86,3.2046841631806567e-06,8,1,Transcription(4.86x)
0xA62E7D44D6,5,76,15.2,5.0,76,13,35,Transcription,4.86,1.1659144608595997e-09,13,1,Transcription(4.86x)
0x2E7D44D672,5,68,13.6,5.0,68,12,32,Transcription,4.86,5.686083533494969e-09,12,1,Transcription(4.86x)
0x7D44D672C9,5,66,13.2,5.0,66,12,31,Transcription,4.86,5.686083533494969e-09,12,1,Transcription(4.86x)
0x72C99A4275,5,59,11.8,5.0,59,14,32,Transcription,4.86,2.3897834069629653e-10,14,1,Transcription(4.86x)
0x2E7D44D6,4,86,17.2,5.0,86,13,35,Transcription,4.86,1.1659144608595997e-09,13,1,Transcription(4.86x)
0x7D44D672,4,68,13.6,5.0,68,12,32,Transcription,4.86,5.686083533494969e-09,12,1,Transcription(4.86x)
0x7D44D6,3,86,17.2,5.0,86,13,35,Transcription,4.86,1.1659144608595997e-09,13,1,Transcription(4.86x)
0x2C99A42755,5,54,10.8,5.0,54,11,33,Transcription,4.86,2.7720322109269433e-08,11,1,Transcription(4.86x)
0x2C99A427,4,53,10.6,5.0,53,11,32,Transcription,4.86,2.7720322109269433e-08,11,1,Transcription(4.86x)
0x5815B11B91,5,133,26.6,5.0,133,10,77,Transcription,4.86,1.3508959217719712e-07,10,1,Transcription(4.86x)
0x15B11B9171,5,176,35.2,5.0,176,12,105,Transcription,4.86,5.686083533494969e-09,12,1,Transcription(4.86x)
0x10B11B9171,5,116,23.2,5.0,116,8,66,Transcription,4.86,3.2046841631806567e-06,8,1,Transcription(4.86x)
0x5D5815B1,4,89,17.8,5.0,89,6,51,Transcription,4.86,7.591087417095647e-05,6,1,Transcription(4.86x)
0x5815B11B,4,126,25.2,5.0,126,9,72,Transcription,4.86,6.580883170314391e-07,9,1,Transcription(4.86x)
0x15B11B91,4,126,25.2,5.0,126,10,76,Transcription,4.86,1.3508959217719712e-07,10,1,Transcription(4.86x)
0x10B11B91,4,70,14.0,5.0,70,7,41,Transcription,4.86,1.5600019500226283e-05,7,1,Transcription(4.86x)
0x5815B1,3,124,24.8,5.0,124,10,72,Transcription,4.86,1.3508959217719712e-07,10,1,Transcription(4.86x)
0x15B11B,3,48,9.6,5.0,48,6,32,Transcription,4.86,7.591087417095647e-05,6,1,Transcription(4.86x)
0x10B11B,3,32,6.4,5.0,32,6,21,Transcription,4.86,7.591087417095647e-05,6,1,Transcription(4.86x)
0x46185C4DA6,5,70,14.0,5.0,70,10,42,Transcription,4.86,1.3508959217719712e-07,10,1,Transcription(4.86x)
0x185C4DA620,5,84,16.8,5.0,84,13,51,Transcription,4.86,1.1659144608595997e-09,13,1,Transcription(4.86x)
0x185C4DA6,4,92,18.4,5.0,92,14,56,Transcription,4.86,2.3897834069629653e-10,14,1,Transcription(4.86x)
0x20BD54D64D,5,139,27.8,5.0,139,15,82,Transcription,4.86,4.8965331802935974e-11,15,1,Transcription(4.86x)
0x56072C46E4,5,38,7.6,5.0,38,6,22,Transcription,4.86,7.591087417095647e-05,6,1,Transcription(4.86x)
0x072C46E45C,5,44,8.8,5.0,44,6,22,Transcription,4.86,7.591087417095647e-05,6,1,Transcription(4.86x)
0xBD54D64DC9,5,134,26.8,5.0,134,14,78,Transcription,4.86,2.3897834069629653e-10,14,1,Transcription(4.86x)
0x9A42755772,5,60,12.0,5.0,60,7,40,Transcription,4.86,1.5600019500226283e-05,7,1,Transcription(4.86x)
0x4275577275,5,55,11.0,5.0,55,5,36,Transcription,4.86,0.0003692511691832579,5,1,Transcription(4.86x)
0x072C46E4,4,46,9.2,5.0,46,6,24,Transcription,4.86,7.591087417095647e-05,6,1,Transcription(4.86x)
0xBD54D64D,4,140,28.0,5.0,140,15,79,Transcription,4.86,4.8965331802935974e-11,15,1,Transcription(4.86x)
0x42755772,4,78,15.6,5.0,78,8,34,Transcription,4.86,3.2046841631806567e-06,8,1,Transcription(4.86x)
0x75577275,4,56,11.2,5.0,56,5,29,Transcription,4.86,0.0003692511691832579,5,1,Transcription(4.86x)
0x755772,3,50,10.0,5.0,50,9,21,Transcription,4.86,6.580883170314391e-07,9,1,Transcription(4.86x)
0xD55DC9D741,5,53,10.6,5.0,53,6,35,Transcription,4.86,7.591087417095647e-05,6,1,Transcription(4.86x)
0xD771581CB1,5,62,12.4,5.0,62,8,38,Transcription,4.86,3.2046841631806567e-06,8,1,Transcription(4.86x)
0x581CB11B91,5,143,28.6,5.0,143,9,88,Transcription,4.86,6.580883170314391e-07,9,1,Transcription(4.86x)
0x1CB11B9171,5,188,37.6,5.0,188,10,112,Transcription,4.86,1.3508959217719712e-07,10,1,Transcription(4.86x)
0x5DC9D741,4,56,11.2,5.0,56,5,34,Transcription,4.86,0.0003692511691832579,5,1,Transcription(4.86x)
0xD771581C,4,79,15.8,5.0,79,7,47,Transcription,4.86,1.5600019500226283e-05,7,1,Transcription(4.86x)
0x581CB11B,4,144,28.8,5.0,144,9,89,Transcription,4.86,6.580883170314391e-07,9,1,Transcription(4.86x)
0x65D77158,4,70,14.0,5.0,70,5,39,Transcription,4.86,0.0003692511691832579,5,1,Transcription(4.86x)
0x1CB11B91,4,154,30.8,5.0,154,7,92,Transcription,4.86,1.5600019500226283e-05,7,1,Transcription(4.86x)
0xC9D741,3,86,17.2,5.0,86,7,58,Transcription,4.86,1.5600019500226283e-05,7,1,Transcription(4.86x)
0x5810B1,3,88,17.6,5.0,88,7,51,Transcription,4.86,1.5600019500226283e-05,7,1,Transcription(4.86x)
0xD74158,3,78,15.6,5.0,78,8,51,Transcription,4.86,3.2046841631806567e-06,8,1,Transcription(4.86x)
0xA42E55,3,31,6.2,5.0,31,6,14,Transcription,4.86,7.591087417095647e-05,6,1,Transcription(4.86x)
0xB118617136,5,151,30.2,5.0,151,9,78,Transcription,4.86,6.580883170314391e-07,9,1,Transcription(4.86x)
0x0BD54D64DC,5,78,15.6,5.0,78,10,41,Transcription,4.37,5.36507684071962e-06,9,1,Transcription(4.37x)
0xD54D64DC99,5,81,16.2,5.0,81,10,43,Transcription,4.37,5.36507684071962e-06,9,1,Transcription(4.37x)
0x620BD54D64,5,75,15.0,5.0,75,9,39,Transcription,4.32,2.3577450932374392e-05,8,1,Transcription(4.32x)
0x0BD54D64,4,77,15.4,5.0,77,10,41,Transcription,4.37,5.36507684071962e-06,9,1,Transcription(4.37x)
0xD54D64DC,4,77,15.4,5.0,77,10,40,Transcription,4.37,5.36507684071962e-06,9,1,Transcription(4.37x)
0xC46185C4,4,26,5.2,5.0,26,5,20,Transcription,3.88,0.007500360578701421,4,1,Transcription(3.88x)
0x0BD44265,4,29,5.8,5.0,29,6,19,Transcription,4.86,7.591087417095647e-05,6,1,Transcription(4.86x)
0xD54D64,3,70,14.0,5.0,70,9,34,Transcription,4.86,6.580883170314391e-07,9,1,Transcription(4.86x)
0xC62E45C4DA,5,40,8.0,5.0,40,6,24,Transcription,4.86,7.591087417095647e-05,6,1,Transcription(4.86x)
0xC62E45C4,4,40,8.0,5.0,40,6,24,Transcription,4.86,7.591087417095647e-05,6,1,Transcription(4.86x)
0xD899A427,4,20,4.0,5.0,20,5,13,Transcription,4.86,0.0003692511691832579,5,1,Transcription(4.86x)
0xC62E45,3,39,7.8,5.0,39,6,24,Transcription,4.86,7.591087417095647e-05,6,1,Transcription(4.86x)
0xDC46E45C,4,39,7.8,5.0,39,6,13,Transcription,4.86,7.591087417095647e-05,6,1,Transcription(4.86x)
0xDC46E4,3,47,9.4,5.0,47,8,15,Transcription,4.86,3.2046841631806567e-06,8,1,Transcription(4.86x)
0x882F553593,5,91,18.2,5.0,91,9,47,Transcription,4.86,6.580883170314391e-07,9,1,Transcription(4.86x)
0x2F55359372,5,81,16.2,5.0,81,9,44,Transcription,4.86,6.580883170314391e-07,9,1,Transcription(4.86x)
0x5535937266,5,89,17.8,5.0,89,9,47,Transcription,4.86,6.580883170314391e-07,9,1,Transcription(4.86x)
0x3593726690,5,97,19.4,5.0,97,12,54,Transcription,4.86,5.686083533494969e-09,12,1,Transcription(4.86x)
0x2F553593,4,91,18.2,5.0,91,9,47,Transcription,4.86,6.580883170314391e-07,9,1,Transcription(4.86x)
0x937266909D,5,86,17.2,5.0,86,9,50,Transcription,4.86,6.580883170314391e-07,9,1,Transcription(4.86x)
0x7266909D55,5,72,14.4,5.0,72,6,38,Transcription,4.86,7.591087417095647e-05,6,1,Transcription(4.86x)
0x55359372,4,90,18.0,5.0,90,9,48,Transcription,4.86,6.580883170314391e-07,9,1,Transcription(4.86x)
0x35937266,4,100,20.0,5.0,100,12,57,Transcription,4.86,5.686083533494969e-09,12,1,Transcription(4.86x)
0x93726690,4,95,19.0,5.0,95,12,52,Transcription,4.86,5.686083533494969e-09,12,1,Transcription(4.86x)
0x9D55DC9D,4,24,4.8,5.0,24,5,18,Transcription,4.86,0.0003692511691832579,5,1,Transcription(4.86x)
0x359372,3,91,18.2,5.0,91,12,52,Transcription,4.86,5.686083533494969e-09,12,1,Transcription(4.86x)
0x937266,3,88,17.6,5.0,88,11,49,Transcription,4.86,2.7720322109269433e-08,11,1,Transcription(4.86x)
0x65DC99,3,31,6.2,5.0,31,6,11,Transcription,4.86,7.591087417095647e-05,6,1,Transcription(4.86x)
0xDC59842E55,5,23,4.6,5.0,23,5,18,Transcription,3.88,0.007500360578701421,4,1,Transcription(3.88x)
0x65DC59842E,5,23,4.6,5.0,23,5,18,Transcription,3.88,0.007500360578701421,4,1,Transcription(3.88x)
0xDA620BD442,5,30,6.0,5.0,30,7,20,Transcription,4.86,1.5600019500226283e-05,7,1,Transcription(4.86x)
0x620BD44265,5,29,5.8,5.0,29,6,19,Transcription,4.86,7.591087417095647e-05,6,1,Transcription(4.86x)
0x0BD44265DC,5,26,5.2,5.0,26,5,18,Transcription,4.86,0.0003692511691832579,5,1,Transcription(4.86x)
0xD44265DC59,5,28,5.6,5.0,28,5,20,Transcription,4.86,0.0003692511691832579,5,1,Transcription(4.86x)
0x620BD442,4,28,5.6,5.0,28,6,18,Transcription,4.86,7.591087417095647e-05,6,1,Transcription(4.86x)
0xB91713698B,5,23,4.6,5.0,23,5,16,Transcription,4.86,0.0003692511691832579,5,1,Transcription(4.86x)
0x1713698B9F,5,33,6.6,5.0,33,6,21,Transcription,4.86,7.591087417095647e-05,6,1,Transcription(4.86x)
0x1713698B,4,36,7.2,5.0,36,7,23,Transcription,4.86,1.5600019500226283e-05,7,1,Transcription(4.86x)
0x5977266909,5,46,9.2,5.0,46,6,23,Transcription,4.86,7.591087417095647e-05,6,1,Transcription(4.86x)
0x9C46E45C4D,5,46,9.2,5.0,46,8,21,Transcription,4.86,3.2046841631806567e-06,8,1,Transcription(4.86x)
0x59772669,4,44,8.8,5.0,44,6,22,Transcription,4.86,7.591087417095647e-05,6,1,Transcription(4.86x)
0x77266909,4,43,8.6,5.0,43,5,21,Transcription,4.86,0.0003692511691832579,5,1,Transcription(4.86x)
0x9C46E45C,4,51,10.2,5.0,51,9,23,Transcription,4.86,6.580883170314391e-07,9,1,Transcription(4.86x)
0xF62F62F6,4,20,4.0,5.0,20,10,15,Kinase,13.34,5.3007780691378005e-12,10,1,Kinase(13.34x)
0x62F62F62,4,21,4.2,5.0,21,9,14,Kinase,13.34,7.148850112647038e-11,9,1,Kinase(13.34x)
0x1E711B9171,5,56,11.2,5.0,56,5,32,Transcription,4.86,0.0003692511691832579,5,1,Transcription(4.86x)
0xD55DC9D75D,5,100,20.0,5.0,100,5,54,Transcription,4.86,0.0003692511691832579,5,1,Transcription(4.86x)
0x5810B11B91,5,95,19.0,5.0,95,7,52,Transcription,4.86,1.5600019500226283e-05,7,1,Transcription(4.86x)
0xD75D581C,4,102,20.4,5.0,102,5,56,Transcription,4.86,0.0003692511691832579,5,1,Transcription(4.86x)
0x5810B11B,4,91,18.2,5.0,91,7,47,Transcription,4.86,1.5600019500226283e-05,7,1,Transcription(4.86x)
0x6909D55D59,5,65,13.0,5.0,65,7,37,Transcription,4.86,1.5600019500226283e-05,7,1,Transcription(4.86x)
0x09D55D59,4,65,13.0,5.0,65,7,37,Transcription,4.86,1.5600019500226283e-05,7,1,Transcription(4.86x)
0xC9D74158,4,64,12.8,5.0,64,6,42,Transcription,4.86,7.591087417095647e-05,6,1,Transcription(4.86x)
0x556826BD95,5,20,4.0,5.0,20,8,9,Kinase,13.34,9.629704299025582e-10,8,1,Kinase(13.34x)
0x556826BD,4,23,4.6,5.0,23,8,9,Kinase,13.34,9.629704299025582e-10,8,1,Kinase(13.34x)
0x556826,3,23,4.6,5.0,23,8,9,Kinase,13.34,9.629704299025582e-10,8,1,Kinase(13.34x)
0xD55D59,3,65,13.0,5.0,65,5,36,Transcription,4.86,0.0003692511691832579,5,1,Transcription(4.86x)
0xDC46E45C4D,5,36,7.2,5.0,36,5,12,Transcription,4.86,0.0003692511691832579,5,1,Transcription(4.86x)
0xDE5DE6,3,24,4.8,5.0,24,6,9,Unclassified,0,1.0,0,0,
0x56072C4618,5,28,5.6,5.0,28,5,14,Transcription,4.86,0.0003692511691832579,5,1,Transcription(4.86x)
0x072C46185C,5,29,5.8,5.0,29,5,15,Transcription,4.86,0.0003692511691832579,5,1,Transcription(4.86x)
0x2C46185C4D,5,41,8.2,5.0,41,6,25,Transcription,4.86,7.591087417095647e-05,6,1,Transcription(4.86x)
0x079C46E45C,5,20,4.0,5.0,20,5,11,Transcription,4.86,0.0003692511691832579,5,1,Transcription(4.86x)
0xC99A427557,5,118,23.6,5.0,118,12,61,Transcription,4.86,5.686083533494969e-09,12,1,Transcription(4.86x)
0x56079C46E4,5,20,4.0,5.0,20,5,11,Transcription,4.86,0.0003692511691832579,5,1,Transcription(4.86x)
0x2C46185C,4,40,8.0,5.0,40,5,24,Transcription,4.86,0.0003692511691832579,5,1,Transcription(4.86x)
0x072C4618,4,28,5.6,5.0,28,5,14,Transcription,4.86,0.0003692511691832579,5,1,Transcription(4.86x)
0x56079C46,4,32,6.4,5.0,32,6,15,Transcription,4.86,7.591087417095647e-05,6,1,Transcription(4.86x)
0x079C46E4,4,20,4.0,5.0,20,5,11,Transcription,4.86,0.0003692511691832579,5,1,Transcription(4.86x)
0x42755756,4,26,5.2,5.0,26,5,13,Transcription,4.86,0.0003692511691832579,5,1,Transcription(4.86x)
0x9C46E4,3,28,5.6,5.0,28,6,16,Transcription,4.86,7.591087417095647e-05,6,1,Transcription(4.86x)
0xBD8BD8,3,34,6.8,5.0,34,13,21,Kinase,12.32,3.517634544524017e-13,12,1,Kinase(12.32x)
0x1C46E45C4D,5,75,15.0,5.0,75,5,37,Transcription,4.86,0.0003692511691832579,5,1,Transcription(4.86x)
0xC99A427550,5,104,20.8,5.0,104,11,56,Transcription,4.86,2.7720322109269433e-08,11,1,Transcription(4.86x)
0x6690A9,3,20,4.0,5.0,20,7,15,Transcription,4.86,1.5600019500226283e-05,7,1,Transcription(4.86x)
0x166909D5,4,37,7.4,5.0,37,6,12,Transcription,4.86,7.591087417095647e-05,6,1,Transcription(4.86x)
0xB266909D54,5,35,7.0,5.0,35,5,16,Transcription,4.86,0.0003692511691832579,5,1,Transcription(4.86x)
0x6266909D54,5,28,5.6,5.0,28,6,17,Transcription,4.86,7.591087417095647e-05,6,1,Transcription(4.86x)
0x75DC5607,4,42,8.4,5.0,42,5,23,Transcription,4.86,0.0003692511691832579,5,1,Transcription(4.86x)
0x9CB266909D,5,43,8.6,5.0,43,6,23,Transcription,4.86,7.591087417095647e-05,6,1,Transcription(4.86x)
0x13698B9F51,5,27,5.4,5.0,27,6,18,Transcription,4.86,7.591087417095647e-05,6,1,Transcription(4.86x)
0x69F4DA,3,36,7.2,5.0,36,6,7,Structural,51.91,4.746637629519053e-11,6,1,Structural(51.91x)
0xDA6236,3,52,10.4,5.0,52,5,11,Structural,20.76,0.003553992191532946,2,1,Structural(20.76x)
